subject,slug,name,topic,material_count,tier,note
CHEMISTRY,自然资源的开发利用,自然资源的开发利用,化学必修第二册·第八章·化学与可持续发展·自然资源的开发利用,0,zero,化学必修第二册第八章，块池无对应知识块（只有真题）；待从该章讲义或教材正文补一条材料
BIOLOGY,DNA分子中碱基数量关系,DNA分子中碱基数量关系,BIOLOGY·综合·综合·综合,1,thin,
BIOLOGY,DNA分子的多样性与特异性,DNA分子的多样性与特异性,生物学必修2·第五六章·变异与进化,1,thin,
BIOLOGY,H和ATP的来源与去向,H和ATP的来源与去向,生物学必修1·第五章·酶与ATP,1,thin,
BIOLOGY,NTP与dNTP家族,NTP与dNTP家族,BIOLOGY·综合·综合·综合,1,thin,
BIOLOGY,RNA的结构、种类与功能,RNA的结构、种类与功能,BIOLOGY·综合·综合·综合,1,thin,
BIOLOGY,λ曲线分析,λ曲线分析,BIOLOGY·综合·综合·综合,1,thin,
BIOLOGY,下丘脑在稳态调节中的作用,下丘脑在稳态调节中的作用,生物学选择性必修1·第一章·内环境与稳态,1,thin,
BIOLOGY,下丘脑的功能,下丘脑的功能,BIOLOGY·综合·综合·综合,1,thin,
BIOLOGY,交配类型的辨析及应用,交配类型的辨析及应用,BIOLOGY·综合·综合·综合,1,thin,
BIOLOGY,人工异花传粉的操作流程,人工异花传粉的操作流程,BIOLOGY·综合·综合·综合,1,thin,
BIOLOGY,人类基因组测序,人类基因组测序,生物学必修2·第一章第二节·遗传的基本规律,1,thin,
BIOLOGY,从性遗传,从性遗传,生物学必修2·第一章第二节·遗传的基本规律,1,thin,
BIOLOGY,从性遗传与限性遗传,从性遗传与限性遗传,生物学必修2·第一章第二节·遗传的基本规律,1,thin,
BIOLOGY,光合作用与化能合成作用的比较,光合作用与化能合成作用的比较,生物学必修1·第五章第四节·光合作用,1,thin,
BIOLOGY,光合作用与细胞呼吸“关键点”的移动,光合作用与细胞呼吸“关键点”的移动,生物学必修1·第五章第三节·细胞呼吸,1,thin,
BIOLOGY,光系统与电子传递链,光系统与电子传递链,BIOLOGY·综合·综合·综合,1,thin,
BIOLOGY,共同进化,共同进化,生物学必修2·第五六章·变异与进化,1,thin,
BIOLOGY,内环境失衡与人体健康,内环境失衡与人体健康,生物学选择性必修1·第一章·内环境与稳态,1,thin,
BIOLOGY,内环境的理化性质,内环境的理化性质,生物学选择性必修1·第一章·内环境与稳态,1,thin,
BIOLOGY,几丁质,几丁质,BIOLOGY·综合·综合·综合,1,thin,
BIOLOGY,分子标记与基因定位流程,分子标记与基因定位流程,生物学必修2·第一章第二节·遗传的基本规律,1,thin,
BIOLOGY,分子标记辅助育种,分子标记辅助育种,生物学选择性必修3·生物技术与工程·基因工程的基本操作程序,1,thin,
BIOLOGY,分泌蛋白的分选（信号肽假说）,分泌蛋白的分选（信号肽假说）,BIOLOGY·综合·综合·综合,1,thin,
BIOLOGY,化学键与分子间作用力,化学键与分子间作用力,BIOLOGY·综合·综合·综合,1,thin,
BIOLOGY,反推法（代入法）解选择题,反推法（代入法）解选择题,BIOLOGY·综合·综合·综合,1,thin,
BIOLOGY,启动子与终止子的辨析,启动子与终止子的辨析,生物学选择性必修3·生物技术与工程·基因工程的基本操作程序,1,thin,
BIOLOGY,四大类生物学物质辨析,四大类生物学物质辨析,生物学必修1·第二章·细胞的分子组成,1,thin,
BIOLOGY,外源基因整合位置的判断,外源基因整合位置的判断,生物学必修2·第一章第二节·遗传的基本规律,1,thin,
BIOLOGY,姐妹染色单体上等位基因来源的判断,姐妹染色单体上等位基因来源的判断,生物学必修2·第一章第二节·遗传的基本规律,1,thin,
BIOLOGY,密度制约因素与非密度制约因素,密度制约因素与非密度制约因素,生物学选择性必修2·第一二章·种群与群落,1,thin,
BIOLOGY,常见遗传实验材料及其优点,常见遗传实验材料及其优点,生物学必修2·第一章第二节·遗传的基本规律,1,thin,
BIOLOGY,干细胞,干细胞,生物学必修1·第六章·细胞的生命历程,1,thin,
BIOLOGY,影响物质跨膜运输的因素,影响物质跨膜运输的因素,生物学必修1·第四章·物质的输入与输出,1,thin,
BIOLOGY,影响物质跨膜运输速率的因素,影响物质跨膜运输速率的因素,生物学必修1·第四章·物质的输入与输出,1,thin,
BIOLOGY,性染色体的传递规律,性染色体的传递规律,生物学必修2·第五六章·变异与进化,1,thin,
BIOLOGY,探究物质跨膜运输方式的实验设计,探究物质跨膜运输方式的实验设计,生物学必修1·第四章·物质的输入与输出,1,thin,
BIOLOGY,教材文字迁移类长句题,教材文字迁移类长句题,BIOLOGY·综合·综合·综合,1,thin,
BIOLOGY,数列与排列组合在遗传计算中的应用,数列与排列组合在遗传计算中的应用,BIOLOGY·综合·综合·综合,1,thin,
BIOLOGY,构图法分析复杂文字信息题,构图法分析复杂文字信息题,BIOLOGY·综合·综合·综合,1,thin,
BIOLOGY,果蝇作为遗传学实验材料的优点,果蝇作为遗传学实验材料的优点,生物学必修2·第一章第二节·遗传的基本规律,1,thin,
BIOLOGY,核质互作雄性不育与三系法育种,核质互作雄性不育与三系法育种,BIOLOGY·综合·综合·综合,1,thin,
BIOLOGY,核酸与蛋白质的关系,核酸与蛋白质的关系,生物学必修1·第二章·细胞的分子组成,1,thin,
BIOLOGY,核酸是遗传信息的携带者,核酸是遗传信息的携带者,生物学必修1·第二章·细胞的分子组成,1,thin,
BIOLOGY,概率与统计在生物学中的应用,概率与统计在生物学中的应用,BIOLOGY·综合·综合·综合,1,thin,
BIOLOGY,母性效应与表型模拟,母性效应与表型模拟,BIOLOGY·综合·综合·综合,1,thin,
BIOLOGY,气孔开闭的调节因素,气孔开闭的调节因素,BIOLOGY·综合·综合·综合,1,thin,
BIOLOGY,氧化还原反应与细胞代谢,氧化还原反应与细胞代谢,BIOLOGY·综合·综合·综合,1,thin,
BIOLOGY,测定光合速率与呼吸速率的常用方法,测定光合速率与呼吸速率的常用方法,生物学必修1·第五章第三节·细胞呼吸,1,thin,
BIOLOGY,物质跨膜运输方式的比较,物质跨膜运输方式的比较,生物学必修1·第四章·物质的输入与输出,1,thin,
BIOLOGY,环境条件突变时C3与C5的变化,环境条件突变时C3与C5的变化,生物学必修2·第五六章·变异与进化,1,thin,
BIOLOGY,生命活动调节实验的设计要点,生命活动调节实验的设计要点,BIOLOGY·综合·综合·综合,1,thin,
BIOLOGY,生命活动调节方式的三种模型,生命活动调节方式的三种模型,BIOLOGY·综合·综合·综合,1,thin,
BIOLOGY,生物分子中的酯与芳香族化合物,生物分子中的酯与芳香族化合物,BIOLOGY·综合·综合·综合,1,thin,
BIOLOGY,生物变异的类型,生物变异的类型,生物学必修2·第五六章·变异与进化,1,thin,
BIOLOGY,生物模型的类型,生物模型的类型,BIOLOGY·综合·综合·综合,1,thin,
BIOLOGY,目的基因的检测与鉴定,目的基因的检测与鉴定,生物学必修2·第一章第二节·遗传的基本规律,1,thin,
BIOLOGY,种子萌发过程中有机物的变化,种子萌发过程中有机物的变化,BIOLOGY·综合·综合·综合,1,thin,
BIOLOGY,种群研究的应用,种群研究的应用,生物学选择性必修2·第一二章·种群与群落,1,thin,
BIOLOGY,端粒与端粒酶,端粒与端粒酶,生物学必修1·第五章·酶与ATP,1,thin,
BIOLOGY,类囊体,类囊体,生物学必修1·第五章第四节·光合作用,1,thin,
BIOLOGY,糖与脂质的转化,糖与脂质的转化,生物学必修1·第二章·细胞的分子组成,1,thin,
BIOLOGY,线粒体和叶绿体的内共生起源学说,线粒体和叶绿体的内共生起源学说,生物学必修1·第三章·细胞结构,1,thin,
BIOLOGY,线粒体遗传的阈值效应,线粒体遗传的阈值效应,生物学必修2·第一章第二节·遗传的基本规律,1,thin,
BIOLOGY,组织水肿的成因,组织水肿的成因,生物学必修1·第二章·细胞的分子组成,1,thin,
BIOLOGY,细胞不能无限长大的原因,细胞不能无限长大的原因,BIOLOGY·综合·综合·综合,1,thin,
BIOLOGY,细胞分裂图像的三看法判别,细胞分裂图像的三看法判别,生物学必修1·第六章·细胞的生命历程,1,thin,
BIOLOGY,细胞呼吸的易错辨析,细胞呼吸的易错辨析,生物学必修1·第五章第三节·细胞呼吸,1,thin,
BIOLOGY,细胞坏死与细胞自噬,细胞坏死与细胞自噬,BIOLOGY·综合·综合·综合,1,thin,
BIOLOGY,细胞自噬,细胞自噬,BIOLOGY·综合·综合·综合,1,thin,
BIOLOGY,自身免疫病与免疫缺陷病,自身免疫病与免疫缺陷病,生物学选择性必修1·第四章·免疫调节,1,thin,
BIOLOGY,艾滋病（HIV）,艾滋病（HIV）,BIOLOGY·综合·综合·综合,1,thin,
BIOLOGY,荧光标记技术与原位杂交定位技术,荧光标记技术与原位杂交定位技术,BIOLOGY·综合·综合·综合,1,thin,
BIOLOGY,蛋白质的盐析变性与水解的辨析,蛋白质的盐析变性与水解的辨析,生物学必修1·第二章·细胞的分子组成,1,thin,
BIOLOGY,蛋白质的磷酸化与去磷酸化,蛋白质的磷酸化与去磷酸化,生物学必修1·第二章·细胞的分子组成,1,thin,
BIOLOGY,表型与基因型的关系,表型与基因型的关系,生物学必修2·第一章第二节·遗传的基本规律,1,thin,
BIOLOGY,调查人群中的遗传病,调查人群中的遗传病,生物学必修2·第一章第二节·遗传的基本规律,1,thin,
BIOLOGY,过敏反应,过敏反应,生物学选择性必修1·第四章·免疫调节,1,thin,
BIOLOGY,连锁与互换,连锁与互换,生物学必修2·第一章第二节·遗传的基本规律,1,thin,
BIOLOGY,连锁互换问题的配子分析,连锁互换问题的配子分析,生物学必修2·第一章第二节·遗传的基本规律,1,thin,
BIOLOGY,通道蛋白与载体蛋白的辨析,通道蛋白与载体蛋白的辨析,生物学必修1·第四章·物质的输入与输出,1,thin,
BIOLOGY,遗传学基本概念与符号,遗传学基本概念与符号,生物学必修2·第一章第二节·遗传的基本规律,1,thin,
BIOLOGY,遗传病的检测与预防,遗传病的检测与预防,生物学必修2·第一章第二节·遗传的基本规律,1,thin,
BIOLOGY,遗传病的检测和预防,遗传病的检测和预防,生物学必修2·第一章第二节·遗传的基本规律,1,thin,
BIOLOGY,遗传系谱图的符号与书写规范,遗传系谱图的符号与书写规范,生物学必修2·第一章第二节·遗传的基本规律,1,thin,
BIOLOGY,酶的两种抑制机理,酶的两种抑制机理,生物学必修1·第五章·酶与ATP,1,thin,
BIOLOGY,铁死亡,铁死亡,BIOLOGY·综合·综合·综合,1,thin,
BIOLOGY,长句应答题的作答方法,长句应答题的作答方法,BIOLOGY·综合·综合·综合,1,thin,
BIOLOGY,雄性不育与自交不亲和,雄性不育与自交不亲和,BIOLOGY·综合·综合·综合,1,thin,
BIOLOGY,雄性不育的类型,雄性不育的类型,BIOLOGY·综合·综合·综合,1,thin,
BIOLOGY,食物网,食物网,生物学选择性必修2·第三章·生态系统,1,thin,
CHEMISTRY,1-根据的结构特征-预测其可能的化学性质,由官能团预测反应类型,化学必修第二册·第七章·有机化合物,1,thin,
CHEMISTRY,4-溴甲基-1-环己烯的一种合成路线如下,4-溴甲基-1-环己烯的一种合成路线如下：,化学必修第二册·第七章·有机化合物,1,thin,
CHEMISTRY,Al(OH)3沉淀量的计算,Al(OH)3沉淀量的计算,CHEMISTRY·综合·综合·综合,1,thin,
CHEMISTRY,AlCl3的结构与性质,AlCl3的结构与性质,CHEMISTRY·综合·综合·综合,1,thin,
CHEMISTRY,d2o-h-h-d-h-t-h-三者中的中子数不同,核素与同位素,化学必修第一册·第一章·物质分类与转化,1,thin,
CHEMISTRY,na22,过氧化钠的强氧化性与还原性,化学必修第一册·第二章·钠及其化合物,1,thin,
CHEMISTRY,δh与反应的-可逆性,ΔH与反应的“可逆性”,化学必修第二册·第六章·化学反应与能量,1,thin,
CHEMISTRY,一器多用与多器一用,一器多用与多器一用,CHEMISTRY·综合·综合·综合,1,thin,
CHEMISTRY,一种2-甲基色酮内酯-y-可通过下列反应合成,黄鸣龙还原法,化学选择性必修3·有机化学基础·有机合成,1,thin,
CHEMISTRY,一种新型煤气化燃烧集成制氢发生的主要反应如下,一种新型煤气化燃烧集成制氢发生的主要反应如下：,化学必修第二册·第六章·化学反应与能量,1,thin,
CHEMISTRY,一种药物中间体-h-的合成路线如下,一种药物中间体(H)的合成路线如下：,化学必修第二册·第七章·有机化合物,1,thin,
CHEMISTRY,三类漂白剂的区别,三类漂白剂的区别,化学必修第一册·第二章·氯及其化合物,1,thin,
CHEMISTRY,不另加试剂鉴别的两种方法,不另加试剂鉴别的两种方法,CHEMISTRY·综合·实验与方案设计·实验分析,1,thin,
CHEMISTRY,中和滴定的误差分析方法,中和滴定的误差分析方法,化学选择性必修1·第三章·水溶液中的离子平衡,1,thin,
CHEMISTRY,中国古代的冶金化学,中国古代的冶金化学,CHEMISTRY·综合·综合·综合,1,thin,
CHEMISTRY,中国古代的酿酒工艺,中国古代的酿酒工艺,CHEMISTRY·综合·综合·综合,1,thin,
CHEMISTRY,串联类电化学装置的分析,串联类电化学装置的分析,化学选择性必修1·第四章·电化学,1,thin,
CHEMISTRY,为化学作出贡献的科学家与重大成就,为化学作出贡献的科学家与重大成就,CHEMISTRY·综合·综合·综合,1,thin,
CHEMISTRY,主要依据,主要依据,化学必修第二册·第六章·化学反应与能量,1,thin,
CHEMISTRY,主要方法,反应热的计算方法,化学必修第二册·第六章·化学反应与能量,1,thin,
CHEMISTRY,乙烯是石油化工最基本的原料之一,乙烯是石油化工最基本的原料之一。,化学必修第二册·第六章·化学反应与能量,1,thin,
CHEMISTRY,乙酰水杨酸的实验室制备,乙酰水杨酸的实验室制备,CHEMISTRY·综合·实验与方案设计·实验分析,1,thin,
CHEMISTRY,乙酸,乙酸,化学必修第二册·第七章·有机化合物·乙醇与乙酸,1,thin,
CHEMISTRY,乙醇,乙醇,化学必修第二册·第七章·有机化合物·乙醇与乙酸,1,thin,
CHEMISTRY,二氧化氮,二氧化氮,化学必修第二册·第五章·硫氮及其化合物,1,thin,
CHEMISTRY,二氧化硫的实验室制法与SO2和CO2的鉴别,二氧化硫的实验室制法与SO2和CO2的鉴别,化学必修第二册·第五章·硫氮及其化合物,1,thin,
CHEMISTRY,二氧化碳与盐溶液的反应,二氧化碳与盐溶液的反应,CHEMISTRY·综合·综合·综合,1,thin,
CHEMISTRY,二氧化碳与碱反应图像题的解题步骤,二氧化碳与碱反应图像题的解题步骤,CHEMISTRY·综合·综合·综合,1,thin,
CHEMISTRY,二氧化碳与碱反应的产物判断,二氧化碳与碱反应的产物判断,CHEMISTRY·综合·综合·综合,1,thin,
CHEMISTRY,亚硫酸及亚硫酸盐的性质,亚硫酸及亚硫酸盐的性质,化学必修第二册·第五章·硫氮及其化合物,1,thin,
CHEMISTRY,产率的计算,产率的计算,化学必修第二册·第六章·化学反应与能量,1,thin,
CHEMISTRY,产率计算与误差分析,产率计算与误差分析,化学必修第二册·第六章·化学反应与能量,1,thin,
CHEMISTRY,从-定性-和-定量-两个角度理解电离平衡,从“定性”和“定量”两个角度理解电离平衡,化学选择性必修1·第三章·水溶液中的离子平衡·电离平衡,1,thin,
CHEMISTRY,从溶液中获取晶体的方法,从溶液中获取晶体的方法,CHEMISTRY·综合·综合·综合,1,thin,
CHEMISTRY,以fe3o4为原料炼铁-主要发生如下反应,Fe3O4与稀硝酸、氢碘酸的反应,化学必修第二册·第六章·化学反应与能量,1,thin,
CHEMISTRY,仪器的安装与连接顺序,仪器的安装与连接顺序,CHEMISTRY·综合·实验与方案设计·实验分析,1,thin,
CHEMISTRY,仪器的洗涤,仪器的洗涤,CHEMISTRY·综合·实验与方案设计·实验分析,1,thin,
CHEMISTRY,仪器的洗涤与洗净标准,仪器的洗涤与洗净标准,CHEMISTRY·综合·实验与方案设计·实验分析,1,thin,
CHEMISTRY,仪器的连接与组装原则,仪器的连接与组装原则,CHEMISTRY·综合·实验与方案设计·实验分析,1,thin,
CHEMISTRY,价态规律及其应用,价态规律及其应用,CHEMISTRY·综合·综合·综合,1,thin,
CHEMISTRY,传统文化类试题的解题三步曲,传统文化类试题的解题三步曲,CHEMISTRY·综合·综合·综合,1,thin,
CHEMISTRY,传统文化类试题的解题方法,传统文化类试题的解题方法,CHEMISTRY·综合·综合·综合,1,thin,
CHEMISTRY,依据元素及其化合物性质推断元素,依据元素及其化合物性质推断元素,CHEMISTRY·综合·综合·综合,1,thin,
CHEMISTRY,依据化学方程式的计算,依据化学方程式的计算,CHEMISTRY·综合·综合·综合,1,thin,
CHEMISTRY,信息型氧化还原方程式的书写,信息型氧化还原方程式的书写,化学必修第一册·第一章·离子反应与氧化还原,1,thin,
CHEMISTRY,元素推断的常用方法,元素推断的常用方法,化学必修第一册·第四章·物质结构元素周期律,1,thin,
CHEMISTRY,先后规律及其应用,先后规律及其应用,CHEMISTRY·综合·综合·综合,1,thin,
CHEMISTRY,六种盐溶液蒸干后产物的判断,六种盐溶液蒸干后产物的判断,化学选择性必修1·第三章·水溶液中的离子平衡,1,thin,
CHEMISTRY,六种表示物质变化的方程式,六种表示物质变化的方程式,CHEMISTRY·综合·综合·综合,1,thin,
CHEMISTRY,写出除去下列固体粉末中混有杂质-括号内为杂质-可采取的方法-写出有关反应的方程式,固体混合物的除杂方法,化学必修第二册·第五章第三节·无机非金属材料·反应热的计算,1,thin,
CHEMISTRY,分子-离子-的空间结构判断易混易错点,分子（离子）的空间结构判断易混易错点,化学必修第二册·第六章·化学反应与能量,1,thin,
CHEMISTRY,分子的手性与对映异构体,分子的手性与对映异构体,化学选择性必修2·物质结构与性质·分子的空间结构,1,thin,
CHEMISTRY,分子的手性与手性碳原子,分子的手性与手性碳原子,化学选择性必修2·物质结构与性质·分子的空间结构,1,thin,
CHEMISTRY,分子空间构型,分子空间构型,化学必修第二册·第六章·化学反应与能量,1,thin,
CHEMISTRY,分析图像书写热化学方程式,分析图像书写热化学方程式。,化学必修第二册·第六章·化学反应与能量,1,thin,
CHEMISTRY,分步法书写陌生非氧化还原方程式,分步法书写陌生非氧化还原方程式,化学必修第一册·第一章·离子反应与氧化还原,1,thin,
CHEMISTRY,分液漏斗的使用,分液漏斗的使用,CHEMISTRY·综合·实验与方案设计·实验分析,1,thin,
CHEMISTRY,分阶段电解的计算与溶液复原,分阶段电解的计算与溶液复原,化学选择性必修1·第四章·电化学,1,thin,
CHEMISTRY,分阶段电解的计算技巧,分阶段电解的计算技巧,化学选择性必修1·第四章·电化学,1,thin,
CHEMISTRY,利用平衡移动原理解释问题的思维模板,利用平衡移动原理解释问题的思维模板,化学选择性必修1·第二章·化学平衡,1,thin,
CHEMISTRY,利用平衡移动原理解释问题的答题模板,利用平衡移动原理解释问题的答题模板,化学选择性必修1·第二章·化学平衡,1,thin,
CHEMISTRY,制作一个氢氧燃料电池,制作一个氢氧燃料电池。,化学必修第一册·第三章·铁与金属材料,1,thin,
CHEMISTRY,制备原料,制备原料,化学必修第一册·第二章·钠及其化合物,1,thin,
CHEMISTRY,化合态,化合态,化学必修第一册·第一章·物质分类与转化,1,thin,
CHEMISTRY,化学与医药的常考常识,化学与医药的常考常识,CHEMISTRY·综合·综合·综合,1,thin,
CHEMISTRY,化学与技术中的重要应用,化学与技术中的重要应用,化学必修第二册·第八章·化学与可持续发展,1,thin,
CHEMISTRY,化学与材料的分类,化学与材料的分类,化学必修第二册·第八章·化学与可持续发展,1,thin,
CHEMISTRY,化学与环境问题,化学与环境问题,化学必修第二册·第八章·化学与可持续发展,1,thin,
CHEMISTRY,化学与营养及常见的食品添加剂,化学与营养及常见的食品添加剂,CHEMISTRY·综合·综合·综合,1,thin,
CHEMISTRY,化学反应方向的传统判断方法,化学反应方向的传统判断方法,CHEMISTRY·综合·综合·综合,1,thin,
CHEMISTRY,化学反应条件的控制,化学反应条件的控制,CHEMISTRY·综合·综合·综合,1,thin,
CHEMISTRY,化学基本概念题的解题策略,化学基本概念题的解题策略,CHEMISTRY·综合·综合·综合,1,thin,
CHEMISTRY,化学实验中的先后顺序规则,化学实验中的先后顺序规则,CHEMISTRY·综合·实验与方案设计·实验分析,1,thin,
CHEMISTRY,化学实验中的温度控制,化学实验中的温度控制,CHEMISTRY·综合·实验与方案设计·实验分析,1,thin,
CHEMISTRY,化学实验中的防火防爆与防暴沸,化学实验中的防火防爆与防暴沸,CHEMISTRY·综合·实验与方案设计·实验分析,1,thin,
CHEMISTRY,化学实验基本操作中的八个不能,化学实验基本操作中的八个不能,CHEMISTRY·综合·实验与方案设计·实验分析,1,thin,
CHEMISTRY,化学实验基本操作禁忌,化学实验基本操作禁忌,CHEMISTRY·综合·实验与方案设计·实验分析,1,thin,
CHEMISTRY,化学实验基本操作规范,化学实验基本操作规范,CHEMISTRY·综合·实验与方案设计·实验分析,1,thin,
CHEMISTRY,化学实验安全与事故处理,化学实验安全与事故处理,CHEMISTRY·综合·实验与方案设计·实验分析,1,thin,
CHEMISTRY,化学实验安全与试剂保存,化学实验安全与试剂保存,CHEMISTRY·综合·实验与方案设计·实验分析,1,thin,
CHEMISTRY,化学实验装置的连接与操作顺序,化学实验装置的连接与操作顺序,CHEMISTRY·综合·实验与方案设计·实验分析,1,thin,
CHEMISTRY,化学平衡,化学平衡,化学选择性必修1·第二章·化学平衡,1,thin,
CHEMISTRY,化学平衡计算的三段式法,化学平衡计算的三段式法,化学选择性必修1·第二章·化学平衡,1,thin,
CHEMISTRY,化学方程式中的定量关系,化学方程式中的定量关系,CHEMISTRY·综合·综合·综合,1,thin,
CHEMISTRY,化学用语中的六式,化学用语中的六式,CHEMISTRY·综合·综合·综合,1,thin,
CHEMISTRY,化学用语书写规范,化学用语书写规范,CHEMISTRY·综合·综合·综合,1,thin,
CHEMISTRY,化学电源的优点与优劣判断,化学电源的优点与优劣判断,CHEMISTRY·综合·综合·综合,1,thin,
CHEMISTRY,化学计算中的关系式法,化学计算中的关系式法,CHEMISTRY·综合·综合·综合,1,thin,
CHEMISTRY,化学计算中的守恒法,化学计算中的守恒法,CHEMISTRY·综合·综合·综合,1,thin,
CHEMISTRY,化学计算的常用方法,化学计算的常用方法,CHEMISTRY·综合·综合·综合,1,thin,
CHEMISTRY,化学试剂的存放规则,化学试剂的存放规则,CHEMISTRY·综合·实验与方案设计·实验分析,1,thin,
CHEMISTRY,单质,单质,化学必修第一册·第一章·物质分类与转化,1,thin,
CHEMISTRY,卤代烃的用途与危害,卤代烃的用途与危害,化学选择性必修3·有机化学基础·卤代烃,1,thin,
CHEMISTRY,卤素互化物与拟卤素解题模板,卤素互化物与拟卤素解题模板,CHEMISTRY·综合·综合·综合,1,thin,
CHEMISTRY,卤素单质氧化性强弱的比较实验,卤素单质氧化性强弱的比较实验,CHEMISTRY·综合·实验与方案设计·实验分析,1,thin,
CHEMISTRY,原子分数坐标,原子分数坐标,CHEMISTRY·综合·综合·综合,1,thin,
CHEMISTRY,原子分数坐标与晶胞投影图,原子分数坐标与晶胞投影图,CHEMISTRY·综合·综合·综合,1,thin,
CHEMISTRY,原子经济性,原子经济性,化学必修第二册·第五章·硫氮及其化合物,1,thin,
CHEMISTRY,反应热的五种计算方法,反应热的五种计算方法,化学选择性必修1·第一章·反应热与能量,1,thin,
CHEMISTRY,反应热的规范表述,反应热的规范表述,化学选择性必修1·第一章·反应热与能量,1,thin,
CHEMISTRY,各种硅酸的结构,各种硅酸的结构,化学必修第二册·第五章第三节·无机非金属材料,1,thin,
CHEMISTRY,各类物质的化学通性,各类物质的化学通性,化学必修第一册·第一章·物质分类与转化,1,thin,
CHEMISTRY,合成高分子,合成高分子,化学选择性必修3·有机化学基础·合成高分子的基本方法,1,thin,
CHEMISTRY,同位素示踪法研究酯水解断键,同位素示踪法研究酯水解断键,化学选择性必修1·第三章·水溶液中的离子平衡,1,thin,
CHEMISTRY,含氧酸及其酸性比较,含氧酸及其酸性比较,化学必修第一册·第四章·物质结构元素周期律,1,thin,
CHEMISTRY,含氯化合物制备原料转化路径,含氯化合物制备原料转化路径,化学必修第一册·第二章·氯及其化合物,1,thin,
CHEMISTRY,含氯物质的制备与转化路径,含氯物质的制备与转化路径,化学必修第一册·第二章·氯及其化合物,1,thin,
CHEMISTRY,吸收氨气-或hcl-时要注意防止倒吸,吸收氨气(或HCl)时要注意防止倒吸。,化学必修第二册·第五章·硫氮及其化合物,1,thin,
CHEMISTRY,吸热反应,吸热反应,化学必修第二册·第六章·化学反应与能量,1,thin,
CHEMISTRY,商余法确定烃的分子式,商余法确定烃的分子式,化学必修第二册·第七章·有机化合物,1,thin,
CHEMISTRY,固体和气体的溶解度,固体和气体的溶解度,CHEMISTRY·综合·实验与方案设计·实验分析,1,thin,
CHEMISTRY,在一定温度下-已知以下三个反应的平衡常数,平衡常数之间的关系,化学必修第二册·第六章·化学反应与能量,1,thin,
CHEMISTRY,基于-两性-类比推测be-zn及其化合物的性质,基于“两性”类比推测Be、Zn及其化合物的性质,铝及其化合物,1,thin,
CHEMISTRY,基本营养物质,基本营养物质,化学必修第二册·第七章·有机化合物·基本营养物质,1,thin,
CHEMISTRY,多官能团有机物与试剂的定量关系,多官能团有机物与试剂的定量关系,化学必修第二册·第七章·有机化合物,1,thin,
CHEMISTRY,多池串联装置,多池串联装置,CHEMISTRY·综合·实验与方案设计·实验分析,1,thin,
CHEMISTRY,多液电池的分析方法,多液电池的分析方法,化学选择性必修1·第四章·电化学,1,thin,
CHEMISTRY,多重反应离子方程式的书写,多重反应离子方程式的书写,化学必修第一册·第一章·离子反应与氧化还原,1,thin,
CHEMISTRY,守恒法在化学计算中的应用,守恒法在化学计算中的应用,CHEMISTRY·综合·综合·综合,1,thin,
CHEMISTRY,定量实验数据的处理策略,定量实验数据的处理策略,CHEMISTRY·综合·实验与方案设计·实验分析,1,thin,
CHEMISTRY,定量实验的数据采集与处理,定量实验的数据采集与处理,CHEMISTRY·综合·实验与方案设计·实验分析,1,thin,
CHEMISTRY,定量测定型综合实验,定量测定型综合实验,CHEMISTRY·综合·实验与方案设计·实验分析,1,thin,
CHEMISTRY,实验中的排空操作,实验中的排空操作,CHEMISTRY·综合·实验与方案设计·实验分析,1,thin,
CHEMISTRY,实验原理,实验原理,化学选择性必修1·第三章·水溶液中的离子平衡,1,thin,
CHEMISTRY,实验室制取氯气的其他方法,实验室制取氯气的其他方法,化学必修第一册·第二章·氯及其化合物,1,thin,
CHEMISTRY,实验室制备高铁酸钾-k2feo4-并探究其性质,实验室制备高铁酸钾(K2FeO4)并探究其性质。,化学选择性必修1·第一章·反应热与能量,1,thin,
CHEMISTRY,实验室实验安全,实验室实验安全,CHEMISTRY·综合·实验与方案设计·实验分析,1,thin,
CHEMISTRY,实验条件的控制,实验条件的控制,CHEMISTRY·综合·实验与方案设计·实验分析,1,thin,
CHEMISTRY,实验用品,实验用品,化学选择性必修1·第三章·水溶液中的离子平衡,1,thin,
CHEMISTRY,实验类试题的三类错误,实验类试题的三类错误,CHEMISTRY·综合·实验与方案设计·实验分析,1,thin,
CHEMISTRY,实验类试题的解题策略,实验类试题的解题策略,CHEMISTRY·综合·实验与方案设计·实验分析,1,thin,
CHEMISTRY,实验结论辨析的常见陷阱,实验结论辨析的常见陷阱,CHEMISTRY·综合·实验与方案设计·实验分析,1,thin,
CHEMISTRY,实验装置中的安全与辅助装置,实验装置中的安全与辅助装置,CHEMISTRY·综合·实验与方案设计·实验分析,1,thin,
CHEMISTRY,实验试剂与仪器的规范描述,实验试剂与仪器的规范描述,CHEMISTRY·综合·实验与方案设计·实验分析,1,thin,
CHEMISTRY,容量瓶及其使用注意事项,容量瓶及其使用注意事项,CHEMISTRY·综合·实验与方案设计·实验分析,1,thin,
CHEMISTRY,对物质的元素组成的几个误区,对物质的元素组成的几个误区,化学必修第一册·第一章·物质分类与转化,1,thin,
CHEMISTRY,工业上常用甲烷-水蒸气重整制备氢气-体系中发生如下反应,提高平衡转化率的措施,化学必修第二册·第六章·化学反应与能量,1,thin,
CHEMISTRY,工业制硫酸的流程与原理,工业制硫酸的流程与原理,化学必修第二册·第五章·硫氮及其化合物,1,thin,
CHEMISTRY,工业制铝的酸溶法流程,工业制铝的酸溶法流程,化学必修第一册·第三章·铁与金属材料,1,thin,
CHEMISTRY,已知两个醛分子在naoh溶液作用下可以发生加成反应-生成一种羟基醛,醛的羟醛缩合,醛和酮,1,thin,
CHEMISTRY,常用计量仪器的使用与检漏,常用计量仪器的使用与检漏,CHEMISTRY·综合·实验与方案设计·实验分析,1,thin,
CHEMISTRY,常考经典史籍中的化学知识,常考经典史籍中的化学知识,CHEMISTRY·综合·综合·综合,1,thin,
CHEMISTRY,常见元素及其化合物的特性,常见元素及其化合物的特性,化学必修第一册·第四章·物质结构元素周期律,1,thin,
CHEMISTRY,常见净水剂、消毒剂与漂白剂,常见净水剂、消毒剂与漂白剂,化学必修第一册·第二章·氯及其化合物,1,thin,
CHEMISTRY,常见净水剂消毒剂漂白剂与干燥剂,常见净水剂消毒剂漂白剂与干燥剂,化学必修第一册·第二章·氯及其化合物,1,thin,
CHEMISTRY,常见危险化学品标志与实验事故处理,常见危险化学品标志与实验事故处理,CHEMISTRY·综合·实验与方案设计·实验分析,1,thin,
CHEMISTRY,常见干燥剂及其使用限制,常见干燥剂及其使用限制,CHEMISTRY·综合·综合·综合,1,thin,
CHEMISTRY,常见物质的溶解性规律,常见物质的溶解性规律,CHEMISTRY·综合·实验与方案设计·实验分析,1,thin,
CHEMISTRY,常见的与量无关的离子反应,常见的与量无关的离子反应,化学必修第一册·第一章·离子反应与氧化还原·离子反应,1,thin,
CHEMISTRY,常见硫酸盐的性质与用途,常见硫酸盐的性质与用途,化学必修第二册·第五章·硫氮及其化合物,1,thin,
CHEMISTRY,常见试剂的保存方法,常见试剂的保存方法,CHEMISTRY·综合·实验与方案设计·实验分析,1,thin,
CHEMISTRY,常见酸碱盐的溶解性,常见酸碱盐的溶解性,CHEMISTRY·综合·实验与方案设计·实验分析,1,thin,
CHEMISTRY,常见金属硫化物的溶解性,常见金属硫化物的溶解性,化学必修第二册·第五章·硫氮及其化合物,1,thin,
CHEMISTRY,常见食品添加剂及其功能,常见食品添加剂及其功能,化学必修第二册·第七章·有机化合物·基本营养物质,1,thin,
CHEMISTRY,干冰萤石与三类玻璃的成分,干冰萤石与三类玻璃的成分,化学必修第二册·第五章第三节·无机非金属材料,1,thin,
CHEMISTRY,干燥管与洗气瓶的作用,干燥管与洗气瓶的作用,CHEMISTRY·综合·实验与方案设计·实验分析,1,thin,
CHEMISTRY,平均值法,平均值法,CHEMISTRY·综合·综合·综合,1,thin,
CHEMISTRY,平衡常数-x1,平衡常数,化学选择性必修1·第二章·化学平衡,1,thin,
CHEMISTRY,平衡常数的应用,平衡常数的应用,化学必修第二册·第六章·化学反应与能量,1,thin,
CHEMISTRY,强弱规律及其应用,强弱规律及其应用,CHEMISTRY·综合·综合·综合,1,thin,
CHEMISTRY,循环物质的确定方法,循环物质的确定方法,CHEMISTRY·综合·综合·综合,1,thin,
CHEMISTRY,循环转化关系图中物质变化的分析思路,循环转化关系图中物质变化的分析思路,CHEMISTRY·综合·综合·综合,1,thin,
CHEMISTRY,微型工艺流程的过程评价,微型工艺流程的过程评价,化学必修第二册·第六章·化学反应与能量,1,thin,
CHEMISTRY,恒温线或恒压线图像,恒温线或恒压线图像,CHEMISTRY·综合·综合·综合,1,thin,
CHEMISTRY,惰性电极电解的四种类型,惰性电极电解的四种类型,化学选择性必修1·第四章·电化学,1,thin,
CHEMISTRY,惰性电极电解规律,惰性电极电解规律,化学选择性必修1·第四章·电化学,1,thin,
CHEMISTRY,手性分子,手性分子,化学选择性必修2·物质结构与性质·分子的空间结构,1,thin,
CHEMISTRY,手性分子与手性碳原子,手性分子与手性碳原子,化学选择性必修2·物质结构与性质·分子的空间结构,1,thin,
CHEMISTRY,手机-电脑的锂电池是一次电池还是二次电池,锂电池与新型电源,化学必修第二册·第六章·化学反应与能量,1,thin,
CHEMISTRY,探究型综合实验,探究型综合实验,CHEMISTRY·综合·实验与方案设计·实验分析,1,thin,
CHEMISTRY,探究性综合实验题的类型与特点,探究性综合实验题的类型与特点,CHEMISTRY·综合·实验与方案设计·实验分析,1,thin,
CHEMISTRY,控制反应发生与停止的装置,控制反应发生与停止的装置,CHEMISTRY·综合·实验与方案设计·实验分析,1,thin,
CHEMISTRY,支气管扩张药物特布他林-h-的一种合成路线如下,支气管扩张药物特布他林(H)的一种合成路线如下：,化学必修第二册·第七章·有机化合物,1,thin,
CHEMISTRY,放热反应,放热反应,化学必修第二册·第六章·化学反应与能量,1,thin,
CHEMISTRY,无机化合物制备实验的分析模型,无机化合物制备实验的分析模型,CHEMISTRY·综合·实验与方案设计·实验分析,1,thin,
CHEMISTRY,无机含氧酸酸性强弱的判断,无机含氧酸酸性强弱的判断,化学必修第一册·第四章·物质结构元素周期律,1,thin,
CHEMISTRY,无机非金属材料的分类与特点,无机非金属材料的分类与特点,化学必修第一册·第三章·铁与金属材料,1,thin,
CHEMISTRY,晶体中配位数的确定,晶体中配位数的确定,CHEMISTRY·综合·综合·综合,1,thin,
CHEMISTRY,晶体结构与性质的易错点,晶体结构与性质的易错点,CHEMISTRY·综合·综合·综合,1,thin,
CHEMISTRY,晶胞中粒子配位数的计算,晶胞中粒子配位数的计算,CHEMISTRY·综合·综合·综合,1,thin,
CHEMISTRY,晶胞参数与密度计算,晶胞参数与密度计算,CHEMISTRY·综合·综合·综合,1,thin,
CHEMISTRY,晶胞密度的计算,晶胞密度的计算,CHEMISTRY·综合·综合·综合,1,thin,
CHEMISTRY,晶胞投影,晶胞投影,化学选择性必修2·物质结构与性质·物质的聚集状态与晶体的常识,1,thin,
CHEMISTRY,晶胞晶体密度的计算,晶胞晶体密度的计算,CHEMISTRY·综合·综合·综合,1,thin,
CHEMISTRY,晶胞空间利用率的计算,晶胞空间利用率的计算,CHEMISTRY·综合·综合·综合,1,thin,
CHEMISTRY,有关分子的性质的易混易错点,有关分子的性质的易混易错点,化学必修第二册·第六章·化学反应与能量,1,thin,
CHEMISTRY,有关物质的熔-沸点-解答下列问题,有关物质的熔、沸点,化学必修第二册·第六章·化学反应与能量,1,thin,
CHEMISTRY,有机制备实验的操作要点,有机制备实验的操作要点,化学必修第二册·第七章·有机化合物,1,thin,
CHEMISTRY,有机化合物制备实验的分析步骤,有机化合物制备实验的分析步骤,化学选择性必修3·有机化学基础·有机合成,1,thin,
CHEMISTRY,有机反应机理与断键规律,有机反应机理与断键规律,化学必修第二册·第七章·有机化合物,1,thin,
CHEMISTRY,有机实验中官能团与水解产物的检验,有机实验中官能团与水解产物的检验,化学选择性必修1·第三章·水溶液中的离子平衡,1,thin,
CHEMISTRY,有机物元素组成的定性分析,有机物元素组成的定性分析,化学必修第二册·第七章·有机化合物,1,thin,
CHEMISTRY,有机物分子结构的鉴定方法,有机物分子结构的鉴定方法,化学选择性必修2·物质结构与性质·分子的空间结构,1,thin,
CHEMISTRY,有机物制备实验的要点,有机物制备实验的要点,化学必修第二册·第七章·有机化合物,1,thin,
CHEMISTRY,有机物制备的基本操作,有机物制备的基本操作,化学必修第二册·第七章·有机化合物,1,thin,
CHEMISTRY,有机物原子共线共面的判断,有机物原子共线共面的判断,化学必修第二册·第七章·有机化合物,1,thin,
CHEMISTRY,有机物组成和结构的确定,有机物组成和结构的确定,化学必修第二册·第七章·有机化合物,1,thin,
CHEMISTRY,有机结构分析方法的对比与选用,有机结构分析方法的对比与选用,化学必修第二册·第七章·有机化合物,1,thin,
CHEMISTRY,李比希定量分析法,李比希定量分析法,CHEMISTRY·综合·综合·综合,1,thin,
CHEMISTRY,极端假设法确定可逆反应的浓度范围,极端假设法确定可逆反应的浓度范围,CHEMISTRY·综合·综合·综合,1,thin,
CHEMISTRY,极端假设法确定各物质浓度范围,极端假设法确定各物质浓度范围,CHEMISTRY·综合·综合·综合,1,thin,
CHEMISTRY,某小组同学设计实验实现几种价态硫元素的转化,价态硫转化的实验设计,化学必修第二册·第五章·硫氮及其化合物,1,thin,
CHEMISTRY,查阅资料-了解工业生产中提高电镀质量的方法,提高电镀质量的方法,化学必修第一册·第三章·铁与金属材料,1,thin,
CHEMISTRY,核反应方程的分析思路,核反应方程的分析思路,CHEMISTRY·综合·综合·综合,1,thin,
CHEMISTRY,核反应方程的质量数守恒与电荷数守恒,核反应方程的质量数守恒与电荷数守恒,CHEMISTRY·综合·综合·综合,1,thin,
CHEMISTRY,核磁共振氢谱,核磁共振氢谱,CHEMISTRY·综合·综合·综合,1,thin,
CHEMISTRY,核素的相对原子质量与元素的相对原子质量,核素的相对原子质量与元素的相对原子质量,化学选择性必修2·物质结构与性质·原子结构与元素周期表,1,thin,
CHEMISTRY,核酸,核酸,化学选择性必修3·有机化学基础·核酸,1,thin,
CHEMISTRY,根据化学方程式计算的步骤,根据化学方程式计算的步骤,CHEMISTRY·综合·综合·综合,1,thin,
CHEMISTRY,根据反应事实判断性质的强弱,根据反应事实判断性质的强弱。,化学选择性必修1·第一章·反应热与能量,1,thin,
CHEMISTRY,根据性质确定官能团的位置,根据性质确定官能团的位置,化学必修第二册·第七章·有机化合物,1,thin,
CHEMISTRY,格氏试剂在有机合成中的应用,格氏试剂在有机合成中的应用,化学选择性必修3·有机化学基础·有机合成,1,thin,
CHEMISTRY,步骤③和步骤④的操作顺序能否颠倒-为什么,坩埚灼烧固体的操作要点,化学必修第二册·第五章·硫氮及其化合物,1,thin,
CHEMISTRY,比较物质酸性强弱的方法,比较物质酸性强弱的方法,化学必修第一册·第四章·物质结构元素周期律,1,thin,
CHEMISTRY,气体体积的测定,气体体积的测定,CHEMISTRY·综合·综合·综合,1,thin,
CHEMISTRY,气体体积的测定方法,气体体积的测定方法,CHEMISTRY·综合·综合·综合,1,thin,
CHEMISTRY,气体泄漏的检验与白烟白雾辨析,气体泄漏的检验与白烟白雾辨析,CHEMISTRY·综合·实验与方案设计·实验分析,1,thin,
CHEMISTRY,气体溶于水后溶液浓度的计算,气体溶于水后溶液浓度的计算,CHEMISTRY·综合·综合·综合,1,thin,
CHEMISTRY,氢化钠-nah-广泛应用于工业生产,氢化钠(NaH)广泛应用于工业生产。,化学选择性必修1·第一章·反应热与能量,1,thin,
CHEMISTRY,氢氧化钠的性质与应用,氢氧化钠的性质与应用,化学必修第一册·第二章·钠及其化合物,1,thin,
CHEMISTRY,氢氧化铝沉淀图像分析,氢氧化铝沉淀图像分析,化学必修第一册·第三章·铁与金属材料,1,thin,
CHEMISTRY,氢氧化铝沉淀的图像与计算,氢氧化铝沉淀的图像与计算,化学必修第一册·第三章·铁与金属材料,1,thin,
CHEMISTRY,氢氧化铝沉淀量的计算,氢氧化铝沉淀量的计算,化学必修第一册·第三章·铁与金属材料,1,thin,
CHEMISTRY,氢氧化铝的制备方法,氢氧化铝的制备方法,化学必修第一册·第三章·铁与金属材料,1,thin,
CHEMISTRY,氢硫酸的性质与硫化氢的检验,氢硫酸的性质与硫化氢的检验,化学必修第二册·第五章·硫氮及其化合物,1,thin,
CHEMISTRY,氧化性-还原性强弱比较易错点,氧化性、还原性强弱比较易错点,化学选择性必修1·第一章·反应热与能量,1,thin,
CHEMISTRY,氧化还原反应概念的辨析方法,氧化还原反应概念的辨析方法,化学必修第一册·第一章·离子反应与氧化还原,1,thin,
CHEMISTRY,氧化还原反应的守恒规律,氧化还原反应的守恒规律,化学必修第一册·第一章·离子反应与氧化还原,1,thin,
CHEMISTRY,氧化还原滴定法,氧化还原滴定法,化学选择性必修1·第三章·水溶液中的离子平衡,1,thin,
CHEMISTRY,氧化还原滴定的原理与指示剂,氧化还原滴定的原理与指示剂,化学选择性必修1·第三章·水溶液中的离子平衡,1,thin,
CHEMISTRY,氮及化合物的-十大-误区,氮及化合物的“十大”误区,化学必修第二册·第五章·硫氮及其化合物,1,thin,
CHEMISTRY,氮氧化物与氧气混合溶于水的计算,氮氧化物与氧气混合溶于水的计算,化学必修第二册·第五章·硫氮及其化合物,1,thin,
CHEMISTRY,氮的固定,氮的固定,化学必修第二册·第五章·硫氮及其化合物,1,thin,
CHEMISTRY,氯及其化合物的价类二维图,氯及其化合物的价类二维图,化学必修第一册·第二章·氯及其化合物,1,thin,
CHEMISTRY,氯胺,氯胺,化学必修第一册·第二章·氯及其化合物,1,thin,
CHEMISTRY,水垢的成分与除水垢方法,水垢的成分与除水垢方法,CHEMISTRY·综合·综合·综合,1,thin,
CHEMISTRY,水溶液中多曲线图像题的分析方法,水溶液中多曲线图像题的分析方法,CHEMISTRY·综合·综合·综合,1,thin,
CHEMISTRY,水电离出的c(H+)（或c(OH-)）的计算,水电离出的c(H+)（或c(OH-)）的计算,化学选择性必修1·第三章·水溶液中的离子平衡,1,thin,
CHEMISTRY,水电离出的c水(H＋)与c水(OH－)的计算,水电离出的c水(H＋)与c水(OH－)的计算,化学选择性必修1·第三章·水溶液中的离子平衡,1,thin,
CHEMISTRY,水电离出的离子浓度的计算,水电离出的离子浓度的计算,化学选择性必修1·第三章·水溶液中的离子平衡,1,thin,
CHEMISTRY,水的电离平衡曲线,水的电离平衡曲线,化学选择性必修1·第三章·水溶液中的离子平衡,1,thin,
CHEMISTRY,沉淀溶解平衡实验设计与评价题的解题思路,沉淀溶解平衡实验设计与评价题的解题思路,化学选择性必修1·第三章·水溶液中的离子平衡,1,thin,
CHEMISTRY,沉淀的洗涤与检验,沉淀的洗涤与检验,CHEMISTRY·综合·实验与方案设计·实验分析,1,thin,
CHEMISTRY,洗涤与去污中的化学原理,洗涤与去污中的化学原理,CHEMISTRY·综合·实验与方案设计·实验分析,1,thin,
CHEMISTRY,浓硫酸转化为二氧化硫,浓硫酸转化为二氧化硫,化学必修第二册·第五章·硫氮及其化合物,1,thin,
CHEMISTRY,液流电池的特点与分析,液流电池的特点与分析,化学选择性必修1·第四章·电化学,1,thin,
CHEMISTRY,淀粉-或纤维素-中含有的羟基数为3n,淀粉（或纤维素）中含有的羟基数为3n,化学必修第一册·第一章·物质分类与转化,1,thin,
CHEMISTRY,混合物计算的方法,混合物计算的方法,CHEMISTRY·综合·综合·综合,1,thin,
CHEMISTRY,温度计的使用规范,温度计的使用规范,CHEMISTRY·综合·实验与方案设计·实验分析,1,thin,
CHEMISTRY,游离态,游离态,化学必修第一册·第一章·物质分类与转化,1,thin,
CHEMISTRY,溶液中离子反应与平衡图像题解题策略,溶液中离子反应与平衡图像题解题策略,化学选择性必修1·第三章·水溶液中的离子平衡,1,thin,
CHEMISTRY,溶液稀释与混合的计算,溶液稀释与混合的计算,CHEMISTRY·综合·综合·综合,1,thin,
CHEMISTRY,溶解性与溶解度的关系,溶解性与溶解度的关系,CHEMISTRY·综合·实验与方案设计·实验分析,1,thin,
CHEMISTRY,溶质为碱的溶液-h-全部来自水的电离,溶质为碱的溶液：H＋全部来自水的电离。,化学选择性必修1·第三章·水溶液中的离子平衡·水的电离和溶液的pH,1,thin,
CHEMISTRY,溶质判断与溶液体积的易错点,溶质判断与溶液体积的易错点,CHEMISTRY·综合·综合·综合,1,thin,
CHEMISTRY,滴加顺序不同现象不同,滴加顺序不同现象不同,CHEMISTRY·综合·综合·综合,1,thin,
CHEMISTRY,滴定分析法,滴定分析法,化学选择性必修1·第三章·水溶液中的离子平衡,1,thin,
CHEMISTRY,滴定实验相关计算,滴定实验相关计算,化学选择性必修1·第三章·水溶液中的离子平衡,1,thin,
CHEMISTRY,热重分析法,热重分析法,CHEMISTRY·综合·综合·综合,1,thin,
CHEMISTRY,热重法测定物质组成,热重法测定物质组成,CHEMISTRY·综合·实验与方案设计·实验分析,1,thin,
CHEMISTRY,烷烃,烷烃,化学必修第二册·第七章·有机化合物·烷烃,1,thin,
CHEMISTRY,烷烃的命名,烷烃的命名,烷烃,1,thin,
CHEMISTRY,焦亚硫酸钠,焦亚硫酸钠,化学必修第一册·第二章·钠及其化合物,1,thin,
CHEMISTRY,焰色反应,焰色反应,化学必修第一册·第二章·钠及其化合物,1,thin,
CHEMISTRY,燃烧通式与平均值法,燃烧通式与平均值法,CHEMISTRY·综合·综合·综合,1,thin,
CHEMISTRY,物质含量的测定方法,物质含量的测定方法,CHEMISTRY·综合·综合·综合,1,thin,
CHEMISTRY,物质性质验证类实验,物质性质验证类实验,CHEMISTRY·综合·实验与方案设计·实验分析,1,thin,
CHEMISTRY,物质的加热操作,物质的加热操作,CHEMISTRY·综合·实验与方案设计·实验分析,1,thin,
CHEMISTRY,物质的性质与变化的关系,物质的性质与变化的关系,CHEMISTRY·综合·综合·综合,1,thin,
CHEMISTRY,物质的溶解与加热操作,物质的溶解与加热操作,CHEMISTRY·综合·实验与方案设计·实验分析,1,thin,
CHEMISTRY,物质的溶解与气体的吸收,物质的溶解与气体的吸收,CHEMISTRY·综合·实验与方案设计·实验分析,1,thin,
CHEMISTRY,物质的溶解与稀释,物质的溶解与稀释,CHEMISTRY·综合·实验与方案设计·实验分析,1,thin,
CHEMISTRY,物质的溶解与稀释操作,物质的溶解与稀释操作,CHEMISTRY·综合·实验与方案设计·实验分析,1,thin,
CHEMISTRY,物质的量在化学方程式计算中的应用,物质的量在化学方程式计算中的应用,化学必修第一册·第一章·物质分类与转化,1,thin,
CHEMISTRY,物质的量在化学方程式计算中的步骤,物质的量在化学方程式计算中的步骤,化学必修第一册·第一章·物质分类与转化,1,thin,
CHEMISTRY,物质间不能一步实现的转化,物质间不能一步实现的转化,CHEMISTRY·综合·综合·综合,1,thin,
CHEMISTRY,玻璃仪器的洗涤,玻璃仪器的洗涤,CHEMISTRY·综合·实验与方案设计·实验分析,1,thin,
CHEMISTRY,玻璃纤维的性质与用途,玻璃纤维的性质与用途,化学必修第二册·第五章第三节·无机非金属材料,1,thin,
CHEMISTRY,生活中的化学常识与常见药物,生活中的化学常识与常见药物,化学必修第二册·第八章·化学与可持续发展,1,thin,
CHEMISTRY,用稀有气体元素确定主族元素位置,用稀有气体元素确定主族元素位置,化学必修第一册·第四章·物质结构元素周期律,1,thin,
CHEMISTRY,由图像确定化学方程式,由图像确定化学方程式,CHEMISTRY·综合·综合·综合,1,thin,
CHEMISTRY,由性质与产物推断官能团的位置,由性质与产物推断官能团的位置,化学必修第二册·第七章·有机化合物,1,thin,
CHEMISTRY,由水电离的c(H＋)或c(OH－)的计算,由水电离的c(H＋)或c(OH－)的计算,化学选择性必修1·第三章·水溶液中的离子平衡,1,thin,
CHEMISTRY,甲-乙-丙三种有机物的结构如下,甲、乙、丙三种有机物的结构如下：,化学必修第二册·第六章·化学反应与能量,1,thin,
CHEMISTRY,甲烷,甲烷,化学必修第二册·第七章·有机化合物,1,thin,
CHEMISTRY,甲烷氯代的自由基链反应机理,甲烷氯代的自由基链反应机理,化学必修第一册·第二章·氯及其化合物,1,thin,
CHEMISTRY,电冶金,电冶金,CHEMISTRY·综合·综合·综合,1,thin,
CHEMISTRY,电化学回路中电子流向与离子迁移,电化学回路中电子流向与离子迁移,化学选择性必修1·第四章·电化学,1,thin,
CHEMISTRY,电化学装置的回路分析与离子迁移,电化学装置的回路分析与离子迁移,化学选择性必修1·第四章·电化学,1,thin,
CHEMISTRY,电子云与原子轨道轮廓图,电子云与原子轨道轮廓图,CHEMISTRY·综合·综合·综合,1,thin,
CHEMISTRY,电子式,电子式,化学必修第一册·第四章·物质结构元素周期律,1,thin,
CHEMISTRY,电子式的书写注意事项,电子式的书写注意事项,CHEMISTRY·综合·综合·综合,1,thin,
CHEMISTRY,电离,电离,化学必修第一册·第一章·物质分类与转化·电离平衡,1,thin,
CHEMISTRY,电离平衡中的7个易错点,电离平衡中的7个易错点,化学选择性必修1·第三章·水溶液中的离子平衡·电离平衡,1,thin,
CHEMISTRY,电解水,电解水。,化学必修第一册·第三章·铁与金属材料,1,thin,
CHEMISTRY,电解精炼,电解精炼,化学选择性必修1·第四章·电化学,1,thin,
CHEMISTRY,电解质导电性的-易错点,电解质导电性的“易错点”,化学必修第一册·第一章·离子反应与氧化还原,1,thin,
CHEMISTRY,电解质的电离的-易错点,电解质的电离的“易错点”,化学必修第一册·第一章·离子反应与氧化还原,1,thin,
CHEMISTRY,电解过程中溶液性质的变化与溶液复原,电解过程中溶液性质的变化与溶液复原,化学选择性必修1·第四章·电化学,1,thin,
CHEMISTRY,电镀与电解精炼,电镀与电解精炼,化学选择性必修1·第四章·电化学,1,thin,
CHEMISTRY,盐溶液,盐溶液,化学选择性必修1·第三章·水溶液中的离子平衡,1,thin,
CHEMISTRY,盐类水解的三个误区,盐类水解的三个误区,化学选择性必修1·第三章·水溶液中的离子平衡,1,thin,
CHEMISTRY,相对原子质量,相对原子质量,CHEMISTRY·综合·综合·综合,1,thin,
CHEMISTRY,相对原子质量(核素与元素),相对原子质量(核素与元素),化学选择性必修2·物质结构与性质·原子结构与元素周期表,1,thin,
CHEMISTRY,相对原子质量与近似相对原子质量,相对原子质量与近似相对原子质量,CHEMISTRY·综合·综合·综合,1,thin,
CHEMISTRY,石油裂解是一个复杂的过程-其产物为混合物-例如,石油裂解的产物,化石燃料的综合利用,1,thin,
CHEMISTRY,研究有机化合物的一般方法,研究有机化合物的一般方法,化学必修第二册·第七章·有机化合物,1,thin,
CHEMISTRY,硒、碲及其化合物的性质,硒、碲及其化合物的性质,化学必修第二册·第五章·硫氮及其化合物,1,thin,
CHEMISTRY,硒和碲及其化合物的性质,硒和碲及其化合物的性质,化学必修第二册·第五章·硫氮及其化合物,1,thin,
CHEMISTRY,硫与变价金属的反应规律,硫与变价金属的反应规律,化学必修第二册·第五章·硫氮及其化合物,1,thin,
CHEMISTRY,硫代硫酸钠的性质,硫代硫酸钠的性质,化学必修第一册·第二章·钠及其化合物,1,thin,
CHEMISTRY,硫酸亚铁铵的制备,硫酸亚铁铵的制备,化学必修第一册·第三章·铁与金属材料,1,thin,
CHEMISTRY,硫酸是中学化学实验室的常见药品-其性质有,硫酸的性质与实验应用,化学必修第二册·第五章·硫氮及其化合物,1,thin,
CHEMISTRY,硫酸根离子的检验,硫酸根离子的检验,化学必修第二册·第五章·硫氮及其化合物,1,thin,
CHEMISTRY,硫酸的工业制备（接触法）,硫酸的工业制备（接触法）,化学必修第二册·第五章·硫氮及其化合物,1,thin,
CHEMISTRY,碘量法,碘量法,CHEMISTRY·综合·综合·综合,1,thin,
CHEMISTRY,碳纳米材料,碳纳米材料,CHEMISTRY·综合·综合·综合,1,thin,
CHEMISTRY,碳酸钠和碳酸氢钠的鉴别,碳酸钠和碳酸氢钠的鉴别,化学必修第一册·第二章·钠及其化合物,1,thin,
CHEMISTRY,磷及其化合物的性质,磷及其化合物的性质,CHEMISTRY·综合·综合·综合,1,thin,
CHEMISTRY,离子交换膜的种类与作用,离子交换膜的种类与作用,CHEMISTRY·综合·综合·综合,1,thin,
CHEMISTRY,离子反应先后顺序的判断,离子反应先后顺序的判断,化学必修第一册·第一章·离子反应与氧化还原,1,thin,
CHEMISTRY,离子反应顺序的判断,离子反应顺序的判断,化学必修第一册·第一章·离子反应与氧化还原,1,thin,
CHEMISTRY,离子推断的常见特殊现象,离子推断的常见特殊现象,CHEMISTRY·综合·综合·综合,1,thin,
CHEMISTRY,离子推断解题技法,离子推断解题技法,CHEMISTRY·综合·综合·综合,1,thin,
CHEMISTRY,离子放电顺序与电解产物判断,离子放电顺序与电解产物判断,化学选择性必修1·第四章·电化学,1,thin,
CHEMISTRY,离子方程式书写应注意的问题,离子方程式书写应注意的问题,化学必修第一册·第一章·离子反应与氧化还原,1,thin,
CHEMISTRY,等温(等压)平衡曲线分析,等温(等压)平衡曲线分析,CHEMISTRY·综合·综合·综合,1,thin,
CHEMISTRY,等质量的铝与足量的盐酸-氢氧化钠溶液分别反应,等质量的铝与足量的盐酸、氢氧化钠溶液分别反应：,铝及其化合物,1,thin,
CHEMISTRY,粗盐提纯的试剂加入顺序,粗盐提纯的试剂加入顺序,CHEMISTRY·综合·实验与方案设计·实验分析,1,thin,
CHEMISTRY,粗盐提纯的除杂试剂与顺序,粗盐提纯的除杂试剂与顺序,CHEMISTRY·综合·实验与方案设计·实验分析,1,thin,
CHEMISTRY,糖类,糖类,化学选择性必修3·有机化学基础·糖类,1,thin,
CHEMISTRY,红外光谱与质谱,红外光谱与质谱,CHEMISTRY·综合·综合·综合,1,thin,
CHEMISTRY,纯度、转化率与产率的计算,纯度、转化率与产率的计算,化学选择性必修1·第二章·化学平衡,1,thin,
CHEMISTRY,组分含量（或浓度）与温度的关系图像,组分含量（或浓度）与温度的关系图像,CHEMISTRY·综合·综合·综合,1,thin,
CHEMISTRY,结晶方法的选择与操作,结晶方法的选择与操作,CHEMISTRY·综合·实验与方案设计·实验分析,1,thin,
CHEMISTRY,羧酸的组成和结构,羧酸的组成和结构,化学选择性必修3·有机化学基础·羧酸 羧酸衍生物,1,thin,
CHEMISTRY,能源的分类与利用,能源的分类与利用,化学选择性必修1·第一章·反应热与能量,1,thin,
CHEMISTRY,能源类型的划分,能源类型的划分,化学必修第二册·第六章·化学反应与能量,1,thin,
CHEMISTRY,脂肪烃的结构和性质易混易错点,脂肪烃的结构和性质易混易错点,脂肪烃,1,thin,
CHEMISTRY,臭氧,臭氧,CHEMISTRY·综合·综合·综合,1,thin,
CHEMISTRY,臭氧与硫代硫酸盐的性质,臭氧与硫代硫酸盐的性质,化学必修第二册·第五章·硫氮及其化合物,1,thin,
CHEMISTRY,若上述题目中的-1-4-改成一定温度下的恒压密闭容器-结果又如何,若上述题目中的,化学必修第二册·第六章·化学反应与能量,1,thin,
CHEMISTRY,若某溶液中既含又含-请设计实验检验混合溶液中是否存在,若某溶液中既含又含,化学必修第二册·第五章·硫氮及其化合物,1,thin,
CHEMISTRY,装置气密性检查方法,装置气密性检查方法,CHEMISTRY·综合·实验与方案设计·实验分析,1,thin,
CHEMISTRY,规避两个易失分点,规避两个易失分点,化学必修第二册·第六章·化学反应与能量,1,thin,
CHEMISTRY,设计和制作一个氢氧燃料电池,设计和制作一个氢氧燃料电池。,化学必修第一册·第三章·铁与金属材料,1,thin,
CHEMISTRY,试剂的保存方法,试剂的保存方法,CHEMISTRY·综合·实验与方案设计·实验分析,1,thin,
CHEMISTRY,试纸的使用方法,试纸的使用方法,CHEMISTRY·综合·综合·综合,1,thin,
CHEMISTRY,试纸的类型与使用方法,试纸的类型与使用方法,CHEMISTRY·综合·综合·综合,1,thin,
CHEMISTRY,调节pH分离提纯金属离子,调节pH分离提纯金属离子,化学必修第一册·第三章·铁与金属材料,1,thin,
CHEMISTRY,过二硫酸钠,过二硫酸钠,化学必修第一册·第二章·钠及其化合物,1,thin,
CHEMISTRY,过氧化氢,过氧化氢,化学必修第一册·第四章·物质结构元素周期律,1,thin,
CHEMISTRY,过氧化氢的性质,过氧化氢的性质,化学必修第一册·第四章·物质结构元素周期律,1,thin,
CHEMISTRY,过氧化物的过氧键与化合价分析,过氧化物的过氧键与化合价分析,化学必修第一册·第一章·离子反应与氧化还原,1,thin,
CHEMISTRY,过渡金属的多价态与氧化性规律,过渡金属的多价态与氧化性规律,化学必修第一册·第三章·铁与金属材料,1,thin,
CHEMISTRY,速率-温度(压强)图像,速率-温度(压强)图像,化学选择性必修1·第二章·化学平衡,1,thin,
CHEMISTRY,速率—压强(或温度)图像,速率—压强(或温度)图像,化学选择性必修1·第二章·化学平衡,1,thin,
CHEMISTRY,配制一定物质的量浓度溶液的仪器与容量瓶使用,配制一定物质的量浓度溶液的仪器与容量瓶使用,化学必修第一册·第一章·物质分类与转化,1,thin,
CHEMISTRY,酯,酯,酯和油脂,1,thin,
CHEMISTRY,酸或碱溶液中水电离程度的计算,酸或碱溶液中水电离程度的计算,化学选择性必修1·第三章·水溶液中的离子平衡,1,thin,
CHEMISTRY,酸碱中和滴定指示剂的选择,酸碱中和滴定指示剂的选择,化学选择性必修1·第三章·水溶液中的离子平衡,1,thin,
CHEMISTRY,醛的应用和对环境-健康产生的影响,醛的应用和对环境、健康产生的影响,醛和酮,1,thin,
CHEMISTRY,重铬酸盐的强氧化性,重铬酸盐的强氧化性,化学必修第一册·第三章·铁与金属材料,1,thin,
CHEMISTRY,量气分析法,量气分析法,CHEMISTRY·综合·综合·综合,1,thin,
CHEMISTRY,金属氢化物,金属氢化物,化学必修第一册·第三章·铁与金属材料,1,thin,
CHEMISTRY,钒及其重要化合物的性质,钒及其重要化合物的性质,化学必修第一册·第三章·铁与金属材料,1,thin,
CHEMISTRY,钠与含羟基或羧基有机物的反应,钠与含羟基或羧基有机物的反应,化学必修第一册·第二章·钠及其化合物,1,thin,
CHEMISTRY,钴及其化合物的性质,钴及其化合物的性质,化学必修第一册·第三章·铁与金属材料,1,thin,
CHEMISTRY,铁粉与硫粉在空气中混合燃烧时-可能发生哪些反应,铁与硫的反应,化学必修第二册·第五章·硫氮及其化合物,1,thin,
CHEMISTRY,铜的冶炼,铜的冶炼,化学必修第一册·第三章·铁与金属材料,1,thin,
CHEMISTRY,铝土矿提纯的酸溶法,铝土矿提纯的酸溶法,化学必修第一册·第三章·铁与金属材料,1,thin,
CHEMISTRY,铝盐与碱反应的图像分析,铝盐与碱反应的图像分析,化学必修第一册·第三章·铁与金属材料,1,thin,
CHEMISTRY,铬及其重要化合物的性质,铬及其重要化合物的性质,化学必修第一册·第三章·铁与金属材料,1,thin,
CHEMISTRY,锂电池与锂离子电池,锂电池与锂离子电池,化学选择性必修1·第四章·电化学,1,thin,
CHEMISTRY,键的极性与羧酸酸性,键的极性与羧酸酸性,化学选择性必修2·物质结构与性质·分子的空间结构,1,thin,
CHEMISTRY,键的极性对化学性质的影响,键的极性对化学性质的影响,化学选择性必修2·物质结构与性质·分子的空间结构,1,thin,
CHEMISTRY,键的极性对羧酸酸性的影响,键的极性对羧酸酸性的影响,化学选择性必修2·物质结构与性质·分子的空间结构,1,thin,
CHEMISTRY,锰及其化合物的性质,锰及其化合物的性质,化学必修第一册·第三章·铁与金属材料,1,thin,
CHEMISTRY,锰酸盐与高锰酸钾的氧化性规律,锰酸盐与高锰酸钾的氧化性规律,化学必修第一册·第三章·铁与金属材料,1,thin,
CHEMISTRY,防倒吸装置,防倒吸装置,CHEMISTRY·综合·实验与方案设计·实验分析,1,thin,
CHEMISTRY,阴、阳极的判断方法,阴、阳极的判断方法,CHEMISTRY·综合·综合·综合,1,thin,
CHEMISTRY,顺反异构与对映异构的判断,顺反异构与对映异构的判断,CHEMISTRY·综合·综合·综合,1,thin,
CHEMISTRY,食品的保护与食品袋中的干燥剂,食品的保护与食品袋中的干燥剂,CHEMISTRY·综合·综合·综合,1,thin,
CHEMISTRY,饱和一元醛-酮的通式,饱和一元醛、酮的通式,醛和酮,1,thin,
CHEMISTRY,验证计算过程-比例关系,验证计算过程（比例关系）,化学必修第一册·第一章·物质分类与转化,1,thin,
CHEMISTRY,高铁酸盐的制备与性质,高铁酸盐的制备与性质,化学必修第一册·第三章·铁与金属材料,1,thin,
CHEMISTRY,黄酮哌酯是一种解痉药-可通过如下路线合成,由定量关系推断官能团数目,化学必修第二册·第七章·有机化合物,1,thin,
MATH,n元均值不等式,n元均值不等式,数学必修第一册·第二章·不等式,1,thin,
MATH,一元一次不等式的解法,一元一次不等式的解法,数学必修第一册·第二章·不等式,1,thin,
MATH,一元三次方程根的个数判断,一元三次方程根的个数判断,数学选择性必修第二册·第五章·函数与导数,1,thin,
MATH,一元二次不等式的判别式图象法,一元二次不等式的判别式图象法,数学必修第一册·第二章·不等式,1,thin,
MATH,一元二次方程根的判定与韦达定理,一元二次方程根的判定与韦达定理,数学必修第一册·第三章·函数的概念与性质,1,thin,
MATH,万能公式,万能公式,数学必修第一册·第三章·函数的概念与性质,1,thin,
MATH,三元均值不等式,三元均值不等式,数学必修第一册·第二章·不等式,1,thin,
MATH,三次函数图象的分析策略,三次函数图象的分析策略,数学选择性必修第二册·第五章·函数与导数,1,thin,
MATH,三次函数图象的数轴标根作法,三次函数图象的数轴标根作法,数学选择性必修第二册·第五章·函数与导数,1,thin,
MATH,三次函数的零点分布,三次函数的零点分布,数学选择性必修第二册·第五章·函数与导数,1,thin,
MATH,三点共线求距离最值,三点共线求距离最值,数学必修第一册·第三章·函数的概念与性质,1,thin,
MATH,三角函数中ω的取值范围的确定方法,三角函数中ω的取值范围的确定方法,数学必修第一册·第五章·三角函数,1,thin,
MATH,三角函数值的符号规律,三角函数值的符号规律,数学必修第一册·第五章·三角函数,1,thin,
MATH,三角函数式的化简与证明,三角函数式的化简与证明,数学必修第一册·第五章·三角函数,1,thin,
MATH,三角函数极值点问题的解法,三角函数极值点问题的解法,数学必修第一册·第五章·三角函数,1,thin,
MATH,三角函数求值中的易错点,三角函数求值中的易错点,数学必修第一册·第五章·三角函数,1,thin,
MATH,三角函数零点问题的解法,三角函数零点问题的解法,数学选择性必修第二册·第五章·函数与导数,1,thin,
MATH,三角形中的射影定理与正切恒等式,三角形中的射影定理与正切恒等式,数学必修第一册·第五章·三角函数,1,thin,
MATH,三角形内的正切恒等式,三角形内的正切恒等式,数学必修第一册·第五章·三角函数,1,thin,
MATH,三角形四心的向量特征,三角形四心的向量特征,数学必修第二册·第六章·平面向量,1,thin,
MATH,三角形四心的向量表示,三角形四心的向量表示,数学必修第二册·第六章·平面向量,1,thin,
MATH,三角形垂心的向量特征,三角形垂心的向量特征,数学必修第二册·第六章·平面向量,1,thin,
MATH,三角形的四心,三角形的四心,数学必修第一册·第五章·三角函数,1,thin,
MATH,三角形的心的向量表示,三角形的心的向量表示,数学必修第二册·第六章·平面向量,1,thin,
MATH,三角形解的个数的讨论,三角形解的个数的讨论,数学必修第一册·第五章·三角函数,1,thin,
MATH,三角形解的个数问题,三角形解的个数问题,数学必修第一册·第五章·三角函数,1,thin,
MATH,三角形高线的处理方法,三角形高线的处理方法,数学必修第一册·第五章·三角函数,1,thin,
MATH,三角换元求最值,三角换元求最值,数学必修第一册·第五章·三角函数,1,thin,
MATH,三角求值三步法,三角求值三步法,数学必修第一册·第五章·三角函数,1,thin,
MATH,三角给值求值的换元法,三角给值求值的换元法,数学必修第一册·第五章·三角函数,1,thin,
MATH,三项展开式的通项,三项展开式的通项,数学选择性必修第二册·第四章·数列,1,thin,
MATH,上台阶模型,上台阶模型,数学必修第一册·第三章·函数的概念与性质,1,thin,
MATH,下电梯与公交车模型,下电梯与公交车模型,数学必修第一册·第三章·函数的概念与性质,1,thin,
MATH,不等式的倒数性质与分式性质,不等式的倒数性质与分式性质,数学必修第一册·第二章·不等式,1,thin,
MATH,与复数模相关的轨迹问题,与复数模相关的轨迹问题,数学必修第二册·第八章（空间向量见选择性必修第一册）·立体几何,1,thin,
MATH,两圆的公切线,两圆的公切线,数学选择性必修第一册·第二三章·解析几何,1,thin,
MATH,两条平行直线间的距离,两条平行直线间的距离,数学必修第一册·第三章·函数的概念与性质,1,thin,
MATH,两点分布及其均值与方差,两点分布及其均值与方差,数学必修第二册·第九十章（条件概率与正态分布见选择性必修第三册）·概率统计,1,thin,
MATH,两点间的距离公式,两点间的距离公式,数学必修第一册·第三章·函数的概念与性质,1,thin,
MATH,两角和差公式的易错点,两角和差公式的易错点,数学必修第一册·第五章·三角函数,1,thin,
MATH,中心对称与轴对称的坐标关系,中心对称与轴对称的坐标关系,数学选择性必修第一册·第二三章·解析几何,1,thin,
MATH,中点坐标与重心坐标公式,中点坐标与重心坐标公式,数学必修第一册·第三章·函数的概念与性质,1,thin,
MATH,为奇函数,为奇函数．,数学必修第一册·第三章·函数的概念与性质,1,thin,
MATH,二次函数图象的分析要点,二次函数图象的分析要点,数学必修第一册·第三章·函数的概念与性质,1,thin,
MATH,二次函数的图象与性质,二次函数的图象与性质,数学必修第一册·第三章·函数的概念与性质,1,thin,
MATH,二次根式的运算,二次根式的运算,数学必修第一册·第三章·函数的概念与性质,1,thin,
MATH,二阶导数与函数的凹凸性,二阶导数与函数的凹凸性,数学选择性必修第二册·第五章·函数与导数,1,thin,
MATH,二阶导数法判断函数单调性,二阶导数法判断函数单调性,数学选择性必修第二册·第五章·函数与导数,1,thin,
MATH,二阶等差数列与图形数,二阶等差数列与图形数,数学选择性必修第二册·第四章·数列,1,thin,
MATH,二项分布与超几何分布的区别,二项分布与超几何分布的区别,数学必修第一册·第三章·函数的概念与性质,1,thin,
MATH,二项分布应用题的解题思路,二项分布应用题的解题思路,数学必修第一册·第三章·函数的概念与性质,1,thin,
MATH,二项展开式的通项,二项展开式的通项,数学选择性必修第二册·第四章·数列,1,thin,
MATH,二项展开式系数最大项,二项展开式系数最大项,数学选择性必修第三册·第六章·计数原理,1,thin,
MATH,二项式定理的近似计算,二项式定理的近似计算,数学选择性必修第三册·第六章·计数原理,1,thin,
MATH,二项式系数和,二项式系数和,数学选择性必修第三册·第六章·计数原理,1,thin,
MATH,互为反函数的图象对称性,互为反函数的图象对称性,数学必修第一册·第三章·函数的概念与性质,1,thin,
MATH,五边两角模型,五边两角模型,数学必修第一册·第五章·解三角形,1,thin,
MATH,交点与距离问题的易错点,交点与距离问题的易错点,数学必修第一册·第三章·函数的概念与性质,1,thin,
MATH,人与座位模型,人与座位模型,数学必修第一册·第三章·函数的概念与性质,1,thin,
MATH,保序问题与书目插书法,保序问题与书目插书法,数学必修第一册·第三章·函数的概念与性质,1,thin,
MATH,倍值函数,倍值函数,数学必修第一册·第三章·函数的概念与性质,1,thin,
MATH,倍角三角形,倍角三角形,数学必修第一册·第五章·三角函数,1,thin,
MATH,倒序相加法,倒序相加法,数学选择性必修第二册·第四章·数列,1,thin,
MATH,偶次方根的被开方数的被开方数必须大于等于零-即中,n次方根的性质,数学必修第一册·第三章·函数的概念与性质,1,thin,
MATH,全期望公式,全期望公式,数学必修第二册·第九十章（条件概率与正态分布见选择性必修第三册）·概率统计,1,thin,
MATH,公共项求和,公共项求和,数学选择性必修第二册·第四章·数列,1,thin,
MATH,共焦点的椭圆与双曲线,共焦点的椭圆与双曲线,数学选择性必修第一册·第二三章·解析几何,1,thin,
MATH,几何体染色的处理技巧,几何体染色的处理技巧,数学选择性必修第三册·第六章·计数原理,1,thin,
MATH,几种常见的函数模型,几种常见的函数模型,数学必修第一册·第三章·函数的概念与性质,1,thin,
MATH,凹凸函数的几何特征,凹凸函数的几何特征,数学选择性必修第二册·第五章·函数与导数,1,thin,
MATH,凹凸反转法,凹凸反转法,数学选择性必修第二册·第五章·函数与导数,1,thin,
MATH,凹凸性与切线放缩方向,凹凸性与切线放缩方向,数学选择性必修第二册·第四章·数列,1,thin,
MATH,函数与方程的综合运用,函数与方程的综合运用,数学必修第一册·第三章·函数的概念与性质,1,thin,
MATH,函数单调性的应用策略,函数单调性的应用策略,数学必修第一册·第三章·函数的概念与性质,1,thin,
MATH,函数图象与实际变化过程的匹配判断,函数图象与实际变化过程的匹配判断,数学必修第一册·第三章·函数的概念与性质,1,thin,
MATH,函数图象与描点法作图,函数图象与描点法作图,数学必修第一册·第三章·函数的概念与性质,1,thin,
MATH,函数图象的平移变换,函数图象的平移变换,数学必修第一册·第三章·函数的概念与性质,1,thin,
MATH,函数图象的应用,函数图象的应用,数学必修第一册·第三章·函数的概念与性质,1,thin,
MATH,函数建模的基本步骤,函数建模的基本步骤,数学必修第一册·第三章·函数的概念与性质,1,thin,
MATH,函数新定义问题的解题方法,函数新定义问题的解题方法,数学必修第一册·第三章·函数的概念与性质,1,thin,
MATH,函数模型（指数、对数型）的应用,函数模型（指数、对数型）的应用,数学必修第一册·第三章·函数的概念与性质,1,thin,
MATH,函数的极值与最值的关系,函数的极值与最值的关系,数学必修第一册·第三章·函数的概念与性质,1,thin,
MATH,函数的相关概念,函数的相关概念,数学必修第一册·第三章·函数的概念与性质,1,thin,
MATH,函数解析式的常用求法,函数解析式的常用求法,数学必修第一册·第三章·函数的概念与性质,1,thin,
MATH,函数零点个数与求参问题,函数零点个数与求参问题,数学选择性必修第二册·第五章·函数与导数,1,thin,
MATH,函数零点的求和问题,函数零点的求和问题,数学必修第一册·第三章·函数的概念与性质,1,thin,
MATH,分式不等式及其解法,分式不等式及其解法,数学必修第一册·第二章·不等式,1,thin,
MATH,分式型函数的值域,分式型函数的值域,数学必修第一册·第三章·函数的概念与性质,1,thin,
MATH,分指结构裂项放缩,分指结构裂项放缩,数学选择性必修第二册·第四章·数列,1,thin,
MATH,分组与分配问题的计数,分组与分配问题的计数,数学选择性必修第三册·第六章·计数原理,1,thin,
MATH,分角定理,分角定理,数学必修第一册·第三章·函数的概念与性质,1,thin,
MATH,切线夹与割线夹,切线夹与割线夹,数学选择性必修第二册·第五章·函数与导数,1,thin,
MATH,切线放缩的切点选择,切线放缩的切点选择,数学选择性必修第二册·第四章·数列,1,thin,
MATH,判定三角形的形状,判定三角形的形状,数学必修第一册·第五章·三角函数,1,thin,
MATH,判断不等式正误的常用方法,判断不等式正误的常用方法,数学必修第一册·第二章·不等式,1,thin,
MATH,利用前n项和与通项的关系求通项,利用前n项和与通项的关系求通项,数学选择性必修第二册·第四章·数列,1,thin,
MATH,利用奇偶性与单调性解不等式,利用奇偶性与单调性解不等式,数学必修第一册·第二章·不等式,1,thin,
MATH,利用奇偶性求参数,利用奇偶性求参数,数学必修第一册·第三章·函数的概念与性质,1,thin,
MATH,利用奇偶性求解析式,利用奇偶性求解析式,数学必修第一册·第三章·函数的概念与性质,1,thin,
MATH,利用导数研究单调性的易错点,利用导数研究单调性的易错点,数学选择性必修第二册·第五章·函数与导数,1,thin,
MATH,利用空间向量证明平行的方法,利用空间向量证明平行的方法,数学必修第二册·第六章·平面向量,1,thin,
MATH,前n项积求通项,前n项积求通项,数学选择性必修第二册·第四章·数列,1,thin,
MATH,割补法求空间几何体的体积,割补法求空间几何体的体积,数学必修第二册·第八章（空间向量见选择性必修第一册）·立体几何,1,thin,
MATH,半周期推导周期,半周期推导周期,数学必修第一册·第三章·函数的概念与性质,1,thin,
MATH,双外心模型的证明,双外心模型的证明,数学必修第二册·第八章（空间向量见选择性必修第一册）·立体几何,1,thin,
MATH,双曲函数,双曲函数,数学必修第一册·第三章·函数的概念与性质,1,thin,
MATH,反函数,反函数,数学必修第一册·第三章·函数的概念与性质,1,thin,
MATH,向量的三角不等式,向量的三角不等式,数学必修第二册·第六章·平面向量,1,thin,
MATH,含参三角函数求值,含参三角函数求值,数学必修第一册·第五章·三角函数,1,thin,
MATH,含参数三角函数的最值问题,含参数三角函数的最值问题,数学必修第一册·第五章·三角函数,1,thin,
MATH,周期数列的周期确认与求和要点,周期数列的周期确认与求和要点,数学选择性必修第二册·第四章·数列,1,thin,
MATH,和数列与积数列的通项,和数列与积数列的通项,数学选择性必修第二册·第四章·数列,1,thin,
MATH,四平方和定理,四平方和定理,数学必修第一册·第三章·函数的概念与性质,1,thin,
MATH,四心与极化恒等式、奔驰定理的速用技巧,四心与极化恒等式、奔驰定理的速用技巧,数学必修第二册·第六章·平面向量,1,thin,
MATH,圆中最值的常用结论,圆中最值的常用结论,数学必修第一册·第三章·函数的概念与性质,1,thin,
MATH,圆中的定值问题,圆中的定值问题,数学选择性必修第一册·第二三章·解析几何,1,thin,
MATH,圆中的定点与定值问题,圆中的定点与定值问题,数学选择性必修第一册·第二三章·解析几何,1,thin,
MATH,圆中的范围与最值问题,圆中的范围与最值问题,数学必修第一册·第三章·函数的概念与性质,1,thin,
MATH,圆幂定理与相交弦定理,圆幂定理与相交弦定理,数学必修第一册·第三章·函数的概念与性质,1,thin,
MATH,圆的一般方程,圆的一般方程,数学必修第一册·第三章·函数的概念与性质,1,thin,
MATH,圆的参数方程,圆的参数方程,数学必修第一册·第三章·函数的概念与性质,1,thin,
MATH,圆的弦长问题,圆的弦长问题,数学选择性必修第一册·第二三章·解析几何,1,thin,
MATH,圆的方程解题易错点,圆的方程解题易错点,数学必修第一册·第三章·函数的概念与性质,1,thin,
MATH,圆锥曲线中最值或范围问题的代数法,圆锥曲线中最值或范围问题的代数法,数学选择性必修第一册·第二三章·解析几何,1,thin,
MATH,圆锥曲线中最值或范围问题的几何法,圆锥曲线中最值或范围问题的几何法,数学选择性必修第一册·第二三章·解析几何,1,thin,
MATH,圆锥曲线中的向量条件转化,圆锥曲线中的向量条件转化,数学选择性必修第一册·第二三章·解析几何,1,thin,
MATH,圆锥曲线创新题,圆锥曲线创新题,数学选择性必修第一册·第二三章·解析几何,1,thin,
MATH,圆锥曲线焦点三角形的常用结论,圆锥曲线焦点三角形的常用结论,数学选择性必修第一册·第二三章·解析几何,1,thin,
MATH,圆锥曲线焦点弦三角形的常用结论,圆锥曲线焦点弦三角形的常用结论,数学选择性必修第一册·第二三章·解析几何,1,thin,
MATH,圆锥曲线的光学性质,圆锥曲线的光学性质,数学选择性必修第一册·第二三章·解析几何,1,thin,
MATH,圆锥曲线的弦长问题,圆锥曲线的弦长问题,数学选择性必修第一册·第二三章·解析几何,1,thin,
MATH,圆锥曲线的截线性质,圆锥曲线的截线性质,数学选择性必修第一册·第二三章·解析几何,1,thin,
MATH,圆锥曲线离心率的求法,圆锥曲线离心率的求法,数学选择性必修第一册·第二三章·解析几何,1,thin,
MATH,均值不等式链,均值不等式链,数学必修第一册·第二章·不等式,1,thin,
MATH,均值与方差的决策应用,均值与方差的决策应用,数学必修第二册·第九十章（条件概率与正态分布见选择性必修第三册）·概率统计,1,thin,
MATH,均匀分组与分配问题,均匀分组与分配问题,数学选择性必修第三册·第六章·计数原理,1,thin,
MATH,坐标旋转公式,坐标旋转公式,数学必修第一册·第三章·函数的概念与性质,1,thin,
MATH,垂面模型的建系方法,垂面模型的建系方法,数学必修第二册·第六章·平面向量,1,thin,
MATH,塞瓦定理,塞瓦定理,数学必修第一册·第三章·函数的概念与性质,1,thin,
MATH,复合函数的定义与单调性,复合函数的定义与单调性,数学必修第一册·第三章·函数的概念与性质,1,thin,
MATH,复数的三角形式与辐角,复数的三角形式与辐角,数学必修第一册·第五章·三角函数,1,thin,
MATH,复数的三角表示式,复数的三角表示式,数学必修第一册·第五章·三角函数,1,thin,
MATH,复数的乘方,复数的乘方,数学必修第二册·第七章·复数,1,thin,
MATH,复数的方程,复数的方程,数学必修第二册·第七章·复数,1,thin,
MATH,复数相等的充要条件,复数相等的充要条件,数学必修第一册·第一章·集合与常用逻辑用语,1,thin,
MATH,复数范围内一元二次方程的根,复数范围内一元二次方程的根,数学必修第二册·第七章·复数,1,thin,
MATH,复数范围内解方程,复数范围内解方程,数学必修第二册·第七章·复数,1,thin,
MATH,多变量最值问题的解题方法,多变量最值问题的解题方法,数学必修第一册·第三章·函数的概念与性质,1,thin,
MATH,多重受限条件的排列组合处理,多重受限条件的排列组合处理,数学选择性必修第三册·第六章·计数原理,1,thin,
MATH,多面体欧拉定理,多面体欧拉定理,数学必修第二册·第八章（空间向量见选择性必修第一册）·立体几何,1,thin,
MATH,奇偶性解题的两个易误点,奇偶性解题的两个易误点,数学必修第一册·第三章·函数的概念与性质,1,thin,
MATH,奇偶项与含(-1)^n的数列求和,奇偶项与含(-1)^n的数列求和,数学选择性必修第二册·第四章·数列,1,thin,
MATH,奇偶项分类讨论求和,奇偶项分类讨论求和,数学必修第一册·第三章·函数的概念与性质,1,thin,
MATH,子数列问题,子数列问题,数学选择性必修第二册·第四章·数列,1,thin,
MATH,定义法-步骤是-一作-二证-三求,定义法：步骤是“一作、二证、三求”．,数学必修第二册·第八章（空间向量见选择性必修第一册）·立体几何,1,thin,
MATH,定理法-利用零点存在定理-函数的图象在区间上是连续不断的曲线-且,定理法,数学必修第一册·第三章·函数的概念与性质,1,thin,
MATH,实系数一元二次方程的根与韦达定理,实系数一元二次方程的根与韦达定理,数学必修第一册·第三章·函数的概念与性质,1,thin,
MATH,对数不等式的解法,对数不等式的解法,数学必修第一册·第二章·不等式,1,thin,
MATH,对数型函数的定义域与值域,对数型函数的定义域与值域,数学必修第一册·第三章·函数的概念与性质,1,thin,
MATH,对数方程与不等式的解法,对数方程与不等式的解法,数学必修第一册·第二章·不等式,1,thin,
MATH,对棱相等四面体的外接球,对棱相等四面体的外接球,数学必修第二册·第八章（空间向量见选择性必修第一册）·立体几何,1,thin,
MATH,导函数与原函数的对称性,导函数与原函数的对称性,数学选择性必修第一册·第二三章·解析几何,1,thin,
MATH,导数中的整数解问题,导数中的整数解问题,数学选择性必修第二册·第五章·函数与导数,1,thin,
MATH,导数压轴题的解题流程,导数压轴题的解题流程,数学选择性必修第二册·第五章·函数与导数,1,thin,
MATH,导数双变量问题的处理方法,导数双变量问题的处理方法,数学选择性必修第二册·第五章·函数与导数,1,thin,
MATH,导数新定义问题的解题策略,导数新定义问题的解题策略,数学选择性必修第二册·第五章·函数与导数,1,thin,
MATH,嵌套函数的最值与参数范围,嵌套函数的最值与参数范围,数学必修第一册·第三章·函数的概念与性质,1,thin,
MATH,差式递推的压缩放缩,差式递推的压缩放缩,数学选择性必修第二册·第四章·数列,1,thin,
MATH,已知函数零点求参数的方法,已知函数零点求参数的方法,数学选择性必修第二册·第五章·函数与导数,1,thin,
MATH,已知零点个数求参数的方法,已知零点个数求参数的方法,数学选择性必修第二册·第五章·函数与导数,1,thin,
MATH,布洛卡点,布洛卡点,数学必修第一册·第三章·函数的概念与性质,1,thin,
MATH,帕德近似,帕德近似,数学选择性必修第二册·第五章·函数与导数,1,thin,
MATH,平均数与方差的线性变换,平均数与方差的线性变换,数学必修第二册·第九十章（条件概率与正态分布见选择性必修第三册）·概率统计,1,thin,
MATH,平方和与立方和公式,平方和与立方和公式,数学选择性必修第二册·第四章·数列,1,thin,
MATH,平移切线法,平移切线法,数学必修第一册·第三章·函数的概念与性质,1,thin,
MATH,平面向量与三角形的四心,平面向量与三角形的四心,数学必修第二册·第六章·平面向量,1,thin,
MATH,平面向量中的范围与最值问题的处理思路,平面向量中的范围与最值问题的处理思路,数学必修第二册·第六章·平面向量,1,thin,
MATH,平面向量压轴题的破题思路,平面向量压轴题的破题思路,数学必修第二册·第六章·平面向量,1,thin,
MATH,平面向量模型的识别与选用,平面向量模型的识别与选用,数学必修第二册·第六章·平面向量,1,thin,
MATH,平面向量的正交分解,平面向量的正交分解,数学必修第二册·第六章·平面向量,1,thin,
MATH,平面向量问题的建系技巧,平面向量问题的建系技巧,数学必修第二册·第六章·平面向量,1,thin,
MATH,异面直线所成角,异面直线所成角,数学选择性必修第一册·第一章·空间向量与立体几何,1,thin,
MATH,弦长公式,弦长公式,数学选择性必修第一册·第二三章·解析几何,1,thin,
MATH,弦长成等差等比数列,弦长成等差等比数列,数学选择性必修第一册·第二三章·解析几何,1,thin,
MATH,弦长的和差与比值问题,弦长的和差与比值问题,数学选择性必修第一册·第二三章·解析几何,1,thin,
MATH,德摩根定律,德摩根定律,数学必修第一册·第三章·函数的概念与性质,1,thin,
MATH,忽视不等式性质成立的条件致错,忽视不等式性质成立的条件致错,数学必修第一册·第二章·不等式,1,thin,
MATH,截角多面体的外接球,截角多面体的外接球,数学必修第二册·第八章（空间向量见选择性必修第一册）·立体几何,1,thin,
MATH,截角多面体的表面积与体积,截角多面体的表面积与体积,数学必修第二册·第八章（空间向量见选择性必修第一册）·立体几何,1,thin,
MATH,扇形的周长与面积最值问题,扇形的周长与面积最值问题,数学必修第一册·第五章·三角函数,1,thin,
MATH,扇形的弧长与面积公式,扇形的弧长与面积公式,数学必修第一册·第五章·三角函数,1,thin,
MATH,手电筒模型,手电筒模型,数学必修第一册·第三章·函数的概念与性质,1,thin,
MATH,抛物线的标准方程,抛物线的标准方程,数学选择性必修第一册·第二三章·解析几何,1,thin,
MATH,指对处理,指对处理,数学必修第一册·第四章·指数函数与对数函数,1,thin,
MATH,指数,指数,数学必修第一册·第四章·指数函数与对数函数,1,thin,
MATH,指数函数与对数函数的图象关系,指数函数与对数函数的图象关系,数学必修第一册·第三章·函数的概念与性质,1,thin,
MATH,指数方程与对数方程的解法,指数方程与对数方程的解法,数学必修第一册·第三章·函数的概念与性质,1,thin,
MATH,捆绑法与插空法,捆绑法与插空法,数学选择性必修第三册·第六章·计数原理,1,thin,
MATH,排列与组合的区别,排列与组合的区别,数学选择性必修第三册·第六章·计数原理,1,thin,
MATH,排列数与组合数的概念,排列数与组合数的概念,数学选择性必修第三册·第六章·计数原理,1,thin,
MATH,排列组合审题三步法,排列组合审题三步法,数学选择性必修第三册·第六章·计数原理,1,thin,
MATH,排列组合常用六法,排列组合常用六法,数学选择性必修第三册·第六章·计数原理,1,thin,
MATH,排列组合的常用方法,排列组合的常用方法,数学选择性必修第三册·第六章·计数原理,1,thin,
MATH,排列组合的解题途径,排列组合的解题途径,数学选择性必修第三册·第六章·计数原理,1,thin,
MATH,描点法作函数图象,描点法作函数图象,数学必修第一册·第三章·函数的概念与性质,1,thin,
MATH,描点法作图,描点法作图,数学必修第一册·第三章·函数的概念与性质,1,thin,
MATH,插项求和,插项求和,数学选择性必修第二册·第四章·数列,1,thin,
MATH,放缩精度的控制,放缩精度的控制,数学选择性必修第二册·第四章·数列,1,thin,
MATH,数列不等式问题的常见题型,数列不等式问题的常见题型,数学选择性必修第二册·第四章·数列,1,thin,
MATH,数列中的去项与插项问题,数列中的去项与插项问题,数学选择性必修第二册·第四章·数列,1,thin,
MATH,数列新定义与新情景问题的解题策略,数列新定义与新情景问题的解题策略,数学选择性必修第二册·第四章·数列,1,thin,
MATH,数列新定义问题的模型分类,数列新定义问题的模型分类,数学选择性必修第二册·第四章·数列,1,thin,
MATH,数字化法与网格最短路径计数,数字化法与网格最短路径计数,数学选择性必修第三册·第六章·计数原理,1,thin,
MATH,数据线性变换的平均数与方差,数据线性变换的平均数与方差,数学必修第二册·第九十章（条件概率与正态分布见选择性必修第三册）·概率统计,1,thin,
MATH,数量积的运算方法与变形公式,数量积的运算方法与变形公式,数学必修第一册·第三章·函数的概念与性质,1,thin,
MATH,数量积综合应用的解题方法,数量积综合应用的解题方法,数学必修第一册·第三章·函数的概念与性质,1,thin,
MATH,斜坐标系中的向量运算,斜坐标系中的向量运算,数学必修第二册·第六章·平面向量,1,thin,
MATH,新定义函数题的解题思路,新定义函数题的解题思路,数学必修第一册·第三章·函数的概念与性质,1,thin,
MATH,新定义问题的解题策略,新定义问题的解题策略,数学必修第一册·第三章·函数的概念与性质,1,thin,
MATH,新定义题型的一般解题策略,新定义题型的一般解题策略,数学必修第一册·第三章·函数的概念与性质,1,thin,
MATH,新定义题的通用解题步骤与理解技巧,新定义题的通用解题步骤与理解技巧,数学必修第一册·第三章·函数的概念与性质,1,thin,
MATH,旋转体的结构特征,旋转体的结构特征,数学必修第二册·第八章（空间向量见选择性必修第一册）·立体几何,1,thin,
MATH,最值函数,最值函数,数学必修第一册·第三章·函数的概念与性质,1,thin,
MATH,月牙定理,月牙定理,数学必修第一册·第三章·函数的概念与性质,1,thin,
MATH,有条件等式的最值,有条件等式的最值,数学必修第一册·第三章·函数的概念与性质,1,thin,
MATH,有限制条件的排列问题,有限制条件的排列问题,数学选择性必修第三册·第六章·计数原理,1,thin,
MATH,杨辉三角的性质,杨辉三角的性质,数学必修第一册·第五章·三角函数,1,thin,
MATH,极值最值问题中的等价转化,极值最值问题中的等价转化,数学必修第一册·第三章·函数的概念与性质,1,thin,
MATH,柯西中值定理,柯西中值定理,数学必修第一册·第二章·不等式,1,thin,
MATH,根式不等式的解法,根式不等式的解法,数学必修第一册·第二章·不等式,1,thin,
MATH,根据零点个数求参数的方法,根据零点个数求参数的方法,数学必修第一册·第三章·函数的概念与性质,1,thin,
MATH,梅涅劳斯定理,梅涅劳斯定理,数学必修第一册·第三章·函数的概念与性质,1,thin,
MATH,梅涅劳斯定理与塞瓦定理,梅涅劳斯定理与塞瓦定理,数学必修第一册·第三章·函数的概念与性质,1,thin,
MATH,棣莫弗定理,棣莫弗定理,数学必修第一册·第三章·函数的概念与性质,1,thin,
MATH,棣莫弗定理与1的n次方根,棣莫弗定理与1的n次方根,数学必修第一册·第三章·函数的概念与性质,1,thin,
MATH,棱切球,棱切球,数学必修第二册·第八章（空间向量见选择性必修第一册）·立体几何,1,thin,
MATH,棱台的结构特征,棱台的结构特征,数学必修第二册·第八章（空间向量见选择性必修第一册）·立体几何,1,thin,
MATH,棱柱的结构特征,棱柱的结构特征,数学必修第二册·第八章（空间向量见选择性必修第一册）·立体几何,1,thin,
MATH,棱锥的结构特征,棱锥的结构特征,数学必修第二册·第八章（空间向量见选择性必修第一册）·立体几何,1,thin,
MATH,概率与数列综合,概率与数列综合,数学选择性必修第二册·第四章·数列,1,thin,
MATH,欧拉线,欧拉线,数学选择性必修第一册·第二三章·解析几何,1,thin,
MATH,正弦平方差与正切恒等式,正弦平方差与正切恒等式,数学必修第二册·第九十章（条件概率与正态分布见选择性必修第三册）·概率统计,1,thin,
MATH,正方体、长方体与球,正方体、长方体与球,数学必修第二册·第八章（空间向量见选择性必修第一册）·立体几何,1,thin,
MATH,正方体切割出的四面体模型,正方体切割出的四面体模型,数学必修第二册·第八章（空间向量见选择性必修第一册）·立体几何,1,thin,
MATH,比值与差值换元法处理双变量,比值与差值换元法处理双变量,数学选择性必修第二册·第五章·函数与导数,1,thin,
MATH,求函数最值的方法,求函数最值的方法,数学必修第一册·第三章·函数的概念与性质,1,thin,
MATH,求和问题,求和问题,数学选择性必修第二册·第四章·数列,1,thin,
MATH,求圆锥曲线离心率的四步法,求圆锥曲线离心率的四步法,数学选择性必修第一册·第二三章·解析几何,1,thin,
MATH,求展开式中系数最大的项,求展开式中系数最大的项,数学必修第一册·第三章·函数的概念与性质,1,thin,
MATH,求空间几何体表面积,求空间几何体表面积,数学必修第二册·第八章（空间向量见选择性必修第一册）·立体几何,1,thin,
MATH,注意解题-3关键,注意解题“3关键”,数学选择性必修第二册·第四章·数列,1,thin,
MATH,涂色问题的计数方法,涂色问题的计数方法,数学选择性必修第三册·第六章·计数原理,1,thin,
MATH,爪子定理,爪子定理,数学必修第一册·第三章·函数的概念与性质,1,thin,
MATH,爪形三角形问题的解题策略,爪形三角形问题的解题策略,数学必修第一册·第五章·三角函数,1,thin,
MATH,牛顿切线法（用导数求方程近似解）,牛顿切线法（用导数求方程近似解）,数学选择性必修第二册·第五章·函数与导数,1,thin,
MATH,特殊元素与特殊位置优先法,特殊元素与特殊位置优先法,数学必修第一册·第三章·函数的概念与性质,1,thin,
MATH,特殊的棱柱和棱锥,特殊的棱柱和棱锥,数学必修第二册·第八章（空间向量见选择性必修第一册）·立体几何,1,thin,
MATH,狄利克雷函数,狄利克雷函数,数学必修第一册·第三章·函数的概念与性质,1,thin,
MATH,狄利克雷函数与高斯函数,狄利克雷函数与高斯函数,数学必修第一册·第三章·函数的概念与性质,1,thin,
MATH,球放盒子模型,球放盒子模型,数学选择性必修第三册·第六章·计数原理,1,thin,
MATH,球面三角形与曲面三棱锥,球面三角形与曲面三棱锥,数学必修第二册·第八章（空间向量见选择性必修第一册）·立体几何,1,thin,
MATH,用函数图象解不等式,用函数图象解不等式,数学必修第一册·第二章·不等式,1,thin,
MATH,用向量坐标表示三角形的面积,用向量坐标表示三角形的面积,数学必修第二册·第六章·平面向量,1,thin,
MATH,由三角函数的性质求参数,由三角函数的性质求参数,数学必修第一册·第五章·三角函数,1,thin,
MATH,由三角函数零点求参数范围,由三角函数零点求参数范围,数学选择性必修第二册·第五章·函数与导数,1,thin,
MATH,由切线条件求参数,由切线条件求参数,数学必修第一册·第三章·函数的概念与性质,1,thin,
MATH,由图象确定函数解析式的方法,由图象确定函数解析式的方法,数学必修第一册·第三章·函数的概念与性质,1,thin,
MATH,直线与圆相交的弦长,直线与圆相交的弦长,数学选择性必修第一册·第二三章·解析几何,1,thin,
MATH,直线与圆综合题的解题策略,直线与圆综合题的解题策略,数学必修第一册·第三章·函数的概念与性质,1,thin,
MATH,直线的方向向量与参数方程,直线的方向向量与参数方程,数学必修第二册·第六章·平面向量,1,thin,
MATH,相伴函数,相伴函数,数学必修第一册·第三章·函数的概念与性质,1,thin,
MATH,相同元素只选不排原则,相同元素只选不排原则,数学必修第一册·第三章·函数的概念与性质,1,thin,
MATH,破-重点难点-突破重难点-冲刺高分,破·重点难点：突破重难点，冲刺高分。,数学必修第二册·第八章（空间向量见选择性必修第一册）·立体几何,1,thin,
MATH,离心率的范围问题,离心率的范围问题,数学选择性必修第一册·第二三章·解析几何,1,thin,
MATH,秦九韶公式与海伦公式,秦九韶公式与海伦公式,数学必修第一册·第三章·函数的概念与性质,1,thin,
MATH,空位型相同元素排列,空位型相同元素排列,数学选择性必修第三册·第六章·计数原理,1,thin,
MATH,空间中点坐标的求法,空间中点坐标的求法,数学必修第二册·第八章（空间向量见选择性必修第一册）·立体几何,1,thin,
MATH,空间点-线-面位置关系不清,空间点、线、面位置关系不清,数学必修第二册·第八章（空间向量见选择性必修第一册）·立体几何,1,thin,
MATH,空间直角坐标系的建立原则,空间直角坐标系的建立原则,数学必修第二册·第八章（空间向量见选择性必修第一册）·立体几何,1,thin,
MATH,穿针引线法（解高次不等式）,穿针引线法（解高次不等式）,数学必修第一册·第二章·不等式,1,thin,
MATH,立体几何中的轨迹问题,立体几何中的轨迹问题,数学必修第二册·第八章（空间向量见选择性必修第一册）·立体几何,1,thin,
MATH,等差与等比纠缠型数列,等差与等比纠缠型数列,数学选择性必修第二册·第四章·数列,1,thin,
MATH,等差数列与等比数列的相互转化,等差数列与等比数列的相互转化,数学选择性必修第二册·第四章·数列,1,thin,
MATH,等差数列的判定与证明方法,等差数列的判定与证明方法,数学选择性必修第二册·第四章·数列,1,thin,
MATH,等差数列的判定方法,等差数列的判定方法,数学选择性必修第二册·第四章·数列,1,thin,
MATH,等比中项,等比中项,数学必修第一册·第三章·函数的概念与性质,1,thin,
MATH,等比数列的判定与证明方法,等比数列的判定与证明方法,数学选择性必修第二册·第四章·数列,1,thin,
MATH,等比数列的判定方法,等比数列的判定方法,数学选择性必修第二册·第四章·数列,1,thin,
MATH,等比数列的判断与证明方法,等比数列的判断与证明方法,数学选择性必修第二册·第四章·数列,1,thin,
MATH,等角定理,等角定理,数学必修第一册·第三章·函数的概念与性质,1,thin,
MATH,线面平行的定义-一条直线与一个平面无公共点-不相交,线面平行的定义,数学必修第二册·第八章（空间向量见选择性必修第一册）·立体几何,1,thin,
MATH,线面角的定义与求法,线面角的定义与求法,数学必修第二册·第八章（空间向量见选择性必修第一册）·立体几何,1,thin,
MATH,线面距和面面距,线面距和面面距,数学选择性必修第一册·第一章·空间向量与立体几何,1,thin,
MATH,给值求值问题,给值求值问题,数学必修第一册·第三章·函数的概念与性质,1,thin,
MATH,给值求角问题,给值求角问题,数学必修第一册·第三章·函数的概念与性质,1,thin,
MATH,统计图表的读取,统计图表的读取,数学必修第二册·第九十章（条件概率与正态分布见选择性必修第三册）·概率统计,1,thin,
MATH,虚数单位幂的周期性,虚数单位幂的周期性,数学必修第一册·第三章·函数的概念与性质,1,thin,
MATH,解三角形中周长最值的求法,解三角形中周长最值的求法,数学必修第一册·第五章·三角函数,1,thin,
MATH,解三角形中的几何图形及证明类问题,解三角形中的几何图形及证明类问题,数学必修第一册·第五章·三角函数,1,thin,
MATH,解三角形中的周长与边长范围问题,解三角形中的周长与边长范围问题,数学必修第一册·第五章·三角函数,1,thin,
MATH,解三角形中的常用结论,解三角形中的常用结论,数学必修第一册·第五章·三角函数,1,thin,
MATH,解三角形中角的范围问题,解三角形中角的范围问题,数学必修第一册·第五章·三角函数,1,thin,
MATH,解三角形在平面几何中的应用,解三角形在平面几何中的应用,数学必修第一册·第五章·三角函数,1,thin,
MATH,解三角形常用二级结论,解三角形常用二级结论,数学必修第一册·第五章·三角函数,1,thin,
MATH,解三角形的常用定理,解三角形的常用定理,数学必修第一册·第五章·三角函数,1,thin,
MATH,解函数模型的步骤,解函数模型的步骤,数学必修第一册·第三章·函数的概念与性质,1,thin,
MATH,解析几何中向量条件的处理方法,解析几何中向量条件的处理方法,数学必修第二册·第六章·平面向量,1,thin,
MATH,计数原理的推广形式,计数原理的推广形式,数学选择性必修第三册·第六章·计数原理,1,thin,
MATH,计数问题的通用解题流程,计数问题的通用解题流程,数学选择性必修第三册·第六章·计数原理,1,thin,
MATH,证明等差与等比数列的方法,证明等差与等比数列的方法,数学选择性必修第二册·第四章·数列,1,thin,
MATH,超几何分布的判断与解题步骤,超几何分布的判断与解题步骤,数学必修第一册·第三章·函数的概念与性质,1,thin,
MATH,辨-易混易错-辨析易混易错知识点-夯实基础,辨·易混易错：辨析易混易错知识点，夯实基础。,数学必修第二册·第八章（空间向量见选择性必修第一册）·立体几何,1,thin,
MATH,递推式含(-1)^(n+1)的每四项并项,递推式含(-1)^(n+1)的每四项并项,数学选择性必修第二册·第四章·数列,1,thin,
MATH,部分奇偶性,部分奇偶性,数学必修第一册·第三章·函数的概念与性质,1,thin,
MATH,配对问题,配对问题,数学必修第一册·第三章·函数的概念与性质,1,thin,
MATH,降幂公式与升幂公式,降幂公式与升幂公式,数学必修第一册·第三章·函数的概念与性质,1,thin,
MATH,隐函数的求导,隐函数的求导,数学选择性必修第二册·第五章·函数与导数,1,thin,
MATH,集合的分类,集合的分类,数学必修第一册·第一章·集合与常用逻辑用语,1,thin,
MATH,零点个数与所在区间的判断方法,零点个数与所在区间的判断方法,数学选择性必修第二册·第五章·函数与导数,1,thin,
MATH,零点的放缩,零点的放缩,数学选择性必修第二册·第四章·数列,1,thin,
MATH,面积射影定理,面积射影定理,数学必修第一册·第五章·三角函数,1,thin,
MATH,频率分布直方图,频率分布直方图,数学必修第一册·第三章·函数的概念与性质,1,thin,
MATH,频率的稳定性与频率估计概率,频率的稳定性与频率估计概率,数学必修第二册·第九十章（条件概率与正态分布见选择性必修第三册）·概率统计,1,thin,
MATH,频率的稳定性（用频率估计概率）,频率的稳定性（用频率估计概率）,数学必修第二册·第九十章（条件概率与正态分布见选择性必修第三册）·概率统计,1,thin,
MATH,高斯函数,高斯函数,数学必修第一册·第三章·函数的概念与性质,1,thin,
MATH,高次不等式及其解法,高次不等式及其解法,数学必修第一册·第二章·不等式,1,thin,
MATH,齐次式与切弦互化,齐次式与切弦互化,数学必修第一册·第三章·函数的概念与性质,1,thin,
MATH,齐次式的处理,齐次式的处理,数学必修第一册·第三章·函数的概念与性质,1,thin,
PHYSICS,U-I图像与I-U图像的理解,U-I图像与I-U图像的理解,PHYSICS·综合·综合·综合,1,thin,
PHYSICS,a-b两物块叠放在转盘上,A、B两物块叠放在转盘上,物理必修第一册·第一章·运动的描述,1,thin,
PHYSICS,v-t图像信息的读取方法,v-t图像信息的读取方法,PHYSICS·综合·综合·综合,1,thin,
PHYSICS,x-t图像（位移—时间图像）,x-t图像（位移—时间图像）,PHYSICS·综合·综合·综合,1,thin,
PHYSICS,万有引力与航天中的情景创新的问题处理,万有引力与航天中的情景创新的问题处理,物理必修第二册·第七章·万有引力与宇宙航行·2 万有引力定律,1,thin,
PHYSICS,三个自由点电荷的平衡模型,三个自由点电荷的平衡模型,物理必修第一册·第三章·相互作用,1,thin,
PHYSICS,三种传动方式及特点,三种传动方式及特点,PHYSICS·综合·综合·综合,1,thin,
PHYSICS,三种放射线的性质比较,三种放射线的性质比较,PHYSICS·综合·综合·综合,1,thin,
PHYSICS,三种起电方式,三种起电方式,物理必修第三册·第九十章·静电场,1,thin,
PHYSICS,三角函数法,三角函数法,PHYSICS·综合·综合·综合,1,thin,
PHYSICS,两个直线运动合运动性质的判断,两个直线运动合运动性质的判断,物理必修第二册·第五六章·抛体运动与圆周运动,1,thin,
PHYSICS,两种时空观,两种时空观,PHYSICS·综合·综合·综合,1,thin,
PHYSICS,两种表述,两种表述,物理选择性必修第三册·第一至三章·热学,1,thin,
PHYSICS,两种运动状态-x1,两种运动状态,物理必修第三册·第十三章（安培力/洛伦兹力/感应定律见选择性必修第二册）·磁场与电磁感应,1,thin,
PHYSICS,两类U-I图像的分析,两类U-I图像的分析,PHYSICS·综合·综合·综合,1,thin,
PHYSICS,两类U-I图像的综合应用,两类U-I图像的综合应用,物理必修第三册·第十一十二章·恒定电流,1,thin,
PHYSICS,两类跃迁问题与电离,两类跃迁问题与电离,PHYSICS·综合·综合·综合,1,thin,
PHYSICS,中间位置的瞬时速度,中间位置的瞬时速度,PHYSICS·综合·综合·综合,1,thin,
PHYSICS,串、并联电路的特点与推论,串、并联电路的特点与推论,物理必修第三册·第十一十二章·恒定电流,1,thin,
PHYSICS,串并联电路的特点与四个结论,串并联电路的特点与四个结论,物理必修第三册·第十一十二章·恒定电流,1,thin,
PHYSICS,串并联电路的电功率分配,串并联电路的电功率分配,物理必修第二册·第八章·机械能与能量守恒,1,thin,
PHYSICS,串并联电路的规律,串并联电路的规律,物理必修第三册·第十一十二章·恒定电流,1,thin,
PHYSICS,串并联电路的规律与推论,串并联电路的规律与推论,物理必修第三册·第十一十二章·恒定电流,1,thin,
PHYSICS,二力不平衡的合成法,二力不平衡的合成法,物理必修第一册·第三章·相互作用,1,thin,
PHYSICS,二次感应问题的分析,二次感应问题的分析,PHYSICS·综合·综合·综合,1,thin,
PHYSICS,二次感应问题（程序法与逆向推理法）,二次感应问题（程序法与逆向推理法）,PHYSICS·综合·综合·综合,1,thin,
PHYSICS,交变电场问题的v-t图像分析,交变电场问题的v-t图像分析,物理必修第三册·第九十章·静电场,1,thin,
PHYSICS,交变电流,交变电流,物理选择性必修第二册·第三四章·交变电流与电磁波·1 交变电流,1,thin,
PHYSICS,人造卫星的轨道分类与运行参数,人造卫星的轨道分类与运行参数,物理必修第二册·第七章·万有引力与宇宙航行,1,thin,
PHYSICS,伏伏法与安安法测电阻,伏伏法与安安法测电阻,物理必修第三册·第十一十二章·恒定电流,1,thin,
PHYSICS,伏伏法测电阻（电压表差值法）,伏伏法测电阻（电压表差值法）,物理必修第三册·第十一十二章·恒定电流,1,thin,
PHYSICS,伏伏法（电压表差值法）,伏伏法（电压表差值法）,PHYSICS·综合·综合·综合,1,thin,
PHYSICS,伏安法测电源电动势和内阻的误差分析,伏安法测电源电动势和内阻的误差分析,物理必修第三册·第十一十二章·恒定电流,1,thin,
PHYSICS,伏安特性曲线的应用,伏安特性曲线的应用,物理必修第三册·第十一十二章·恒定电流,1,thin,
PHYSICS,伏欧法测电源电动势和内阻,伏欧法测电源电动势和内阻,物理必修第三册·第十一十二章·恒定电流,1,thin,
PHYSICS,伏阻法测电动势与内阻,伏阻法测电动势与内阻,物理必修第三册·第十一十二章·恒定电流,1,thin,
PHYSICS,伏阻法测电源电动势和内阻,伏阻法测电源电动势和内阻,物理必修第三册·第十一十二章·恒定电流,1,thin,
PHYSICS,传送带上的相对位移与划痕,传送带上的相对位移与划痕,物理必修第一册·第四章·牛顿运动定律,1,thin,
PHYSICS,保守型与耗散型碰撞拓展模型,保守型与耗散型碰撞拓展模型,物理选择性必修第一册·第一章·动量,1,thin,
PHYSICS,假设法,假设法,PHYSICS·综合·综合·综合,1,thin,
PHYSICS,光学知识体系,光学知识体系,PHYSICS·综合·综合·综合,1,thin,
PHYSICS,光导纤维与全反射棱镜,光导纤维与全反射棱镜,物理选择性必修第一册·第四章·光学,1,thin,
PHYSICS,光电效应与带电粒子在电磁场中的综合模型,光电效应与带电粒子在电磁场中的综合模型,物理选择性必修第一册·第四章·光学,1,thin,
PHYSICS,光谱及其分类,光谱及其分类,物理选择性必修第一册·第四章·光学,1,thin,
PHYSICS,共点力平衡的常用推论,共点力平衡的常用推论,物理必修第一册·第三章·相互作用,1,thin,
PHYSICS,共速连接体对合力的分配原理,共速连接体对合力的分配原理,物理必修第一册·第三章·相互作用,1,thin,
PHYSICS,关联气体问题,关联气体问题,物理选择性必修第三册·第一至三章·热学,1,thin,
PHYSICS,几个基本概念的理解,几个基本概念的理解,物理选择性必修第三册·第四五章·近代物理,1,thin,
PHYSICS,分析变压器电路的两点提醒,分析变压器电路的两点提醒,物理必修第三册·第十一十二章·恒定电流,1,thin,
PHYSICS,刹车模型（含反应时间）,刹车模型（含反应时间）,物理必修第一册·第二章·匀变速直线运动,1,thin,
PHYSICS,刹车类与双向可逆类问题对比,刹车类与双向可逆类问题对比,物理必修第一册·第二章·匀变速直线运动,1,thin,
PHYSICS,力、加速度与速度的关系,力、加速度与速度的关系,PHYSICS·综合·综合·综合,1,thin,
PHYSICS,力与运动知识体系,力与运动知识体系,PHYSICS·综合·综合·综合,1,thin,
PHYSICS,力做功与路径的关系及成对力的做功特点,力做功与路径的关系及成对力的做功特点,物理必修第二册·第八章·机械能与能量守恒,1,thin,
PHYSICS,力热综合问题的解题思路,力热综合问题的解题思路,PHYSICS·综合·综合·综合,1,thin,
PHYSICS,力电综合问题的三种观点,力电综合问题的三种观点,PHYSICS·综合·综合·综合,1,thin,
PHYSICS,力的作用效果与力的三要素,力的作用效果与力的三要素,PHYSICS·综合·综合·综合,1,thin,
PHYSICS,力的分解的多解问题,力的分解的多解问题,物理必修第一册·第三章·相互作用,1,thin,
PHYSICS,力的合成与分解的解题步骤,力的合成与分解的解题步骤,物理必修第一册·第三章·相互作用,1,thin,
PHYSICS,力的合成实验的创新改进,力的合成实验的创新改进,物理必修第一册·第三章·相互作用,1,thin,
PHYSICS,力的图示与示意图,力的图示与示意图,PHYSICS·综合·综合·综合,1,thin,
PHYSICS,力的概念,力的概念,PHYSICS·综合·综合·综合,1,thin,
PHYSICS,力的正交分解法,力的正交分解法,物理必修第一册·第三章·相互作用,1,thin,
PHYSICS,动能定理在多过程问题中的应用,动能定理在多过程问题中的应用,物理必修第二册·第八章·机械能与能量守恒,1,thin,
PHYSICS,动量和动量定理,动量和动量定理,物理选择性必修第一册·第一章·动量,1,thin,
PHYSICS,匀强磁场中原子核衰变轨迹模型,匀强磁场中原子核衰变轨迹模型,物理必修第三册·第十三章（安培力/洛伦兹力/感应定律见选择性必修第二册）·磁场与电磁感应,1,thin,
PHYSICS,匀质绳索与多段物体的平衡,匀质绳索与多段物体的平衡,物理必修第一册·第三章·相互作用,1,thin,
PHYSICS,匀质绳索平衡的选段分析法,匀质绳索平衡的选段分析法,物理必修第一册·第三章·相互作用,1,thin,
PHYSICS,单一气体多过程问题,单一气体多过程问题,物理选择性必修第三册·第一至三章·热学,1,thin,
PHYSICS,单体机械能守恒定律的应用,单体机械能守恒定律的应用,物理必修第二册·第八章·机械能与能量守恒,1,thin,
PHYSICS,单方向的简谐运动,单方向的简谐运动,物理选择性必修第一册·第二三章·机械振动与机械波,1,thin,
PHYSICS,卫星中的超重与失重现象,卫星中的超重与失重现象,物理必修第一册·第四章·牛顿运动定律,1,thin,
PHYSICS,卫星的轨道,卫星的轨道,物理必修第二册·第七章·万有引力与宇宙航行,1,thin,
PHYSICS,卫星的追及与相遇问题,卫星的追及与相遇问题,物理必修第一册·第二章·匀变速直线运动,1,thin,
PHYSICS,压力与重力的区别,压力与重力的区别,PHYSICS·综合·综合·综合,1,thin,
PHYSICS,去返模型,去返模型,PHYSICS·综合·综合·综合,1,thin,
PHYSICS,双星与多星问题的分析关键,双星与多星问题的分析关键,物理必修第二册·第七章·万有引力与宇宙航行,1,thin,
PHYSICS,双缝干涉实验的创新方案,双缝干涉实验的创新方案,物理选择性必修第一册·第四章·光学,1,thin,
PHYSICS,受力分析的三个技巧,受力分析的三个技巧,物理必修第一册·第三章·相互作用,1,thin,
PHYSICS,口诀法比较平抛轨迹,口诀法比较平抛轨迹,物理必修第二册·第五六章·抛体运动与圆周运动,1,thin,
PHYSICS,另类加速度,另类加速度,物理必修第一册·第二章·匀变速直线运动,1,thin,
PHYSICS,合力与加速度速度的决定关系,合力与加速度速度的决定关系,物理必修第一册·第三章·相互作用,1,thin,
PHYSICS,合运动的性质与轨迹的判定,合运动的性质与轨迹的判定,物理必修第二册·第五六章·抛体运动与圆周运动,1,thin,
PHYSICS,向心力实验的数据处理与结论,向心力实验的数据处理与结论,物理必修第二册·第五六章·抛体运动与圆周运动,1,thin,
PHYSICS,向心力演示器实验原理与操作,向心力演示器实验原理与操作,物理必修第二册·第五六章·抛体运动与圆周运动,1,thin,
PHYSICS,向心力演示器的使用注意事项,向心力演示器的使用注意事项,物理必修第二册·第五六章·抛体运动与圆周运动,1,thin,
PHYSICS,向心力演示器的实验原理与器材,向心力演示器的实验原理与器材,物理必修第二册·第五六章·抛体运动与圆周运动,1,thin,
PHYSICS,向心加速度,向心加速度,物理必修第二册·第五六章·抛体运动与圆周运动·3 向心加速度,1,thin,
PHYSICS,含容电路的分析方法,含容电路的分析方法,物理必修第三册·第十一十二章·恒定电流,1,thin,
PHYSICS,含容电路的分析策略,含容电路的分析策略,物理必修第三册·第十一十二章·恒定电流,1,thin,
PHYSICS,含容电路的动态分析,含容电路的动态分析,物理必修第三册·第十一十二章·恒定电流,1,thin,
PHYSICS,含容电路的稳态分析,含容电路的稳态分析,物理必修第三册·第十一十二章·恒定电流,1,thin,
PHYSICS,含弹簧变力做功问题的解题思路,含弹簧变力做功问题的解题思路,物理必修第二册·第八章·机械能与能量守恒,1,thin,
PHYSICS,含电容器的电路问题,含电容器的电路问题,物理必修第三册·第九十章·静电场,1,thin,
PHYSICS,四种基本相互作用-引力相互作用-电磁相互作用-强相互作用和弱相互作用,四种基本相互作用,物理必修第一册·第三章·相互作用,1,thin,
PHYSICS,回旋加速器与同步加速器的工作原理,回旋加速器与同步加速器的工作原理,物理必修第三册·第十三章（安培力/洛伦兹力/感应定律见选择性必修第二册）·磁场与电磁感应,1,thin,
PHYSICS,回旋加速器模型,回旋加速器模型,物理必修第三册·第十三章（安培力/洛伦兹力/感应定律见选择性必修第二册）·磁场与电磁感应,1,thin,
PHYSICS,回旋加速器的工作原理,回旋加速器的工作原理,物理必修第三册·第十三章（安培力/洛伦兹力/感应定律见选择性必修第二册）·磁场与电磁感应,1,thin,
PHYSICS,图像法与数学归纳法解决多次碰撞问题,图像法与数学归纳法解决多次碰撞问题,物理选择性必修第一册·第一章·动量,1,thin,
PHYSICS,图像法解题,图像法解题,PHYSICS·综合·综合·综合,1,thin,
PHYSICS,图像问题的读图思路与图像转换,图像问题的读图思路与图像转换,PHYSICS·综合·综合·综合,1,thin,
PHYSICS,圆周运动中与弹力有关的临界条件,圆周运动中与弹力有关的临界条件,物理必修第一册·第三章·相互作用,1,thin,
PHYSICS,圆周运动临界问题的解题思路,圆周运动临界问题的解题思路,物理必修第二册·第五六章·抛体运动与圆周运动,1,thin,
PHYSICS,圆周运动临界问题的解题技巧,圆周运动临界问题的解题技巧,物理必修第二册·第五六章·抛体运动与圆周运动,1,thin,
PHYSICS,圆周运动动力学问题的解题思路,圆周运动动力学问题的解题思路,物理必修第一册·第四章·牛顿运动定律,1,thin,
PHYSICS,圆锥摆的两种变形,圆锥摆的两种变形,物理必修第一册·第一章·运动的描述,1,thin,
PHYSICS,地球自转与赤道上的完全失重,地球自转与赤道上的完全失重,物理必修第一册·第四章·牛顿运动定律,1,thin,
PHYSICS,地球重力场监测,地球重力场监测,物理必修第二册·第七章·万有引力与宇宙航行,1,thin,
PHYSICS,基本不等式法,基本不等式法,PHYSICS·综合·综合·综合,1,thin,
PHYSICS,填补法,填补法,PHYSICS·综合·综合·综合,1,thin,
PHYSICS,外部作用导致-n-突变,外部作用导致 N 突变：,物理必修第一册·第三章·相互作用,1,thin,
PHYSICS,多体平抛与相遇临界问题,多体平抛与相遇临界问题,物理必修第一册·第二章·匀变速直线运动,1,thin,
PHYSICS,多体平抛运动的间距规律,多体平抛运动的间距规律,物理必修第二册·第五六章·抛体运动与圆周运动,1,thin,
PHYSICS,多星问题,多星问题,PHYSICS·综合·综合·综合,1,thin,
PHYSICS,多普勒效应在生活中的应用,多普勒效应在生活中的应用,物理选择性必修第一册·第二三章·机械振动与机械波·5 多普勒效应,1,thin,
PHYSICS,多次碰撞问题的处理方法,多次碰撞问题的处理方法,物理选择性必修第一册·第一章·动量,1,thin,
PHYSICS,多物体系统机械能守恒的情景,多物体系统机械能守恒的情景,物理必修第二册·第八章·机械能与能量守恒,1,thin,
PHYSICS,多物体系统的机械能守恒,多物体系统的机械能守恒,物理必修第二册·第八章·机械能与能量守恒,1,thin,
PHYSICS,多用电表检测黑箱与二极管,多用电表检测黑箱与二极管,物理必修第三册·第十一十二章·恒定电流,1,thin,
PHYSICS,多用电表欧姆挡的使用与二极管检测,多用电表欧姆挡的使用与二极管检测,物理必修第三册·第十一十二章·恒定电流,1,thin,
PHYSICS,多用电表欧姆挡的原理与使用,多用电表欧姆挡的原理与使用,物理必修第三册·第十一十二章·恒定电流,1,thin,
PHYSICS,多用电表测电阻,多用电表测电阻,物理必修第三册·第十一十二章·恒定电流,1,thin,
PHYSICS,多用电表的使用与读数,多用电表的使用与读数,物理必修第三册·第十一十二章·恒定电流,1,thin,
PHYSICS,多用电表的使用方法与注意事项,多用电表的使用方法与注意事项,物理必修第三册·第十一十二章·恒定电流,1,thin,
PHYSICS,多用电表的结构与刻度盘,多用电表的结构与刻度盘,物理必修第三册·第十一十二章·恒定电流,1,thin,
PHYSICS,多用电表的读数规则与使用注意事项,多用电表的读数规则与使用注意事项,物理必修第三册·第十一十二章·恒定电流,1,thin,
PHYSICS,天体不瓦解的最小密度,天体不瓦解的最小密度,物理必修第二册·第七章·万有引力与宇宙航行,1,thin,
PHYSICS,天体密度的估算,天体密度的估算,物理必修第二册·第七章·万有引力与宇宙航行,1,thin,
PHYSICS,守恒条件,机械能守恒的条件,物理必修第二册·第八章·机械能与能量守恒,1,thin,
PHYSICS,安培力作用下导体运动情况的判定方法,安培力作用下导体运动情况的判定方法,物理必修第三册·第十三章（安培力/洛伦兹力/感应定律见选择性必修第二册）·磁场与电磁感应,1,thin,
PHYSICS,安培定则,安培定则,物理必修第三册·第十三章（安培力/洛伦兹力/感应定律见选择性必修第二册）·磁场与电磁感应,1,thin,
PHYSICS,安培定则与磁场的叠加,安培定则与磁场的叠加,物理必修第三册·第十三章（安培力/洛伦兹力/感应定律见选择性必修第二册）·磁场与电磁感应,1,thin,
PHYSICS,安安法测电阻（电流表差值法）,安安法测电阻（电流表差值法）,物理必修第三册·第十一十二章·恒定电流,1,thin,
PHYSICS,安安法（电流表差值法）,安安法（电流表差值法）,物理必修第三册·第十一十二章·恒定电流,1,thin,
PHYSICS,安欧法测电源电动势和内阻,安欧法测电源电动势和内阻,物理必修第三册·第十一十二章·恒定电流,1,thin,
PHYSICS,安阻法测电动势与内阻,安阻法测电动势与内阻,物理必修第三册·第十一十二章·恒定电流,1,thin,
PHYSICS,安阻法测电源电动势和内阻,安阻法测电源电动势和内阻,物理必修第三册·第十一十二章·恒定电流,1,thin,
PHYSICS,定值电阻在电学实验中的四种妙用,定值电阻在电学实验中的四种妙用,物理必修第三册·第十一十二章·恒定电流,1,thin,
PHYSICS,定值电阻在电路中的作用,定值电阻在电路中的作用,物理必修第三册·第十一十二章·恒定电流,1,thin,
PHYSICS,实物图的连接,实物图的连接,PHYSICS·综合·综合·综合,1,thin,
PHYSICS,实物图连接的注意事项,实物图连接的注意事项,PHYSICS·综合·综合·综合,1,thin,
PHYSICS,实物连线的注意事项,实物连线的注意事项,PHYSICS·综合·综合·综合,1,thin,
PHYSICS,实重与视重,实重与视重,PHYSICS·综合·综合·综合,1,thin,
PHYSICS,实验实物图连线的原则与滑动变阻器接法,实验实物图连线的原则与滑动变阻器接法,物理必修第三册·第十一十二章·恒定电流,1,thin,
PHYSICS,实验知识体系,实验知识体系,PHYSICS·综合·综合·综合,1,thin,
PHYSICS,导体的伏安特性曲线,导体的伏安特性曲线,物理必修第三册·第十一十二章·恒定电流,1,thin,
PHYSICS,小船过河模型,小船过河模型,PHYSICS·综合·综合·综合,1,thin,
PHYSICS,小行星防御与资源开发,小行星防御与资源开发,物理必修第二册·第七章·万有引力与宇宙航行,1,thin,
PHYSICS,小量程电流表-表头,小量程电流表(表头),PHYSICS·综合·综合·综合,1,thin,
PHYSICS,尺规作图法,尺规作图法,PHYSICS·综合·综合·综合,1,thin,
PHYSICS,差值法测电表内阻,差值法测电表内阻,物理必修第三册·第十一十二章·恒定电流,1,thin,
PHYSICS,带电粒子倾斜射入匀强磁场的螺旋线运动,带电粒子倾斜射入匀强磁场的螺旋线运动,物理必修第三册·第九十章·静电场,1,thin,
PHYSICS,带电粒子在分离的电场、磁场中的运动形式,带电粒子在分离的电场、磁场中的运动形式,物理必修第三册·第九十章·静电场,1,thin,
PHYSICS,带电粒子在电场中直线运动的分析方法,带电粒子在电场中直线运动的分析方法,物理必修第三册·第九十章·静电场,1,thin,
PHYSICS,带电粒子在磁场中运动与原子核反应综合模型,带电粒子在磁场中运动与原子核反应综合模型,物理必修第三册·第九十章·静电场,1,thin,
PHYSICS,常用公式-n-n-m-m,常用公式：n＝N，m＝M。,物理选择性必修第三册·第四五章·近代物理,1,thin,
PHYSICS,常见基本粒子及其分类,常见基本粒子及其分类,物理选择性必修第三册·第四五章·近代物理,1,thin,
PHYSICS,常见物理量和状态,常见物理量和状态,物理选择性必修第三册·第一至三章·热学,1,thin,
PHYSICS,常见的图象,常见的图象,PHYSICS·综合·综合·综合,1,thin,
PHYSICS,常见的导出单位,常见的导出单位,PHYSICS·综合·综合·综合,1,thin,
PHYSICS,平均功率与瞬时功率,平均功率与瞬时功率,物理必修第二册·第八章·机械能与能量守恒,1,thin,
PHYSICS,平抛与竖直面结合问题,平抛与竖直面结合问题,物理必修第二册·第五六章·抛体运动与圆周运动,1,thin,
PHYSICS,平抛实验的创新方案,平抛实验的创新方案,物理必修第二册·第五六章·抛体运动与圆周运动,1,thin,
PHYSICS,平抛实验的数据处理,平抛实验的数据处理,物理必修第二册·第五六章·抛体运动与圆周运动,1,thin,
PHYSICS,平抛运动轨迹的数据处理与初速度计算,平抛运动轨迹的数据处理与初速度计算,物理必修第二册·第五六章·抛体运动与圆周运动,1,thin,
PHYSICS,平抛运动问题的解题思路,平抛运动问题的解题思路,物理必修第二册·第五六章·抛体运动与圆周运动,1,thin,
PHYSICS,库仑力作用下的平衡,库仑力作用下的平衡,物理必修第一册·第三章·相互作用,1,thin,
PHYSICS,库仑力的力学性质,库仑力的力学性质,物理必修第三册·第九十章·静电场,1,thin,
PHYSICS,应用光的折射定律解题的一般思路,应用光的折射定律解题的一般思路,物理选择性必修第一册·第四章·光学,1,thin,
PHYSICS,应用动量守恒定律的解题步骤,应用动量守恒定律的解题步骤,物理选择性必修第一册·第一章·动量,1,thin,
PHYSICS,引力波探测,引力波探测,物理必修第二册·第七章·万有引力与宇宙航行,1,thin,
PHYSICS,弹簧不锁定模型,弹簧不锁定模型,PHYSICS·综合·综合·综合,1,thin,
PHYSICS,弹簧弹力与形变量实验的创新改进,弹簧弹力与形变量实验的创新改进,物理必修第一册·第三章·相互作用,1,thin,
PHYSICS,弹簧竖直悬挂实验的操作与读数要点,弹簧竖直悬挂实验的操作与读数要点,物理必修第一册·第三章·相互作用,1,thin,
PHYSICS,往复运动问题,往复运动问题,PHYSICS·综合·综合·综合,1,thin,
PHYSICS,往返类与刹车类问题,往返类与刹车类问题,物理必修第一册·第二章·匀变速直线运动,1,thin,
PHYSICS,悬绳模型,悬绳模型,物理必修第一册·第三章·相互作用,1,thin,
PHYSICS,意义-表示放射性元素衰变的快慢,意义：表示放射性元素衰变的快慢．,物理选择性必修第三册·第四五章·近代物理,1,thin,
PHYSICS,打点计时器实验的操作规范,打点计时器实验的操作规范,PHYSICS·综合·综合·综合,1,thin,
PHYSICS,技巧突破点,技巧突破点,PHYSICS·综合·综合·综合,1,thin,
PHYSICS,抛体运动模型的分类体系,抛体运动模型的分类体系,物理必修第二册·第五六章·抛体运动与圆周运动,1,thin,
PHYSICS,抛体运动的相遇问题,抛体运动的相遇问题,物理必修第一册·第二章·匀变速直线运动,1,thin,
PHYSICS,按运动独立性建立坐标系,按运动独立性建立坐标系：,物理必修第一册·第一章·运动的描述,1,thin,
PHYSICS,振动图像与波的图像,振动图像与波的图像,物理选择性必修第一册·第二三章·机械振动与机械波,1,thin,
PHYSICS,振动图像与波的图像的综合分析,振动图像与波的图像的综合分析,物理选择性必修第一册·第二三章·机械振动与机械波,1,thin,
PHYSICS,排除法,排除法,PHYSICS·综合·综合·综合,1,thin,
PHYSICS,探究两个互成角度的力的合成规律实验的误差与改进,探究两个互成角度的力的合成规律实验的误差与改进,物理必修第一册·第三章·相互作用,1,thin,
PHYSICS,探究力的合成规律实验的三个相同与三个适当,探究力的合成规律实验的三个相同与三个适当,物理必修第一册·第三章·相互作用,1,thin,
PHYSICS,探究加速度与力、质量关系的实验过程,探究加速度与力、质量关系的实验过程,PHYSICS·综合·综合·综合,1,thin,
PHYSICS,探究加速度与力质量关系实验的图线异常分析,探究加速度与力质量关系实验的图线异常分析,PHYSICS·综合·综合·综合,1,thin,
PHYSICS,探究加速度与力质量关系的实验创新,探究加速度与力质量关系的实验创新,PHYSICS·综合·综合·综合,1,thin,
PHYSICS,探究变压器电压与匝数关系的实验,探究变压器电压与匝数关系的实验,物理选择性必修第二册·第三四章·交变电流与电磁波,1,thin,
PHYSICS,探究向心力影响因素的图像处理与结论,探究向心力影响因素的图像处理与结论,物理必修第二册·第五六章·抛体运动与圆周运动,1,thin,
PHYSICS,探究向心力影响因素的实验过程,探究向心力影响因素的实验过程,物理必修第二册·第五六章·抛体运动与圆周运动,1,thin,
PHYSICS,探究小车速度实验的操作细节,探究小车速度实验的操作细节,PHYSICS·综合·综合·综合,1,thin,
PHYSICS,探究小车速度实验的改进与创新,探究小车速度实验的改进与创新,PHYSICS·综合·综合·综合,1,thin,
PHYSICS,探究小车速度随时间变化的规律,探究小车速度随时间变化的规律,PHYSICS·综合·综合·综合,1,thin,
PHYSICS,探究小车速度随时间变化规律的实验原理与步骤,探究小车速度随时间变化规律的实验原理与步骤,PHYSICS·综合·综合·综合,1,thin,
PHYSICS,探究平抛运动特点实验的注意事项,探究平抛运动特点实验的注意事项,物理必修第二册·第五六章·抛体运动与圆周运动,1,thin,
PHYSICS,探究平抛运动特点实验的误差分析,探究平抛运动特点实验的误差分析,物理必修第二册·第五六章·抛体运动与圆周运动,1,thin,
PHYSICS,探究平抛运动特点的实验,探究平抛运动特点的实验,物理必修第二册·第五六章·抛体运动与圆周运动,1,thin,
PHYSICS,探究平抛运动特点的实验原理与器材,探究平抛运动特点的实验原理与器材,物理必修第二册·第五六章·抛体运动与圆周运动,1,thin,
PHYSICS,探究平抛运动特点的实验方案,探究平抛运动特点的实验方案,物理必修第二册·第五六章·抛体运动与圆周运动,1,thin,
PHYSICS,探究平抛运动特点的实验步骤,探究平抛运动特点的实验步骤,物理必修第二册·第五六章·抛体运动与圆周运动,1,thin,
PHYSICS,探究平抛运动的实验创新与误差,探究平抛运动的实验创新与误差,物理必修第二册·第五六章·抛体运动与圆周运动,1,thin,
PHYSICS,探究弹簧弹力与形变量关系实验的拓展与创新,探究弹簧弹力与形变量关系实验的拓展与创新,物理必修第一册·第三章·相互作用,1,thin,
PHYSICS,探究弹簧弹力与形变量关系的误差分析与改进,探究弹簧弹力与形变量关系的误差分析与改进,物理必修第一册·第三章·相互作用,1,thin,
PHYSICS,探究等温情况下气体压强与体积的关系实验,探究等温情况下气体压强与体积的关系实验,物理选择性必修第三册·第一至三章·热学,1,thin,
PHYSICS,探究等温情况气体压强与体积关系的实验要点,探究等温情况气体压强与体积关系的实验要点,物理选择性必修第三册·第一至三章·热学,1,thin,
PHYSICS,插针法测量玻璃的折射率,插针法测量玻璃的折射率,物理选择性必修第一册·第四章·光学,1,thin,
PHYSICS,摩擦力大小的计算方法,摩擦力大小的计算方法,物理必修第一册·第三章·相互作用,1,thin,
PHYSICS,放大法,放大法,PHYSICS·综合·综合·综合,1,thin,
PHYSICS,放射性同位素及其应用,放射性同位素及其应用,PHYSICS·综合·综合·综合,1,thin,
PHYSICS,数据处理-x1,数据处理,物理选择性必修第三册·第一至三章·热学,1,thin,
PHYSICS,斜面上圆周运动的类型与处理,斜面上圆周运动的类型与处理,物理必修第二册·第五六章·抛体运动与圆周运动,1,thin,
PHYSICS,斜面体受地面摩擦力的判断,斜面体受地面摩擦力的判断,物理必修第一册·第三章·相互作用,1,thin,
PHYSICS,斜面倾角突变-等效于-n-变,斜面倾角突变 (等效于 N 变)：,物理必修第一册·第三章·相互作用,1,thin,
PHYSICS,斜面模型,斜面模型,PHYSICS·综合·综合·综合,1,thin,
PHYSICS,斜面模型的正交分解建系,斜面模型的正交分解建系,物理必修第一册·第三章·相互作用,1,thin,
PHYSICS,斜面碰撞临界,斜面碰撞临界,物理必修第一册·第一章·运动的描述,1,thin,
PHYSICS,新情境问题的求解思路,新情境问题的求解思路,PHYSICS·综合·综合·综合,1,thin,
PHYSICS,时刻-表示某一瞬间-在时间轴上用点表示-是一个状态量,时刻,物理必修第一册·第一章·运动的描述,1,thin,
PHYSICS,星球瓦解与黑洞临界条件,星球瓦解与黑洞临界条件,物理必修第二册·第七章·万有引力与宇宙航行,1,thin,
PHYSICS,星球的瓦解与黑洞,星球的瓦解与黑洞,物理必修第二册·第七章·万有引力与宇宙航行,1,thin,
PHYSICS,有界磁场中圆周运动的几何关系,有界磁场中圆周运动的几何关系,物理必修第二册·第五六章·抛体运动与圆周运动,1,thin,
PHYSICS,有界磁场中的典型边界模型,有界磁场中的典型边界模型,物理必修第三册·第十三章（安培力/洛伦兹力/感应定律见选择性必修第二册）·磁场与电磁感应,1,thin,
PHYSICS,有界磁场中轨迹半径与偏转角的关系,有界磁场中轨迹半径与偏转角的关系,物理必修第三册·第十三章（安培力/洛伦兹力/感应定律见选择性必修第二册）·磁场与电磁感应,1,thin,
PHYSICS,有界磁场中轨迹圆心的确定,有界磁场中轨迹圆心的确定,物理必修第三册·第十三章（安培力/洛伦兹力/感应定律见选择性必修第二册）·磁场与电磁感应,1,thin,
PHYSICS,有界磁场中运动时间的确定,有界磁场中运动时间的确定,物理必修第三册·第十三章（安培力/洛伦兹力/感应定律见选择性必修第二册）·磁场与电磁感应,1,thin,
PHYSICS,本质-是力的合成的逆运算-同样遵循矢量运算法则,力的分解的本质,物理必修第一册·第三章·相互作用,1,thin,
PHYSICS,机械振动与机械波知识体系,机械振动与机械波知识体系,PHYSICS·综合·综合·综合,1,thin,
PHYSICS,机械能守恒的常见情境分析,机械能守恒的常见情境分析,物理必修第二册·第八章·机械能与能量守恒,1,thin,
PHYSICS,机械能是否守恒的判断方法,机械能是否守恒的判断方法,物理必修第二册·第八章·机械能与能量守恒,1,thin,
PHYSICS,核心思想-运动分解,核心思想:运动分解,物理必修第一册·第一章·运动的描述,1,thin,
PHYSICS,核心思想-运动分解-x1,核心思想：运动分解：,物理必修第一册·第一章·运动的描述,1,thin,
PHYSICS,椭圆轨道上卫星的速率计算,椭圆轨道上卫星的速率计算,物理必修第二册·第七章·万有引力与宇宙航行,1,thin,
PHYSICS,模型特点,动量模型的特点,物理选择性必修第一册·第一章·动量,1,thin,
PHYSICS,横波,横波,物理选择性必修第一册·第二三章·机械振动与机械波,1,thin,
PHYSICS,欧姆表的原理与刻度,欧姆表的原理与刻度,物理必修第三册·第十一十二章·恒定电流,1,thin,
PHYSICS,正则动量定理的应用,正则动量定理的应用,物理选择性必修第一册·第一章·动量,1,thin,
PHYSICS,正弦定理与余弦定理的应用,正弦定理与余弦定理的应用,PHYSICS·综合·综合·综合,1,thin,
PHYSICS,正弦式交变电流,正弦式交变电流,物理选择性必修第二册·第三四章·交变电流与电磁波,1,thin,
PHYSICS,比例法,比例法,PHYSICS·综合·综合·综合,1,thin,
PHYSICS,比值定义法,比值定义法,PHYSICS·综合·综合·综合,1,thin,
PHYSICS,比值定义法与决定式的区别,比值定义法与决定式的区别,PHYSICS·综合·综合·综合,1,thin,
PHYSICS,比较法,比较法,PHYSICS·综合·综合·综合,1,thin,
PHYSICS,气体-液体-固体和热力学定理,气体、液体、固体和热力学定理,物理选择性必修第三册·第一至三章·热学,1,thin,
PHYSICS,气体状态变化图像的分析方法,气体状态变化图像的分析方法,物理选择性必修第三册·第一至三章·热学,1,thin,
PHYSICS,气体的状态参量,气体的状态参量,物理选择性必修第三册·第一至三章·热学,1,thin,
PHYSICS,求加速度的两种方法,求加速度的两种方法,PHYSICS·综合·综合·综合,1,thin,
PHYSICS,求变力做功的常用方法,求变力做功的常用方法,物理必修第二册·第八章·机械能与能量守恒,1,thin,
PHYSICS,求解变力做功的常用方法,求解变力做功的常用方法,物理必修第二册·第八章·机械能与能量守恒,1,thin,
PHYSICS,求解的基本思路,求解的基本思路,物理必修第一册·第一章·运动的描述,1,thin,
PHYSICS,求解非点电荷电场强度的四种方法,求解非点电荷电场强度的四种方法,物理必修第三册·第九十章·静电场,1,thin,
PHYSICS,波的叠加原理,波的叠加原理,物理选择性必修第一册·第二三章·机械振动与机械波,1,thin,
PHYSICS,洛伦兹力作用下带电体的动态分析,洛伦兹力作用下带电体的动态分析,物理必修第三册·第十三章（安培力/洛伦兹力/感应定律见选择性必修第二册）·磁场与电磁感应,1,thin,
PHYSICS,洛伦兹力作用下带电体的运动,洛伦兹力作用下带电体的运动,物理必修第三册·第十三章（安培力/洛伦兹力/感应定律见选择性必修第二册）·磁场与电磁感应,1,thin,
PHYSICS,洛伦兹力作用下的带电体运动,洛伦兹力作用下的带电体运动,物理必修第三册·第十三章（安培力/洛伦兹力/感应定律见选择性必修第二册）·磁场与电磁感应,1,thin,
PHYSICS,洛埃镜,洛埃镜,PHYSICS·综合·综合·综合,1,thin,
PHYSICS,测电阻方法体系与选择,测电阻方法体系与选择,物理必修第三册·第十一十二章·恒定电流,1,thin,
PHYSICS,测电阻率实验的改进方向,测电阻率实验的改进方向,物理必修第三册·第十一十二章·恒定电流,1,thin,
PHYSICS,测电阻的创新方案,测电阻的创新方案,物理必修第三册·第十一十二章·恒定电流,1,thin,
PHYSICS,测速度与加速度的实验拓展创新,测速度与加速度的实验拓展创新,PHYSICS·综合·综合·综合,1,thin,
PHYSICS,测量加速度的改进方法,测量加速度的改进方法,PHYSICS·综合·综合·综合,1,thin,
PHYSICS,测量动摩擦因数的实验方法,测量动摩擦因数的实验方法,物理必修第一册·第三章·相互作用,1,thin,
PHYSICS,测量导体电阻率的实验操作要领,测量导体电阻率的实验操作要领,物理必修第三册·第十一十二章·恒定电流,1,thin,
PHYSICS,测量玻璃的折射率实验,测量玻璃的折射率实验,物理选择性必修第一册·第四章·光学,1,thin,
PHYSICS,测量电源电动势和内阻的误差分析,测量电源电动势和内阻的误差分析,物理必修第三册·第十一十二章·恒定电流,1,thin,
PHYSICS,测量电阻率实验的电流与温度控制,测量电阻率实验的电流与温度控制,物理必修第三册·第十一十二章·恒定电流,1,thin,
PHYSICS,测量重力加速度的实验方法,测量重力加速度的实验方法,物理必修第二册·第七章·万有引力与宇宙航行,1,thin,
PHYSICS,测量金属丝电阻率的实验过程与数据处理,测量金属丝电阻率的实验过程与数据处理,物理必修第三册·第十一十二章·恒定电流,1,thin,
PHYSICS,测量金属丝电阻率的注意事项,测量金属丝电阻率的注意事项,物理必修第三册·第十一十二章·恒定电流,1,thin,
PHYSICS,浸润不浸润与毛细现象,浸润不浸润与毛细现象,物理选择性必修第三册·第一至三章·热学,1,thin,
PHYSICS,浸润与不浸润的产生原因,浸润与不浸润的产生原因,物理选择性必修第三册·第一至三章·热学,1,thin,
PHYSICS,浸润与不浸润（附着层与毛细现象）,浸润与不浸润（附着层与毛细现象）,物理选择性必修第三册·第一至三章·热学,1,thin,
PHYSICS,消参法,消参法,PHYSICS·综合·综合·综合,1,thin,
PHYSICS,深空引力导航,深空引力导航,物理必修第二册·第七章·万有引力与宇宙航行,1,thin,
PHYSICS,温度计-测量温度的仪器,温度计：测量温度的仪器。,物理选择性必修第三册·第一至三章·热学,1,thin,
PHYSICS,游标卡尺的读数,游标卡尺的读数,物理必修第三册·第十一十二章·恒定电流,1,thin,
PHYSICS,滑块-摆球模型,滑块-摆球模型,PHYSICS·综合·综合·综合,1,thin,
PHYSICS,滑块-木板模型,滑块-木板模型,PHYSICS·综合·综合·综合,1,thin,
PHYSICS,火箭,火箭,PHYSICS·综合·综合·综合,1,thin,
PHYSICS,热力学第三定律,热力学第三定律,物理选择性必修第三册·第一至三章·热学,1,thin,
PHYSICS,热力学第零定律,热力学第零定律,物理选择性必修第三册·第一至三章·热学,1,thin,
PHYSICS,热学知识体系,热学知识体系,PHYSICS·综合·综合·综合,1,thin,
PHYSICS,爆炸现象与动量守恒,爆炸现象与动量守恒,物理选择性必修第一册·第一章·动量,1,thin,
PHYSICS,爆炸问题,爆炸问题,物理选择性必修第一册·第一章·动量,1,thin,
PHYSICS,牛顿力学的局限性,牛顿力学的局限性,物理必修第一册·第四章·牛顿运动定律,1,thin,
PHYSICS,牛顿第二定律中的正交分解法,牛顿第二定律中的正交分解法,物理必修第一册·第三章·相互作用,1,thin,
PHYSICS,牛顿运动定律中的多过程问题,牛顿运动定律中的多过程问题,物理必修第一册·第四章·牛顿运动定律,1,thin,
PHYSICS,物理作图的基本规范,物理作图的基本规范,PHYSICS·综合·综合·综合,1,thin,
PHYSICS,物理图像的斜率与面积分析法,物理图像的斜率与面积分析法,PHYSICS·综合·综合·综合,1,thin,
PHYSICS,狭义相对论的三个结论,狭义相对论的三个结论,物理选择性必修第三册·第四五章·近代物理,1,thin,
PHYSICS,狭义相对论的基本假设与质速关系,狭义相对论的基本假设与质速关系,物理选择性必修第三册·第四五章·近代物理,1,thin,
PHYSICS,理想化模型,理想化模型,PHYSICS·综合·综合·综合,1,thin,
PHYSICS,理想模型与比值定义法,理想模型与比值定义法,PHYSICS·综合·综合·综合,1,thin,
PHYSICS,用三角函数求极值处理物理极值问题,用三角函数求极值处理物理极值问题,PHYSICS·综合·综合·综合,1,thin,
PHYSICS,用传感器与计算机描绘平抛运动轨迹,用传感器与计算机描绘平抛运动轨迹,物理必修第二册·第五六章·抛体运动与圆周运动,1,thin,
PHYSICS,用传感器探究平抛运动的特点,用传感器探究平抛运动的特点,物理必修第二册·第五六章·抛体运动与圆周运动,1,thin,
PHYSICS,用动量定理处理洛伦兹力问题,用动量定理处理洛伦兹力问题,物理选择性必修第一册·第一章·动量,1,thin,
PHYSICS,用动量定理解释两类现象,用动量定理解释两类现象,物理选择性必修第一册·第一章·动量,1,thin,
PHYSICS,用单摆测重力加速度的创新设计,用单摆测重力加速度的创新设计,物理必修第二册·第七章·万有引力与宇宙航行,1,thin,
PHYSICS,用油膜法估测油酸分子大小的实验要点,用油膜法估测油酸分子大小的实验要点,物理选择性必修第三册·第一至三章·热学,1,thin,
PHYSICS,用自由落体运动测重力加速度,用自由落体运动测重力加速度,物理必修第一册·第二章·匀变速直线运动,1,thin,
PHYSICS,由测定加速度延伸为测定交流电的频率,由测定加速度延伸为测定交流电的频率。,PHYSICS·综合·综合·综合,1,thin,
PHYSICS,由简谐运动图像获取信息,由简谐运动图像获取信息,物理选择性必修第一册·第二三章·机械振动与机械波,1,thin,
PHYSICS,电偏转与磁偏转的比较,电偏转与磁偏转的比较,PHYSICS·综合·综合·综合,1,thin,
PHYSICS,电功与电热的关系,电功与电热的关系,物理必修第二册·第八章·机械能与能量守恒,1,thin,
PHYSICS,电动机牵引情境的功率与能量关系,电动机牵引情境的功率与能量关系,物理必修第二册·第八章·机械能与能量守恒,1,thin,
PHYSICS,电势能变化与电势高低的判断方法,电势能变化与电势高低的判断方法,物理必修第二册·第八章·机械能与能量守恒,1,thin,
PHYSICS,电势高低与电势能大小的判断方法,电势高低与电势能大小的判断方法,物理必修第二册·第八章·机械能与能量守恒,1,thin,
PHYSICS,电压表差值法,电压表差值法,PHYSICS·综合·综合·综合,1,thin,
PHYSICS,电场与磁场知识体系,电场与磁场知识体系,PHYSICS·综合·综合·综合,1,thin,
PHYSICS,电场中的v-t图像分析,电场中的v-t图像分析,物理必修第三册·第九十章·静电场,1,thin,
PHYSICS,电场强度与电势的叠加,电场强度与电势的叠加,物理必修第三册·第九十章·静电场,1,thin,
PHYSICS,电场强度的叠加方法,电场强度的叠加方法,物理必修第三册·第九十章·静电场,1,thin,
PHYSICS,电学实物连图的注意事项,电学实物连图的注意事项,PHYSICS·综合·综合·综合,1,thin,
PHYSICS,电学实验中电表的选择方法,电学实验中电表的选择方法,物理必修第三册·第十一十二章·恒定电流,1,thin,
PHYSICS,电学实验仪器的选择,电学实验仪器的选择,PHYSICS·综合·综合·综合,1,thin,
PHYSICS,电学实验仪器的选择技巧,电学实验仪器的选择技巧,PHYSICS·综合·综合·综合,1,thin,
PHYSICS,电学实验器材的选取,电学实验器材的选取,PHYSICS·综合·综合·综合,1,thin,
PHYSICS,电学实验器材的选取与实物图连接,电学实验器材的选取与实物图连接,PHYSICS·综合·综合·综合,1,thin,
PHYSICS,电学实验器材的选择,电学实验器材的选择,PHYSICS·综合·综合·综合,1,thin,
PHYSICS,电学实验设计的“三原则”与仪器选择,电学实验设计的“三原则”与仪器选择,PHYSICS·综合·综合·综合,1,thin,
PHYSICS,电池容量与放电曲线,电池容量与放电曲线,物理必修第三册·第十一十二章·恒定电流,1,thin,
PHYSICS,电池组的串联与并联,电池组的串联与并联,物理必修第三册·第十一十二章·恒定电流,1,thin,
PHYSICS,电源与电阻的U-I图像（工作点）,电源与电阻的U-I图像（工作点）,物理必修第三册·第十一十二章·恒定电流,1,thin,
PHYSICS,电磁学图像的解题通法,电磁学图像的解题通法,PHYSICS·综合·综合·综合,1,thin,
PHYSICS,电磁感应,电磁感应,物理必修第三册·第十三章（安培力/洛伦兹力/感应定律见选择性必修第二册）·磁场与电磁感应·3 电磁感应现象及应用,1,thin,
PHYSICS,电磁感应与动量定理模型,电磁感应与动量定理模型,物理选择性必修第一册·第一章·动量,1,thin,
PHYSICS,电磁感应中电荷量的计算,电磁感应中电荷量的计算,物理必修第三册·第十三章（安培力/洛伦兹力/感应定律见选择性必修第二册）·磁场与电磁感应,1,thin,
PHYSICS,电磁感应中的电容器问题,电磁感应中的电容器问题,物理必修第三册·第九十章·静电场,1,thin,
PHYSICS,电磁感应中的电荷量计算,电磁感应中的电荷量计算,物理必修第三册·第十三章（安培力/洛伦兹力/感应定律见选择性必修第二册）·磁场与电磁感应,1,thin,
PHYSICS,电磁阻尼与电磁驱动,电磁阻尼与电磁驱动,PHYSICS·综合·综合·综合,1,thin,
PHYSICS,电离态与电离能,电离态与电离能,PHYSICS·综合·综合·综合,1,thin,
PHYSICS,电荷,电荷,物理必修第三册·第九十章·静电场·1 电荷,1,thin,
PHYSICS,电表改装问题的两点提醒,电表改装问题的两点提醒,PHYSICS·综合·综合·综合,1,thin,
PHYSICS,电表的使用与量程选择,电表的使用与量程选择,物理必修第三册·第十一十二章·恒定电流,1,thin,
PHYSICS,电路与电磁感应中的图像解读,电路与电磁感应中的图像解读,PHYSICS·综合·综合·综合,1,thin,
PHYSICS,电路与电磁感应知识体系,电路与电磁感应知识体系,PHYSICS·综合·综合·综合,1,thin,
PHYSICS,电路中的三类图线,电路中的三类图线,物理必修第三册·第十一十二章·恒定电流,1,thin,
PHYSICS,电路中的基本概念,电路中的基本概念,物理必修第三册·第十一十二章·恒定电流·1 电路中的能量转化,1,thin,
PHYSICS,电路动态分析的三种方法,电路动态分析的三种方法,物理必修第三册·第十一十二章·恒定电流,1,thin,
PHYSICS,电路动态分析的四种方法,电路动态分析的四种方法,物理必修第三册·第十一十二章·恒定电流,1,thin,
PHYSICS,电路动态分析的方法,电路动态分析的方法,物理必修第三册·第十一十二章·恒定电流,1,thin,
PHYSICS,电路的等效处理方法,电路的等效处理方法,物理必修第三册·第十一十二章·恒定电流,1,thin,
PHYSICS,电阻的定义式与决定式,电阻的定义式与决定式,物理必修第三册·第十一十二章·恒定电流,1,thin,
PHYSICS,相对位移与划痕长度,相对位移与划痕长度,PHYSICS·综合·综合·综合,1,thin,
PHYSICS,相对湿度,相对湿度,物理选择性必修第三册·第一至三章·热学,1,thin,
PHYSICS,相对论,相对论,物理选择性必修第三册·第四五章·近代物理,1,thin,
PHYSICS,相对论时空观,相对论时空观,物理选择性必修第三册·第四五章·近代物理,1,thin,
PHYSICS,相对论时空观与牛顿力学的局限性,相对论时空观与牛顿力学的局限性,物理必修第一册·第四章·牛顿运动定律,1,thin,
PHYSICS,相对运动法（换参法）,相对运动法（换参法）,PHYSICS·综合·综合·综合,1,thin,
PHYSICS,相遇次数问题,相遇次数问题,物理必修第一册·第二章·匀变速直线运动,1,thin,
PHYSICS,矢量图解法,矢量图解法,PHYSICS·综合·综合·综合,1,thin,
PHYSICS,碰撞与轨道变化综合问题的分析流程,碰撞与轨道变化综合问题的分析流程,物理必修第二册·第七章·万有引力与宇宙航行,1,thin,
PHYSICS,碰撞恢复系数,碰撞恢复系数,物理选择性必修第一册·第一章·动量,1,thin,
PHYSICS,碰撞的分类与比较,碰撞的分类与比较,物理选择性必修第一册·第一章·动量,1,thin,
PHYSICS,碰撞的可能性分析,碰撞的可能性分析,物理选择性必修第一册·第一章·动量,1,thin,
PHYSICS,磁场与磁场的组合模型,磁场与磁场的组合模型,物理必修第三册·第十三章（安培力/洛伦兹力/感应定律见选择性必修第二册）·磁场与电磁感应,1,thin,
PHYSICS,磁场与磁场的组合（两段圆弧的衔接）,磁场与磁场的组合（两段圆弧的衔接）,物理必修第三册·第十三章（安培力/洛伦兹力/感应定律见选择性必修第二册）·磁场与电磁感应,1,thin,
PHYSICS,磁感线的特点,磁感线的特点,PHYSICS·综合·综合·综合,1,thin,
PHYSICS,磁电式电表的原理,磁电式电表的原理,物理必修第三册·第十一十二章·恒定电流,1,thin,
PHYSICS,空间抛体问题,空间抛体问题,物理必修第二册·第五六章·抛体运动与圆周运动,1,thin,
PHYSICS,立体空间中的抛体运动,立体空间中的抛体运动,物理必修第二册·第五六章·抛体运动与圆周运动,1,thin,
PHYSICS,竖直面与水平面约束下的平抛模型,竖直面与水平面约束下的平抛模型,物理必修第二册·第五六章·抛体运动与圆周运动,1,thin,
PHYSICS,竖直面内圆周运动问题的解题思路,竖直面内圆周运动问题的解题思路,物理必修第二册·第五六章·抛体运动与圆周运动,1,thin,
PHYSICS,第一类永动机,第一类永动机,物理选择性必修第三册·第一至三章·热学,1,thin,
PHYSICS,等分法,等分法,PHYSICS·综合·综合·综合,1,thin,
PHYSICS,等分法确定电场线,等分法确定电场线,物理必修第三册·第九十章·静电场,1,thin,
PHYSICS,等效电源,等效电源,物理必修第三册·第十一十二章·恒定电流,1,thin,
PHYSICS,等量同种与等量异种点电荷的电场分布,等量同种与等量异种点电荷的电场分布,物理必修第三册·第九十章·静电场,1,thin,
PHYSICS,简谐运动的图像与对称性,简谐运动的图像与对称性,物理选择性必修第一册·第二三章·机械振动与机械波,1,thin,
PHYSICS,简谐运动的振动图象与信息提取,简谐运动的振动图象与信息提取,物理选择性必修第一册·第二三章·机械振动与机械波,1,thin,
PHYSICS,类单摆模型与等效重力加速度,类单摆模型与等效重力加速度,物理必修第二册·第七章·万有引力与宇宙航行,1,thin,
PHYSICS,累积法,累积法,PHYSICS·综合·综合·综合,1,thin,
PHYSICS,纵波,纵波,物理选择性必修第一册·第二三章·机械振动与机械波,1,thin,
PHYSICS,线框切割磁感线模型,线框切割磁感线模型,物理必修第三册·第十三章（安培力/洛伦兹力/感应定律见选择性必修第二册）·磁场与电磁感应,1,thin,
PHYSICS,线段图定位中间时刻速度,线段图定位中间时刻速度,物理必修第一册·第二章·匀变速直线运动,1,thin,
PHYSICS,线速度,线速度,物理必修第二册·第五六章·抛体运动与圆周运动,1,thin,
PHYSICS,绳连接与杆连接系统,绳连接与杆连接系统,物理必修第一册·第三章·相互作用,1,thin,
PHYSICS,能量与动量知识体系,能量与动量知识体系,PHYSICS·综合·综合·综合,1,thin,
PHYSICS,能量图像的斜率意义,能量图像的斜率意义,物理必修第二册·第八章·机械能与能量守恒,1,thin,
PHYSICS,脱轨条件与类型,脱轨条件与类型,物理必修第一册·第一章·运动的描述,1,thin,
PHYSICS,自由落体与竖直上抛的相遇问题,自由落体与竖直上抛的相遇问题,物理必修第一册·第二章·匀变速直线运动,1,thin,
PHYSICS,自锁现象,自锁现象,PHYSICS·综合·综合·综合,1,thin,
PHYSICS,若单独利用动量观点-或能量观点-无法解决问题-可尝试两种观点结合联立方程求解,若单独利用动量观点,PHYSICS·综合·综合·综合,1,thin,
PHYSICS,螺旋测微器的原理与读数,螺旋测微器的原理与读数,物理必修第三册·第十一十二章·恒定电流,1,thin,
PHYSICS,螺旋测微器的构造与读数,螺旋测微器的构造与读数,物理必修第三册·第十一十二章·恒定电流,1,thin,
PHYSICS,表达式-f-g,微元柱体的体积、质量与动量表达式,物理必修第二册·第七章·万有引力与宇宙航行,1,thin,
PHYSICS,角速度,角速度,物理必修第二册·第五六章·抛体运动与圆周运动,1,thin,
PHYSICS,计时点与计数点,计时点与计数点,PHYSICS·综合·综合·综合,1,thin,
PHYSICS,误差分析-x1,误差分析,物理选择性必修第三册·第一至三章·热学,1,thin,
PHYSICS,误差的分类与减小方法,误差的分类与减小方法,PHYSICS·综合·综合·综合,1,thin,
PHYSICS,负载电阻不变的分析思路,负载电阻不变的分析思路：,物理选择性必修第二册·第三四章·交变电流与电磁波,1,thin,
PHYSICS,质心运动定律,质心运动定律,物理必修第一册·第四章·牛顿运动定律,1,thin,
PHYSICS,跃迁产生的谱线条数,跃迁产生的谱线条数,PHYSICS·综合·综合·综合,1,thin,
PHYSICS,路程,路程,物理必修第一册·第一章·运动的描述,1,thin,
PHYSICS,轻弹簧连接系统的机械能守恒,轻弹簧连接系统的机械能守恒,物理必修第一册·第三章·相互作用,1,thin,
PHYSICS,轻绳、轻弹簧与轻质弹性绳的对比,轻绳、轻弹簧与轻质弹性绳的对比,物理必修第一册·第三章·相互作用,1,thin,
PHYSICS,辅助角公式求物理极值,辅助角公式求物理极值,PHYSICS·综合·综合·综合,1,thin,
PHYSICS,运动学方程根的物理意义与取舍,运动学方程根的物理意义与取舍,PHYSICS·综合·综合·综合,1,thin,
PHYSICS,运动轨迹与运动图象的区别,运动轨迹与运动图象的区别,PHYSICS·综合·综合·综合,1,thin,
PHYSICS,近代物理知识体系,近代物理知识体系,PHYSICS·综合·综合·综合,1,thin,
PHYSICS,近地卫星、同步卫星与赤道上物体的比较,近地卫星、同步卫星与赤道上物体的比较,物理必修第二册·第七章·万有引力与宇宙航行,1,thin,
PHYSICS,近地卫星、极地卫星与地球同步卫星,近地卫星、极地卫星与地球同步卫星,物理必修第二册·第七章·万有引力与宇宙航行,1,thin,
PHYSICS,远距离输电,远距离输电,物理选择性必修第二册·第三四章·交变电流与电磁波,1,thin,
PHYSICS,连接体中力的分配规律,连接体中力的分配规律,物理必修第一册·第四章·牛顿运动定律,1,thin,
PHYSICS,连接体对合力的分配原则,连接体对合力的分配原则,物理必修第一册·第三章·相互作用,1,thin,
PHYSICS,连接体的受力特点,连接体的受力特点,物理必修第一册·第四章·牛顿运动定律,1,thin,
PHYSICS,连接体间内力的求解,连接体间内力的求解,物理必修第一册·第四章·牛顿运动定律,1,thin,
PHYSICS,追及相遇问题的二次函数法与图像法,追及相遇问题的二次函数法与图像法,物理必修第一册·第二章·匀变速直线运动,1,thin,
PHYSICS,逆向-对称-极限等物理思维考查,逆向、对称、极限等物理思维考查,物理必修第一册·第一章·运动的描述,1,thin,
PHYSICS,通过位移之比测量加速度之比,通过位移之比测量加速度之比,PHYSICS·综合·综合·综合,1,thin,
PHYSICS,速率与平均速率,速率与平均速率,PHYSICS·综合·综合·综合,1,thin,
PHYSICS,重力做功与重力势能变化的关系,重力做功与重力势能变化的关系,物理必修第二册·第八章·机械能与能量守恒,1,thin,
PHYSICS,量纲法,量纲法,PHYSICS·综合·综合·综合,1,thin,
PHYSICS,阻尼振动,阻尼振动,物理必修第二册·第八章·机械能与能量守恒,1,thin,
PHYSICS,静电场的应用,静电场的应用,物理必修第三册·第九十章·静电场,1,thin,
PHYSICS,非匀强磁场中带电粒子运动的分析,非匀强磁场中带电粒子运动的分析,物理必修第三册·第九十章·静电场,1,thin,
PHYSICS,非常规运动图像,非常规运动图像,PHYSICS·综合·综合·综合,1,thin,
PHYSICS,饱和汽,饱和汽,物理选择性必修第三册·第一至三章·热学,1,thin,
PHYSICS,验证机械能守恒定律实验的创新方向,验证机械能守恒定律实验的创新方向,物理必修第二册·第八章·机械能与能量守恒,1,thin,
PHYSICS,验证机械能守恒定律实验的误差与创新方案,验证机械能守恒定律实验的误差与创新方案,物理必修第二册·第八章·机械能与能量守恒,1,thin,
PHYSICS,验证机械能守恒定律的创新实验,验证机械能守恒定律的创新实验,物理必修第二册·第八章·机械能与能量守恒,1,thin,
PHYSICS,黄金代换,黄金代换,PHYSICS·综合·综合·综合,1,thin,
PHYSICS,黄金代换式,黄金代换式,PHYSICS·综合·综合·综合,1,thin,
