subject,material,current_node_slug,verdict,node_slug,evidence,slice
BIOLOGY,bio-fj-04-dna-diversity-specificity,dna的双螺旋结构,REBIND,DNA分子的多样性与特异性,材料讲4种脱氧核苷酸数量不限与排列顺序构成多样性、特定比例与顺序构成特异性且与空间结构无关；候选节点即专收该内容（以碱基对的排列顺序与4^n排列数为准）；现挂节点是双螺旋结构要点（反向平行链与碱基互补配对）仅在边界末附带提及该内容,slice_01
BIOLOGY,bio-fj-04-nucleic-acid-function,遗传信息的翻译,REBIND,核酸是遗传信息的携带者,材料讲核酸携带遗传信息并控制生物体的遗传变异和蛋白质的生物合成、每个人的遗传物质有区别故DNA可供嫌疑人信息；属必修1第二章核酸功能点的范围、而现挂「遗传信息的翻译」边界只收翻译的场所模板与密码子特性,slice_02
BIOLOGY,bio-fj-07-factors-affecting-transport,物质出入细胞的方式,REBIND,影响物质跨膜运输的因素,材料讲浓度差与载体数量与氧气与温度如何影响跨膜运输速率（低氧时主动运输速率降但不为零；高氧后因载体限制饱和）；现挂节点边界只收五类物质出入细胞方式的比较与判断方法并明示不涉及各运输的详细分子机制；候选节点边界正是这些速率曲线与供能要点,slice_03
BIOLOGY,bio-fj-17-genetic-disease-survey,人类遗传病,REBIND,调查人群中的遗传病,材料通篇讲遗传病调查方法（发病率要在人群中随机抽样并给出计算公式；遗传方式要在患者家系中调查）；候选节点边界正是「发病率必须在人群中随机取样…调查遗传方式必须在患者家系中进行」；现挂节点边界收的是人类遗传病的概念与三大类型,slice_04
BIOLOGY,bio-fj-32-population-research-application,细胞呼吸原理的应用,REBIND,种群研究的应用,材料讲调查种群密度与年龄结构保护濒危动物、中等强度捕捞可持续高产、降低环境容纳量防治鼠害；现挂节点边界只讲细胞呼吸原理在粮食储存与果蔬保鲜中的应用；候选节点边界正是保护要提高环境容纳量、防治要降低环境容纳量,slice_05
BIOLOGY,bio-kb2-07-transport-factors,物质出入细胞的方式,REBIND,影响物质跨膜运输的因素,材料逐条给出三类运输的限制因素（自由扩散看浓度梯度；协助扩散还看转运蛋白数量；主动运输看载体种类数量与能量且氧气温度经呼吸供能影响）；现挂节点边界只声明五类出入方式的比较与判断方法并明说不涉及各运输的详细分子机制；同名节点边界正是运输速率限制因素（载体饱和、缺氧低温、无氧呼吸供能）,slice_06
BIOLOGY,bio-kb2-07-transport-modes-compare,自由扩散,REBIND,物质跨膜运输方式的比较,材料按是否需转运蛋白、是否耗能与顺逆浓度三维并行比较自由扩散与协助扩散、主动运输、胞吞胞吐四类方式并举红细胞与小肠上皮细胞吸收葡萄糖说明同一物质在不同细胞中方式不同；候选边界正是这三维度与「同一物质在不同细胞中运输方式可能不同」；现挂「自由扩散」只收该方式本身的定义与影响因素,slice_07
BIOLOGY,bio-kb3-f2-s2-5-n01,遗传信息的翻译,REBIND,核酸是遗传信息的携带者,材料只讲核酸分DNA与RNA两类及真核细胞DNA主要分布在细胞核与线粒体叶绿体、原核生物DNA在拟核；现挂节点边界限于翻译的场所模板与密码子特性 不含核酸的种类与分布；候选节点同名且边界即DNA分布与病毒只含一种核酸 并已挂「核酸的种类及其分布」材料；同批 bio-kb3-f2-s2-5-n05 与 bio-fj-04-nucleic-acid-function 已同向改绑,slice_08
BIOLOGY,bio-kb3-f2-s2-5-n05,遗传信息的翻译,REBIND,核酸是遗传信息的携带者,材料只讲核酸是遗传信息携带者及其在遗传变异与蛋白质合成中的作用；现挂节点边界限于翻译的场所模板与密码子特性 不含此内容；候选节点同名且其别名含「核酸的功能」,slice_09
BIOLOGY,bio-mo-cell-064,核酸,KEEP,,材料是生物《第2章 组成细胞的分子（背诵版）》里「生物体内各种物质的元素组成」（纤维素/脂肪/磷脂/酶/DNA/RNA/ATP）；现挂「核酸」定位即第二章「核酸是遗传信息的携带者」一节并收核酸的元素组成；候选边界讲6∶3∶1计算与双缩脲、二苯胺检测及分布，与元素组成不对口,slice_10
BIOLOGY,bio-mo-gene-137,人类遗传病,REBIND,遗传病的检测和预防,材料讲禁止近亲结婚与遗传咨询与适龄生育与产前诊断（羊水检查、B超、基因检测）等检测预防手段；现挂节点边界只收人类遗传病的概念与三大类型及五个不一定；候选节点边界正是产前诊断不等同基因检测与禁止近亲结婚只能降低隐性遗传病发病率,slice_11
BIOLOGY,bio-mo-segregation-law-007,基因型-表型的推断,REBIND,表型与基因型的关系,材料三条结论是「基因型决定表型」「基因型相同表型不一定相同（受环境影响）」「表型相同基因型不一定相同」；候选节点边界正是「表型不完全由基因型决定、环境也会影响表型」；现挂节点边界讲的是亲代与子代的正推逆推与3:1、1:1等比例计算、材料无任何推断或比例内容,slice_12
CHEMISTRY,chem-fx-di-ding-fen-xi-fa-f70x03,连续型离子方程式的书写-分类分析法,REBIND,滴定分析法,材料讲滴定分析法定义（标准液滴加至按化学计量反应完全、由消耗体积算含量）与指示剂确定终点；现挂「连续型离子方程式的书写」只收连续反应型离子方程式；候选边界正是滴定终点、读数与误差分析,slice_10
CHEMISTRY,chem-fx-dian-jie-jing-lian-tong-f41x11,电解原理应用的四点注意事项,KEEP,,材料即现挂节点第(3)(4)项原文（粗铜阳极泥与Cu2+浓度逐渐减小；电镀时阳极失电子数等于阴极得电子数故电镀液浓度不变）；其中电镀一条被候选节点边界明确划归电镀（纯铜阳极属电镀或电解提纯）故候选收不下全文,slice_11
CHEMISTRY,chem-fx-re-zhong-fen-xi-fa-f01x04,热重分析确定金属化合物的组成,KEEP,,材料定义热重分析法并指明其研究对象为金属含氧酸盐、金属氢氧化物、金属氧化物且一般先失水再分解后氧化；现挂节点边界即收「用热重分析确定金属化合物的组成」并明确涵盖「分步加热中失重的先后顺序」；候选节点边界讲的是1mol基准与金属元素质量守恒等定量计算、材料无计算内容,slice_12
CHEMISTRY,chem-fx-xin-xing-wu-ji-fei-jin-shu-cai-liao-f18x03,金属材料,REBIND,新型无机非金属材料,材料讲高温结构陶瓷（SiC、BN、Si3N4、Al2O3）与碳纳米材料（富勒烯、碳纳米管、石墨烯）；候选节点边界即以碳纳米材料与碳化硅氮化硅的类别判断为内容；现挂节点围绕金属材料展开、与材料内容无交集,slice_01
CHEMISTRY,chem-hj-changjian-liusuyan,过氧化钠的性质与探究,REBIND,常见硫酸盐的性质与用途,材料讲石膏与熟石膏、胆矾及无水硫酸铜检验水、硫酸钡不溶于酸可作钡餐的组成与用途；正对候选节点边界「硫酸钡作钡餐的前提是既不溶于水也不溶于酸」等硫酸盐条目、与现挂「过氧化钠的性质与探究」从化合价分析Na2O2完全无关,slice_02
CHEMISTRY,chem-hj-cuyan-tichun-shunxu,有关铁及其化合物的除杂,REBIND,粗盐提纯的除杂试剂与顺序,材料讲粗盐提纯用BaCl2与NaOH与Na2CO3依次除SO42-与Mg2+与Ca2+再加盐酸并强调BaCl2必须在Na2CO3之前；现挂节点边界只围绕铁及其化合物的除杂（调pH除铁与铜盐溶液除铁）；候选节点边界正是碳酸钠不能加在氯化钡之前与盐酸必须在过滤之后加入,slice_03
CHEMISTRY,chem-hj-f113-jita-jifata-guangpu,元素周期表与原子结构的规律,REBIND,基态、激发态与原子光谱,材料讲基态与激发态跃迁、发射光谱与吸收光谱、特征谱线用于光谱分析（含焰色试验与霓虹灯）；候选节点边界正是「基态到激发态吸收能量对应吸收光谱…光谱分析用于鉴定元素种类」；现挂节点边界只收电子排布与化合价规律,slice_04
CHEMISTRY,chem-hj-jianjixing-yu-suanxing,键的极性和分子的极性,REBIND,键的极性对羧酸酸性的影响,材料专讲羟基极性越大越易电离出氢离子、烷基推电子使酸性减弱；现挂节点主体是极性键与极性分子概念（羧酸酸性只写成附带的延伸内容）；候选节点边界正是基于诱导效应且只适用于同类有机酸比较,slice_05
CHEMISTRY,chem-hj-jingbao-midu-jisuan,有关物质的量浓度的计算,REBIND,晶胞密度的计算,材料讲晶胞密度公式 ρ=n·M/(NA·a³) 与求 NA、逆用求边长与粒子间距、非立方晶胞按实际体积算；现挂节点边界是溶液的物质的量浓度计算（cB、质量分数、密度作桥梁）与晶胞无关；同名节点边界即代入公式前统一长度到厘米与密度到 g/cm³,slice_06
CHEMISTRY,chem-hj-kongjian-liyonglv-jisuan,化学反应速率的计算方法,REBIND,晶胞空间利用率的计算,材料讲空间利用率等于晶胞内粒子总体积比晶胞体积、先数粒子再算体积及体心立方约68%与面心立方约74%；候选边界正是「先把微粒半径 r 与晶胞棱长的关系找对」；现挂「化学反应速率的计算方法」讲反应速率三段式与速率换算、与晶胞计算无关,slice_07
CHEMISTRY,chem-hj-liusuan-gen-jianyan,常见阳离子的检验与推断依据,REBIND,硫酸根离子的检验,材料专讲SO42-检验（先加足量稀盐酸排除CO32-与SO32-与Ag+干扰再加BaCl2看白色沉淀）；现挂节点是阳离子检验节点且边界明说不涉及混合体系中干扰离子的系统排除；候选节点同名且边界即不能用硝酸酸化以免SO32-被氧化造成假阳性；同批 ext-che-b4cc61c65b-008 与 ext-che-813727c8d6-002 已同向改绑,slice_08
CHEMISTRY,chem-hj-lizi-tuiduan-siyuanze,电荷守恒在离子推断中的应用,REBIND,离子推断的四项原则,材料按肯定性互斥性电中性进出性四原则推断；现挂节点只讲用电荷守恒判断最后一种离子是否存在；候选节点同名且边界用电中性原则核对电荷守恒并区分操作中引入的离子,slice_09
CHEMISTRY,chem-hj-na2o2-qiangyanghuaxing,过氧化钠,REBIND,na22,材料通篇讲Na2O2的强氧化性与还原性（SO2/FeCl2/H2S/酚酞褪色、遇KMnO4氧化产物为O2、与CO2和H2O自身歧化、1 mol转移1 mol电子）；候选节点名即材料标题且边界逐条对应；现挂「过氧化钠」是该化合物总节点（水与二氧化碳反应、过氧结构与碱性氧化物辨析、漂白性比较）,slice_10
CHEMISTRY,chem-hj-qiti-rongyu-jisuan,有关物质的量浓度的计算,REBIND,气体溶于水后溶液浓度的计算,材料专讲气体溶于水求浓度的通式（n=V′/22.4；溶液质量=气体质量+水的质量；溶液体积=质量/密度）并以不能用水的体积代替溶液体积为关键；现挂节点边界只把该计算列为三项之一；候选节点边界即溶液体积必须由溶液质量与密度求出且标况才可除以22.4,slice_11
CHEMISTRY,chem-hj-xinxing-wuji-feijinshu-cailiao,金属材料,REBIND,新型无机非金属材料,材料通篇讲高温结构陶瓷、压电陶瓷、透明陶瓷、超导陶瓷与碳纳米管、石墨烯等新型无机非金属材料；候选节点边界即以碳纳米材料与碳化硅氮化硅的类别判断为内容；现挂节点边界围绕金属材料的类别与用途展开、与材料内容无交集,slice_12
CHEMISTRY,chem-hj-yixi-shiyanshi-zhifa,cl2的实验室制法,REBIND,乙烯的实验室制法,材料讲乙醇与浓硫酸170℃制乙烯的原理装置现象与SO2杂质；候选节点边界逐字覆盖温度计插反应液与检验前先除SO2；现挂节点是实验室制氯气的完整流程、与乙烯无关,slice_01
CHEMISTRY,chem-hj-youji-jiegou-biaoshi-fangfa,有机物的结构可用键线式表示-如,REBIND,有机物结构的表示方法,材料把分子式、最简式、电子式、结构式、结构简式、键线式、球棍模型与空间填充模型一并介绍；属候选节点「有机物结构的表示方法」的完整范围、而现挂「键线式」节点只收键线式一种表示法及其写分子式与同分异构体分析,slice_02
CHEMISTRY,chem-hj2-yixi-shiyanshi-zhibei,cl2的实验室制法,REBIND,乙烯的实验室制法,材料讲乙醇与浓硫酸在170℃发生消去制乙烯与浓硫酸的双重作用与温度计水银球插入反应液与排水法收集；现挂节点边界是实验室制氯气的完整流程（强氧化剂与浓盐酸与净化除杂与尾气吸收与验满）；候选节点边界正是温度计测反应液温度与温度偏低增大副反应与SO2杂质须先除,slice_03
CHEMISTRY,chem-kb-ground-excited-state-spectrum,元素周期表与原子结构的规律,REBIND,基态、激发态与原子光谱,材料讲基态原子吸收能量跃迁为激发态、原子光谱与光谱分析（特征谱线鉴定元素）；候选节点边界「基态到激发态吸收能量对应吸收光谱…光谱分析用于鉴定元素种类」完全对应；现挂节点边界只收电子排布与化合价规律、不含跃迁与光谱,slice_04
CHEMISTRY,chem-kb-h2s-properties,na2o2的性质及应用,REBIND,硫化氢的性质,材料讲 H2S 分步电离的二元弱酸性、强还原性与作重金属沉淀剂；现挂节点边界是过氧化钠与二氧化碳和水反应的自身氧化还原与固体增重规律；候选节点边界正是 H2S 与氧气反应产物随量不同与尾气吸收,slice_05
CHEMISTRY,chem-kb-ion-exchange-membranes,在浓差电池中-为了限定某些离子的移动-常涉及到-离子交换膜,KEEP,,材料讲常见离子交换膜（阳膜、阴膜、质子膜各自允许通过的离子）与作用（隔离两极区阻止两极物质反应、选择性通过以平衡电荷形成闭合回路）及选择依据是离子的定向移动方向；现挂节点边界第 (1)(2)(3) 项逐条即此内容且作用表述与材料一致；候选节点是同题另建节点（边界另讲膜不改变电极反应、不能只按电荷数判断）,slice_06
CHEMISTRY,chem-kb-ionization-constant-concept,常温下-几种弱酸的电离平衡常数如下表所示,REBIND,电离平衡常数,材料讲电离平衡常数的定义式、只与温度有关与多元弱酸分步电离及K越大酸性越强；候选边界正是「K只随温度改变、稀释或加同离子都不会改变K」；现挂「弱酸电离常数的应用」收的是用常数表比较弱电解质强弱与分析电离度等应用,slice_07
CHEMISTRY,chem-kb-molecular-chirality,有机化合物中碳原子的成键特点,REBIND,分子的手性,材料讲手性异构与手性分子的定义及手性碳原子须连四个不同的原子或原子团；现挂节点边界限于碳原子的成键数目与键的类型与碳骨架分类 并明说不涉及具体有机分子的空间构型；候选节点同名且边界即手性碳判断（饱和碳sp3与四个基团互不相同）,slice_08
CHEMISTRY,chem-kb-three-bleaching-types,过氧化钠,REBIND,三类漂白剂的区别,材料讲氧化型加合型吸附型三类漂白剂的可逆性与选择性；过氧化钠在材料里只是氧化型的一个例子；现挂节点边界限于过氧化钠与水二氧化碳反应及强氧化性；候选节点同名 边界讲褪色是否复原的鉴别依据,slice_09
CHEMISTRY,chem-mo-youji-jiegou-biaoshifangfa,有机物的结构可用键线式表示-如,REBIND,有机物结构的表示方法,材料并列最简式/结构式/结构简式/键线式/球棍模型/空间填充模型六种表示法及其规范；现挂「键线式」边界只收键线式一种（由键线式写分子式并分析同分异构体）；候选边界正对表示方法规范（端点拐点都算碳、结构简式不可省双键三键符号）,slice_10
BIOLOGY,ext-bio-013e7e4c37-016b,种群的数量变化,REBIND,密度制约因素与非密度制约因素,材料逐条给出密度制约因素（食物天敌传染病）与非密度制约因素（气温干旱地震火灾）并强调判断依据是作用强度是否随种群密度变化；候选节点边界即此判据；现挂节点讲出生率死亡率等直接因素与λ值、未收该判据,slice_01
BIOLOGY,ext-bio-26746c92ba-128c,种群数量的变化,REBIND,密度制约因素与非密度制约因素,材料通篇讲生物因素多为密度制约因素且有反馈调节作用、非生物因素多为非密度制约因素且作用猛烈并可调节密度制约因素；正对候选节点边界「判断的关键是作用强度是否随种群密度变化」、而现挂「种群数量的变化」边界只收J形与S形增长模型和K值,slice_02
BIOLOGY,ext-bio-636de2a928-021,分离定律的特殊类型,REBIND,从性遗传与限性遗传,材料通篇只讲从性遗传与限性遗传（公牛母牛斑块表型不同；限性遗传基因只在一种性别表现）并强调基因在常染色体上与伴性遗传不同；现挂节点边界是血型与翅型与角型等特殊类型的基因型表型对照总表；候选节点边界即「基因位于常染色体、表型受性别影响」这一材料主张,slice_03
BIOLOGY,ext-bio-94a83ecf21-003,免疫失调,REBIND,自身免疫病与免疫缺陷病,材料分两部分讲自身免疫病（攻击自身成分；风湿性心脏病机理）与免疫缺陷病（功能不足或缺乏；先天性/获得性；艾滋病）；候选节点边界「自身免疫病针对自身成分、免疫缺陷病是免疫功能不足」与材料逐句对应；现挂节点边界是三类免疫失调的总述且HIV环节已另有材料,slice_04
BIOLOGY,ext-bio-ccd0d00ddf-004b,细胞增殖,REBIND,无丝分裂,材料是纯无丝分裂专述（无纺锤体和染色体变化、核缢裂过程、蛙的红细胞、DNA 仍复制并平均分配）；现挂节点边界只在「细胞增殖的方式」里顺带提到无丝分裂；候选节点边界正是无丝分裂与哺乳动物成熟红细胞不分裂的辨析且已收同题材料,slice_05
BIOLOGY,ext-bio-e3a300b276-010c,人类遗传病,REBIND,调查人群中的遗传病,材料通篇讲调查方法（发病率在人群中随机抽样且群体足够大；遗传方式在患者家系调查并绘系谱图；再列调查步骤与对象选择）；现挂节点边界收人类遗传病的概念、三大类型与五个不一定等易错判定；同名节点边界即两种调查的对象与场所不能混淆,slice_06
BIOLOGY,ext-bio-e3a300b276-011b,遗传病的检测和预防,REBIND,遗传病的检测与预防,材料讲遗传咨询与产前诊断的手段及B超查外观性别、羊水查染色体、血细胞筛地中海贫血、基因检测查基因病的手段对应关系；候选边界正是「各类手段的适用范围不能张冠李戴」；两节点是同一知识点的重复节点且同名材料《遗传病的检测与预防手段》已挂候选节点,slice_07
BIOLOGY,ext-bio-f49eeec233-007,人类遗传病,REBIND,调查人群中的遗传病,材料讲发病率须在群体中随机抽样且样本足够大、遗传方式须在患者家系调查并绘系谱图与调查过程四步；现挂节点边界只收人类遗传病的概念与三大类型及五个不一定；候选节点同名且边界正是两种调查的对象与目的不能混淆；同批 bio-fj-17-genetic-disease-survey 与 ext-bio-e3a300b276-010c 已同向改绑,slice_08
BIOLOGY,ext-bio-f49eeec233-007b,人类遗传病,REBIND,遗传病的检测和预防,材料讲遗传咨询与产前诊断手段及基因检测与基因治疗；现挂节点人类遗传病只讲概念与三大类型和五个不一定；候选节点同名且边界正讲产前诊断不等同基因检测 基因治疗尚在研究,slice_09
CHEMISTRY,ext-che-004850c1e8-013b,硫及其化合物之间的转化规律,KEEP,,材料兼讲同价态之间（SO2与亚硫酸及亚硫酸盐等）的酸碱转化与不同价态之间的氧化还原台阶式升降且强调相邻价态不发生氧化还原反应；现挂节点边界正是价态与类别两个角度的转化规律；候选节点只收不同价态的氧化还原转化（定位为氧化还原反应实验）收不下同价态部分,slice_11
CHEMISTRY,ext-che-004850c1e8-015b,硫代硫酸钠,KEEP,,材料讲硫代硫酸钠的物理性质、与酸反应生成S与SO2、与碘反应生成连四硫酸钠、与氯气和高锰酸钾的还原性及用途；现挂节点边界即「硫的平均价态＋2；与碘反应生成S4O6²⁻而不过度氧化；与酸反应属自身歧化、产物是S与SO2」逐条对上；候选节点边界同为该物质的性质与碘量法滴定提示、属同题子节点,slice_12
CHEMISTRY,ext-che-020cba294a-018,氧化还原反应规律及其应用,REBIND,氧化还原反应的守恒规律,材料讲质量守恒电子守恒电荷守恒及其配平与定量计算应用；候选节点边界即三守恒同时满足与电子电荷守恒确定系数比；现挂节点边界明说不涉及配平过程、所收为强生弱先后价态三大规律,slice_01
CHEMISTRY,ext-che-020cba294a-019,氧化还原反应规律及其应用,REBIND,价态规律及其应用,材料专讲价态高低规律、归中规律（只靠拢不交叉）与歧化反应及其应用；与候选节点边界「归中规律只适用于含同种元素的物质之间的反应」「判断产物时不能出现价态交叉」逐条吻合、且包里强弱规律与先后规律亦各有同名节点,slice_02
CHEMISTRY,ext-che-020cba294a-020,氧化还原反应规律及其应用,REBIND,强弱规律及其应用,材料只讲氧化性还原性强弱规律（取决于得失电子的难易且与数目无关）与其两个应用（判断反应能否发生与判断先后顺序）；现挂节点边界是强生弱与先后与价态三大规律的总纲；候选节点边界即「强者先反应须同时考虑量的多少」,slice_03
CHEMISTRY,ext-che-020cba294a-021,氧化还原反应规律及其应用,REBIND,先后规律及其应用,材料通篇只讲先后规律（多种还原剂或氧化剂共存时按强弱依次反应）与常见强弱顺序；候选节点名即「先后规律及其应用」且边界要求「强者优先…氧化性与还原性顺序不能记混」；现挂节点虽在边界里并列三大规律但材料并不讲强弱规律与价态规律,slice_04
CHEMISTRY,ext-che-02e43d3aeb-001b,o2作为原电池的正极反应物时-其电极反应在不同的介质中有不同的写法,REBIND,甲烷作燃料电池的负极反应物时-其电极反应式在不同的介质中有不同的写法,材料讲燃料电池电极反应式书写三步法（写总反应、写随介质而变的正极氧还原、用总反应减正极得负极）；现挂节点只收氧气作正极反应物的写法；候选节点是标题同名点且已收同题材料（先写总反应再拆正负极）,slice_05
CHEMISTRY,ext-che-043d5a4425-018b,键的极性对化学性质的影响,KEEP,,材料讲羧基中羟基极性越大酸性越强、吸电子基团使酸性增强烃基推电子使酸性减弱并给 CF3COOH 与 CHCl2COOH 等实例、后半讲无机含氧酸酸性随非羟基氧原子数增大而增强；现挂节点边界同时覆盖这两部分（含无机含氧酸比较与 n 值判据）；候选节点边界只限同类有机酸之间的比较、不能推广到酚醇；收不下材料中的无机含氧酸部分,slice_06
CHEMISTRY,ext-che-1422ee20c2-005,气体制备,REBIND,装置气密性的检查方法,材料整篇讲微热法、液差法、滴液法、抽气吹气法、分段法与量气法的操作与现象；候选边界正是「描述现象必须写清是否形成稳定的液柱或液面差」；现挂「气体制备」边界自限「范围限定气体物质的制备层面」,slice_07
CHEMISTRY,ext-che-144a906566-003,晶胞,REBIND,晶胞参数与晶体密度的计算,材料讲用切割法求晶胞微粒数Z后由密度等于Z乘M比NA乘a³求晶胞参数与单位换算及空间利用率与原子半径关系；现挂节点边界明说范围限于晶胞的基本认识 不含晶胞中粒子数目的计算；候选节点同名且边界即均摊后的粒子数与单位必须换算成cm,slice_08
CHEMISTRY,ext-che-15fcabc7cf-030,化工流程题的分析模型,REBIND,循环物质的确定方法,材料专讲循环物质的确定方法（生成后又消耗 主线产物不算 母液尾气回收）；现挂节点边界只把「流程中循环使用的物质要单独识别并说明」列为一句提醒；候选节点同名且边界正是前面工序需要与后面工序生成两条件,slice_09
CHEMISTRY,ext-che-1e9a37df8e-012b,羧酸的结构和性质,REBIND,键的极性对羧酸酸性的影响,材料讲羧酸酸性由羧基中羟基极性决定（吸电子基增强酸性、烃基推电子削弱、甲酸强于乙酸强于丙酸）；候选节点名即材料标题且边界写明该规律基于诱导效应、只适用同类有机酸；现挂「羧酸的结构和性质」是羧酸结构-性质关系总节点（还含醇酚羧酸羟基氢活泼性比较等）,slice_10
CHEMISTRY,ext-che-20d30e5ba6-003,化学反应速率及其计算,REBIND,化学反应速率的计算方法,材料给公式法（v=Δc/Δt）与速率之比等于计量数之比与三段式法并含转化率与产率的求法；候选节点边界逐条即定义式与速率之比与三段式；现挂节点边界自述与图像信息结合求速率且明言区别于三段式计算速率,slice_11
CHEMISTRY,ext-che-21d2923986-013,陶瓷,REBIND,新型无机非金属材料,材料讲新型陶瓷五类与碳纳米材料（富勒烯、碳纳米管、石墨烯）；候选节点边界即碳纳米材料属碳单质与碳化硅氮化硅属共价晶体的类别判断；现挂节点边界明说「限定在陶瓷材料、不涉及其他无机非金属材料」、收不下材料中的碳纳米材料部分,slice_12
CHEMISTRY,ext-che-258405f3c6-008,离子推断的方法与原则,KEEP,,材料讲检验依据与肯定性互斥性电中性进出性四项原则及先排除干扰离子；现挂节点边界（电中性原则只用于电荷加和、每步检查新引入的离子）覆盖该内容；候选节点是同题近重复节点,slice_01
CHEMISTRY,ext-che-25f43f1fc3-019,氧化还原反应规律及其应用,REBIND,氧化还原反应的守恒规律,材料讲质量守恒、电子守恒与电荷守恒及其在配平与电子转移计算中的应用；候选节点边界正是「电荷守恒用于确定离子方程式中H+与OH−或H2O的系数、电子守恒用于确定氧化剂与还原剂的系数比」、而现挂节点边界明写「不涉及配平过程」,slice_02
CHEMISTRY,ext-che-309fd84b7e-004,核反应方程的分析,KEEP,,材料讲核反应方程须用质量数守恒与电荷数守恒两条依据列式求解且不能用化学方程式的方法配平；其边界与现挂节点边界同文（只差定位前缀）；候选「核反应方程的分析思路」与之同题近重复；材料讲的正是现挂节点声明的范围,slice_03
CHEMISTRY,ext-che-309fd84b7e-004b,核反应方程的分析,REBIND,核反应方程的分析思路,材料讲质量数守恒与电荷数守恒两条并据此推断未知微粒（碳14 β衰变示例）；候选节点边界「守恒的对象是质量数与电荷数…判断元素种类只看质子数」与材料对应；材料标题与候选节点名逐字相同,slice_04
CHEMISTRY,ext-che-48262bc853-002,氧化还原反应规律及其应用,REBIND,强弱规律及其应用,材料讲氧化剂氧化性强于氧化产物、还原剂还原性强于还原产物并据此比较强弱与判断反应先后顺序；现挂节点是强生弱、先后、价态三规律合一的桶；候选节点边界正是「强者先反应」要结合氧化剂或还原剂量的多少,slice_05
CHEMISTRY,ext-che-48262bc853-003,氧化还原反应规律及其应用,KEEP,,材料只讲价态规律（化合价升降守恒、归中两相靠不相交、歧化中间价变两头）及其应用（判断同种元素能否反应、据化合价定氧化剂还原剂与产物）；现挂节点边界明确把价态规律（归中、相邻价态不反应、歧化）列为三大规律之一并声明用于判断反应能否发生与产物且不涉及配平；材料内容未越出该子项；候选节点边界讲的是同一子规律的易错判定、不构成改绑理由,slice_06
CHEMISTRY,ext-che-4aca25a694-004,水电离出的c(H+)（或c(OH-)）的计算,REBIND,水电离出的离子浓度的计算,材料讲25℃时由水电离出的c(H+)或c(OH-)三种情形算法（酸碱取小值、可水解盐取大值）；候选边界正是「酸碱溶液中不能把溶液中总c(H+)当作水电离出的浓度」；两节点为同一知识点的重复节点且材料标题即候选节点名,slice_07
CHEMISTRY,ext-che-4aca25a694-016,氧化还原滴定,REBIND,氧化还原滴定的原理与指示剂,材料讲电子守恒原理与常用试剂与三类指示剂（氧化还原指示剂与碘量法淀粉与KMnO4自身指示剂）及酸性条件控制；现挂节点边界只落在电子守恒列式与自身指示剂；候选节点同名且边界正是介质条件与淀粉指示剂只能在碘量法中使用；同标题材料 ext-che-c3ab790e04-021d 已同向改绑,slice_08
CHEMISTRY,ext-che-4dd2e79693-049b,晶胞,REBIND,晶胞密度的计算,材料用均摊法求微粒数后用 m=NM/NA 与晶胞体积相除求密度并强调单位换算；现挂节点晶胞边界明确写「范围限于晶胞的基本认识 不含晶胞中粒子数目的计算」；候选节点同名,slice_09
CHEMISTRY,ext-che-5fce0adee9-011,常见阳离子的检验与推断依据,REBIND,离子推断的四项基本原则,材料讲肯定性/互斥性/电中性/进出性四原则（含由酸性碱性、指示剂颜色、与铝放H2等隐含条件否定离子、并排除试剂引入的干扰）；现挂边界明言范围限于由反应产物判断阳离子是否存在、不涉及混合体系中干扰离子的系统排除；候选边界即不确定离子不能判为不存在、先排除干扰、结论须合电中性,slice_10
CHEMISTRY,ext-che-6bf2e64662-016,硫酸,REBIND,硫酸的工业制备（接触法）,材料通篇三步接触法（硫铁矿或硫燃烧制SO2与SO2催化氧化与SO3吸水）与用98.3%浓硫酸吸收SO3防酸雾的原因；候选节点边界即SO3不能用水吸收与SO2必须净化与尾气用碱液吸收；现挂节点是硫酸性质与工业制备的总节点而制备只是其主要方面之一,slice_11
CHEMISTRY,ext-che-6e5105e0b4-020,物质的量浓度,REBIND,浓度计算的常用方法,材料按「依据定义计算／依据换算公式计算／依据稀释定律计算」三条给出浓度计算方法；候选节点边界逐条就是这三条依据与对应公式；现挂节点边界以物质的量浓度的概念、溶质判断与质量分数溶解度换算为主、未收稀释定律部分,slice_12
CHEMISTRY,ext-che-72b20828f8-011b,核外电子运动状态,REBIND,基态、激发态与原子光谱,材料通篇讲基态与激发态及吸收发射光谱、光谱分析、焰色反应；候选节点边界即吸收光谱对应基态到激发态与光谱分析鉴定元素种类；现挂节点收电子云原子轨道能级顺序、只含光谱的初步联系,slice_01
CHEMISTRY,ext-che-747e72a70a-007,化学计算中的守恒法,REBIND,守恒法在化学计算中的应用,材料讲守恒法解题三步与原子守恒、电子守恒、电荷守恒在化学计算中的适用；材料标题与候选节点同名且候选边界「每种守恒都有明确的适用对象、只列出守恒式往往不足以求解需与另一个数量关系联立」正对它、两个节点为同主题近重复节点,slice_02
CHEMISTRY,ext-che-813727c8d6-002,常见阴离子的检验与推断依据,REBIND,硫酸根离子的检验,材料只讲SO42-的检验（先加稀盐酸排除CO32-与SO3 2-与Ag+的干扰再加BaCl2且必须用稀盐酸而不是稀硝酸或硫酸）；现挂节点是常见阴离子检验的总表（碳酸根与硫酸根与氢氧根与碘离子）；候选节点边界即不能用硝酸酸化以免SO3 2-被氧化成SO4 2-造成假阳性,slice_03
CHEMISTRY,ext-che-822771fccd-005b,装置气密性检查方法,REBIND,装置气密性的检查方法,材料并列给出微热法、液差法、滴液法、抽气吹气法四种检查方法与静置观察要点；候选节点边界「描述现象必须写清是否形成稳定液柱…检查气密性必须在加入试剂之前」与之对应且该节点已收四条同类材料；现挂节点只剩这一条材料、其边界与材料边界逐字相同属近重复节点,slice_04
CHEMISTRY,ext-che-86a0fcc39c-016,新型化学电源,REBIND,多液电池的分析方法,材料讲多液电池逐室分析（先判正负极、再判各室氧化还是还原、结合离子交换膜判断内电路是否闭合、用三个守恒检验电极反应式）；现挂节点边界限于微生物电池等新型电源的类型与原理；候选节点边界正是离子交换膜限定迁移方向与产物形式,slice_05
CHEMISTRY,ext-che-8b4c78b419-006,so检验的易错点,KEEP,,材料讲 SO4^2- 检验的正确操作（先加足量稀盐酸排除 CO3^2-、SO3^2-、Ag+ 干扰再加 BaCl2 观白色沉淀；不能先加 BaCl2 再加酸判断沉淀是否溶解；酸化不能换稀硝酸）；现挂节点边界第 (1)(3) 项正是这两处误判（先加钡盐后加酸会把 Ag+、Pb2+ 现象误判成 SO4；必须用稀盐酸而不能用稀硝酸并排除 Ag+ 干扰）；候选节点是同题另建节点、边界讲的是同一套试剂与顺序禁忌,slice_06
CHEMISTRY,ext-che-91f4672bad-011,有关物质的量浓度的计算,REBIND,溶液稀释与混合的计算,材料四节讲稀释守恒、同溶质混合式、电荷守恒与等质量等体积混合的质量分数规律；候选边界正是「等体积混合须结合密度判断质量分数偏向、稀释时体积守恒是错误前提」；现挂「有关物质的量浓度的计算」边界只列定义式守恒、气体溶于水与质量分数换算三项,slice_07
CHEMISTRY,ext-che-a13e903c71-021c,硒和碲及其化合物的性质,KEEP,,材料边界与现挂节点边界逐字同文（同族自上而下非金属性减弱与SeO2、TeO2氧化性强于SO2与两性氧化物判据）且材料讲的正是这些；候选节点「硒、碲及其化合物的性质」与现挂同题近重复（名称仅差顿号）属节点合并而非错绑,slice_08
CHEMISTRY,ext-che-a4f995ac24-002b,乙烯,REBIND,乙烯的实验室制法,材料是乙烯制法单元（乙醇与浓硫酸体积比1:3 沸石 检验前除杂）；候选节点同名且边界逐点吻合（温度偏低增副反应 SO2 干扰须先除杂）；现挂节点乙烯的边界以结构与性质为主 制法只作附带一句,slice_09
CHEMISTRY,ext-che-aa83e6fece-004,物质的分类,REBIND,对下列物质分类-并完善表格内容,材料讲交叉分类法（多标准、同种物质可属多类）与树状分类法（同一标准逐级、各层为包含关系）的定义与标准统一；候选节点名即材料标题且已收 5 条同题材料；现挂「物质的分类」声明的范围是物质类别的划分与常见俗名对应、未含两种分类方法,slice_10
CHEMISTRY,ext-che-b4cc61c65b-008,常见阴离子的检验与推断依据,REBIND,硫酸根离子的检验,材料专讲SO42−检验操作（先加稀盐酸排除CO32−与SO32−与Ag+再加BaCl2看白色沉淀）与干扰排除；候选节点边界即硫酸根检验的酸化禁忌（不能用硝酸或Ba(NO3)2以免SO32−被氧化造成假阳性）；现挂节点是覆盖多种阴离子的通用检验节点并把硫酸根只列为其中一项,slice_11
CHEMISTRY,ext-che-c00fa0f1f7-007,核素,REBIND,核反应方程的分析思路,材料讲核反应方程抓质量数守恒与电荷数守恒两条并据此求未知核素（碳14 β衰变示例）；候选节点边界即「守恒的对象是质量数与电荷数」与「判断元素种类只看质子数」；现挂节点边界是核素概念与原子构成、同位素与元素的界限、不涉及核反应方程的列式,slice_12
CHEMISTRY,ext-che-c293e5af8b-025,键的极性与羧酸酸性,KEEP,,材料讲羧基与相邻共价键极性越大酸性越强、烃基推电子使酸性减弱；现挂节点边界（该规律用于比较结构相似的羧酸）覆盖该内容；候选节点键的极性对羧酸酸性的影响是同题近重复节点,slice_01
CHEMISTRY,ext-che-c3ab790e04-021,误差分析,REBIND,中和滴定的误差分析方法,材料讲由c待＝c标V标/V待出发把误差归结为V(标准)偏大或偏小并给出滴定管仰视俯视读数的偏差方向；与候选节点边界「判断误差的方向时始终抓住V(标准)偏大则结果偏高这一条主线」及锥形瓶只用蒸馏水洗不润洗一致、属中和滴定误差方法的专名节点,slice_02
CHEMISTRY,ext-che-c3ab790e04-021d,氧化还原滴定,REBIND,氧化还原滴定的原理与指示剂,材料讲氧化还原滴定的原理与常用试剂与三类指示剂（氧化还原指示剂与碘量法的淀粉专用指示剂与KMnO4自身指示剂）与实例；现挂节点边界只落在定量计算按电子守恒列式；候选节点边界正是介质条件与淀粉指示剂只能在碘量法中使用,slice_03
CHEMISTRY,ext-che-c940c45b21-002b,乙烯,REBIND,乙烯的实验室制法,材料是实验室制乙烯全流程（乙醇与浓硫酸体积比约1比3、170℃、温度计插入反应液、SO2杂质的生成与除去）；候选节点边界「温度计测的是反应液的温度…检验性质前必须先用碱液除去SO2」与材料要点重合；现挂「乙烯」是烯烃结构与性质节点、边界只把制法列为附注,slice_04
CHEMISTRY,ext-che-cb0f101582-006b,硫酸,REBIND,硫酸的工业制备（接触法）,材料讲接触法制硫酸三步（硫或黄铁矿造气、二氧化硫催化氧化、用 98.3% 浓硫酸吸收三氧化硫）与尾气氨水吸收；现挂节点边界是硫酸性质与硫酸、亚硫酸的易混界限；候选节点边界正是三氧化硫不能用水吸收与尾气处理,slice_05
CHEMISTRY,ext-che-cdf4760f34-003,电解质概念和判断的几个-特殊点,REBIND,强电解质与弱电解质,材料先给强电解质完全电离、弱电解质部分电离（溶液中存在电离平衡）的定义再按周期表记忆常见强酸强碱（即物质类别归属）末段四点注意才涉及概念判定；现挂节点边界只收单质混合物不是电解质、自身电离、强弱按电离程度划分等概念特殊点、不含类别归属与定义；同名节点边界明确包含二者的物质类别归属与电离方程式书写,slice_06
CHEMISTRY,ext-che-ce1fbc591e-005,极端假设法确定浓度范围,REBIND,极端假设法确定可逆反应的浓度范围,材料讲把可逆反应分别假设向右与向左进行到底求极限、真实平衡值落在两极限之间且完全转化的端点取不到；候选边界正是「双向极值都要假设、平衡值不能取完全转化的端点」；现挂与候选为同名变体的重复节点,slice_07
CHEMISTRY,ext-che-d28ff8e706-004,试纸的使用方法,REBIND,试纸的类型与使用方法,材料首段即三类试纸（石蕊与pH与淀粉碘化钾）及各自作用 标题即候选节点名；候选节点边界讲检验气体先润湿与pH试纸不能润湿且只能读整数；现挂节点名只覆盖使用方法 收不下材料中的试纸类型部分,slice_08
CHEMISTRY,ext-che-d28ff8e706-004b,物质的溶解与加热,KEEP,,材料讲易水解固体溶解不加热 浓硫酸酸入水 管口不对人 液体不超过三分之一；现挂节点边界逐句写的就是这些（FeCl3 AlCl3 不加热 管口不对人 1/3） 即材料正落在现挂声明范围内；候选为同题近重复 属节点合并而非错绑,slice_09
CHEMISTRY,ext-che-e5ccf9cc1e-020,有机物分子结构的确定,REBIND,有机物分子结构的鉴定方法,材料含化学法鉴定官能团、红外光谱给化学键与官能团、核磁共振氢谱给氢的种类与数目比、X射线衍射测键长键角四项；现挂边界只收红外与氢谱两项；候选边界明列红外只给种类不能给数目与位置、氢谱只反映氢环境、最终确认常需X射线衍射,slice_10
CHEMISTRY,ext-che-e8e221ed0f-006b,有机化合物中的共价键,REBIND,键的极性对羧酸酸性的影响,材料专讲键的极性影响羧酸酸性的机制（羧基中羟基极性越大越易电离出H+）与两条规律（吸电子基增强与烃基推电子减弱）；候选节点边界即该规律基于诱导效应且只适用于同类有机酸之间比较；现挂节点以σ键π键与反应活性为主并把羧酸酸性作为附带讨论,slice_11
CHEMISTRY,ext-che-fa19c9abe5-001b,有关物质的量浓度的计算,REBIND,气体溶于水后溶液浓度的计算,材料专讲气体溶于水求浓度的思路与通式并以「体积必须由溶液质量和密度求出、不能用水体积代替」为关键点；候选节点边界即「溶液体积不能用水与气体体积相加、必须用溶液质量除以密度」；现挂节点边界只把气体溶于水列为三项之一,slice_12
PHYSICS,ext-phy-00dee0496f-009c,质量亏损,REBIND,核能的计算方法,材料给出核能计算的三条路径（质能方程配kg与焦耳、1u相当于931.5MeV、比结合能乘核子数）；候选节点即核能的计算方法；现挂节点只收质量亏损与结合能的换算关系,slice_01
PHYSICS,ext-phy-089780a205-007,热力学图像问题,REBIND,气体状态变化图像的分析方法,材料讲点与线的物理意义、V-T与p-T图中用与原点连线斜率比较压强体积、p-V图线与V轴所围面积表示做功；材料标题与候选节点同名且候选边界「求功必须用p-V图像的面积、其他图像不能直接由面积求功」正对材料内容,slice_02
PHYSICS,ext-phy-0e06a470ac-005,波粒二象性,REBIND,光的波粒二象性,材料讲干涉衍射偏振证明波动性与光电效应说明粒子性与概率波与频率越高粒子性越显著；现挂节点边界只讲个别光子与大量光子的统计表现；候选节点边界逐条列出波动性与粒子性的实验证据与表现（干涉衍射偏振与光电效应康普顿效应）,slice_03
PHYSICS,ext-phy-0f258d43a9-013,热力学图像问题,REBIND,气体状态变化图像的分析方法,材料按点、线、斜率、面积四层讲气体状态变化图像的分析并提醒不同图像常量意义不同；候选节点名与边界（比较压强体积看状态点到原点连线的斜率；求功必须用p-V图像面积）与材料一致；现挂节点是章内热力学图像题节点、把该分析法列为补充,slice_04
PHYSICS,ext-phy-154f35f7e3-002d,三个自由点电荷平衡模型,REBIND,三个自由点电荷的平衡模型,材料讲三点共线、两同夹异、两大夹小及中间电荷到两侧距离比等于电荷量比的平方根；现挂节点与候选节点是同一结论的近重复节点；候选节点这一同名者已收同题材料且边界正是两侧同号、中间异号,slice_05
PHYSICS,ext-phy-1e87c34de3-008b,天上-星球上空距离星体中心r-r-h处的重力加速度为g,REBIND,星体表面与上空的重力加速度,材料兼讲星体表面 g=GM/R²（由中心天体质量与半径共同决定）与上空 g'=GM/(R+h)² 并给出随高度按平方反比减小与联立求天体质量的规律；现挂节点（天上）按其名称与定位只收星球上空 r=R+h 处一个情形且其边界为抽取残句；同名节点边界即表面与上空两式并用 r 表示到球心距离,slice_06
PHYSICS,ext-phy-1f062f3888-007,电路动态分析的方法,REBIND,电路动态分析的三种方法,材料讲电路动态分析的程序法、结论法（串反并同）与极限法三种方法；候选边界正是「串反并同以内阻不为零为前提、程序法要求每一步推理有依据」；现挂「电路动态分析的方法」与候选为同一知识点的重复节点,slice_07
PHYSICS,ext-phy-202a7903f4-006c,实验基础知识,REBIND,探究小车速度随时间变化的规律,材料讲本实验器材与过程（小车停在靠近打点计时器处与先接通电源后释放小车与换纸带重复三次）；现挂「实验基础知识」是收各实验材料的上位桶节点（边界只写到国际单位制）；候选节点同名且边界即本实验的释放位置与器材取舍；同批 ext-phy-f42dc02f15-009 已从该桶节点改绑到同名节点,slice_08
PHYSICS,ext-phy-206fb04353-053b,带电粒子在组合场-电场与磁场各位于一定的区域内-并不重叠-中的运动,REBIND,电偏转与磁偏转的比较,材料比较电偏转恒力做类平抛与磁偏转变力做匀速圆周的受力与规律；现挂节点讲的是电场磁场分区组合（先电后磁等）的衔接问题；候选节点同名且边界讲两者受力性质不同 不可互相套用,slice_09
PHYSICS,ext-phy-206fb04353-086d,比结合能,REBIND,核能的计算方法,材料给出核能计算的三种方法（ΔE=Δmc²、质量亏损原子质量单位数×931.5 MeV、比结合能之差）与吸放能判断；候选边界正对质量亏损须由反应前后质量相减、用931.5 MeV时Δm须以u为单位；现挂「比结合能」边界是比结合能的定义、曲线与稳定性关系,slice_10
PHYSICS,ext-phy-206fb04353-105,变压器,REBIND,探究变压器原副线圈电压与匝数的关系,材料是探究实验（用可拆变压器测量不同匝数下的U1与U2并列表比较）与误差说明（漏磁与线圈电阻使实测电压比偏小）；候选节点边界即必须铁芯闭合与只用交流电压挡与实测电压比略大于匝数比；现挂节点讲工作原理与理想关系不含实验操作与误差,slice_11
PHYSICS,ext-phy-206fb04353-106,油膜法估测油酸分子的大小,KEEP,,材料是油膜法测分子大小的原理、V与S的测量与实验步骤；其边界与现挂节点边界逐字同文（理想化模型、纯油酸体积按浓度折算、数格误差、未散开就描线则直径偏大）；候选节点「用油膜法估测油酸分子的大小」与之同题近重复,slice_12
PHYSICS,ext-phy-211199b145-007b,电磁阻尼和电磁驱动,KEEP,,材料讲电磁阻尼与电磁驱动的成因效果能量转化及阻尼摆与磁悬浮列车；现挂节点边界与材料边界逐字一致且覆盖该内容；候选节点电磁阻尼与电磁驱动与现挂同题（仅和与与用字不同）,slice_01
PHYSICS,ext-phy-27916050fc-002,用油膜法估测油酸分子的大小实验,REBIND,用油膜法估测油酸分子的大小,材料是完整的油膜法实验（原理d=V/S、器材、步骤、数格数据处理、撒粉与描轮廓注意事项）；标题与候选节点同名且候选边界「必须按配制比例换算纯油酸的体积、不能把油酸酒精溶液的体积当作油酸体积」正对材料的数据处理与注意事项,slice_02
PHYSICS,ext-phy-2890a8a6ef-010,对超重和失重的理解应当注意的问题,REBIND,超重与失重的判断方法,材料讲从受力与从加速度两个角度判断超重与失重且只取决于加速度方向而与运动方向无关；现挂节点边界侧重重力没有变大变小与视重变化与完全失重时依赖重力的现象消失；候选节点边界即只看加速度方向与斜向加速度取竖直分量投影与完全失重只对应a=g且方向向下,slice_03
PHYSICS,ext-phy-2b63d7a05b-010,滑块-木板模型的临界问题,REBIND,滑块-木板模型,材料讲滑块-木板模型通法（未滑离与滑离两种情形分别列动量守恒与能量守恒、滑离条件是相对位移等于板长、提分关键三条）；候选节点名与材料标题逐字相同且边界收「板长与滑块位移混为一谈…判断是否滑落」等模型通法；现挂节点偏重临界问题一类,slice_04
PHYSICS,ext-phy-32ce307c34-008,运动的合成与分解,REBIND,合运动与分运动的关系,材料讲合运动与分运动的等时性、独立性与等效性及渡河时间由垂直于河岸的分运动决定；现挂节点边界是平抛运动的分解与小船过河的最短时间和最短位移；候选节点边界正是渡河时间只由垂直分速度决定,slice_05
PHYSICS,ext-phy-3612e63f5b-015,对机械能守恒条件的理解,KEEP,,材料给出机械能守恒的三种情形（只受重力；除重力外其他力不做功或做功代数和为零；只有系统内弹力做功时系统守恒）并强调是系统而非某个物体守恒；现挂节点边界三项与材料逐字对应且同样提醒并非物体的机械能守恒；候选节点（机械能守恒的条件）是同题另建节点、边界只讲只受与只做功之别,slice_06
PHYSICS,ext-phy-3628073593-009,动量定理,REBIND,用动量定理解释两类现象,材料讲动量变化量一定时时间越短力越大与作用力一定时时间越长动量变化越大两类现象及缓冲装置延长作用时间的原理；候选边界正是「先判断哪个量保持不变、不要把延长作用时间说成减小冲量」；现挂「动量定理」边界讲冲量与动量变化量的矢量关系、其应用类材料按库内惯例归位同名节点,slice_07
PHYSICS,ext-phy-3a86d307ab-004,天上-星球上空距离星体中心r-r-h处的重力加速度为g,REBIND,星体表面与上空的重力加速度,材料讲表面g=GM/R²与高空g'=GM/(R+h)²与比例关系与黄金代换与球壳与内部深度；现挂节点边界只是「得。所以式中g为地球表面附近重力加速度」的残句；候选节点同名且边界即r是到星体中心的距离与g随高度增大而减小 并已挂三条同题材料,slice_08
PHYSICS,ext-phy-504a241474-007b,电容器,REBIND,含电容器电路的分析,材料讲拆去电容器看结构 稳态相当于断路 电压等于并联电阻电压 变化时用 ΔQ=CΔU 判充放电电流方向；现挂节点电容器讲器件本身 稳态断路只作与电容相区分的附带一句；候选节点同名且边界讲须先正确求电容器两端电压,slice_09
PHYSICS,ext-phy-59dd10c06b-001c,弹力,REBIND,弹力有无的判断方法,材料给条件法/假设法/状态法/替换法四种判断弹力有无的方法及适用情形；候选节点名即材料标题且边界正是这四种方法的要点（不能只看是否接触、假设法要针对同一点同一状态、状态法先明确运动状态）；现挂「弹力」是含产生条件与方向大小的总节点,slice_10
PHYSICS,ext-phy-59dd10c06b-004,静摩擦力,REBIND,静摩擦力有无及方向的判断方法,材料逐条给条件法与假设法（假设光滑看是否相对滑动）与状态法（列平衡方程或F合=ma）与转换对象法；候选节点边界即三种方法的结论必须一致与相对是相对接触物体；现挂节点是含概念与大小随外力变化范围的静摩擦力总节点,slice_11
PHYSICS,ext-phy-5ba7f10b79-019,应用动能定理求解步骤,REBIND,动能定理在多过程问题中的应用,材料全部讲多过程问题：全过程应用的条件与列式注意（重力弹力静电力的功与路径无关、阻力做功等于力乘路程）以及分阶段应用的条件与中间速度；候选节点边界逐条即这些要点；现挂节点边界只把多过程列为注意事项之一,slice_12
PHYSICS,ext-phy-5fc61a6abe-004,磁感线,KEEP,,材料讲磁感线的定义与特点（切线方向表示磁场方向、疏密表示强弱、闭合、假想、不相交）；现挂节点边界即收该内容；候选节点磁感线的特点是同题另建节点,slice_01
PHYSICS,ext-phy-61d1d14b26-005b,热力学图像问题,REBIND,气体状态变化图像的分析方法,材料讲四类等值变化图像的形状与斜率意义（pV=CT、p-T过原点且斜率越大体积越小等）并归结点线斜率面积四要素；材料标题与候选节点同名且候选边界即比较压强体积要看状态点到原点连线的斜率与求功要用p-V图像面积,slice_02
PHYSICS,ext-phy-61d1d14b26-015,用油膜法估测油酸分子的大小实验,KEEP,,材料讲油膜法实验原理D=V/S与溶液配制与测一滴体积与数格法求面积与误差分析；其边界与现挂节点边界同文（只差定位前缀）；候选「用油膜法估测油酸分子的大小」与之同题近重复；材料讲的正是现挂节点声明的范围,slice_03
PHYSICS,ext-phy-6249360606-006,全反射,REBIND,条件-①光从光密介质射入光疏介质-②入射角大于或等于临界角,材料讲全反射的两个条件、临界角公式sinC=1/n与判定思路；候选节点名即「全反射的条件与临界角」且已收三条同名材料；现挂「全反射」边界是现象与临界角由折射率决定的综合节点,slice_04
PHYSICS,ext-phy-6dcd554e9e-001b,带电粒子在匀强电场中偏转的两个分运动,REBIND,两个重要结论,材料讲经同一加速电场加速再经同一偏转电场时偏移量与偏转角相同、速度反向延长线过水平位移中点；现挂节点边界是沿初速度匀速与沿静电力匀加速两个分运动及其偏移量和偏转角；候选节点名字即带电粒子偏转的两个重要结论且已收同题材料,slice_05
PHYSICS,ext-phy-7105d033a5-004,传播方向和振动方向的判断-图像理解,REBIND,振动图像与波的图像的综合分析,材料讲两图像综合的两方面（由振动图定周期、波的图定波长进而求波速；先定该时刻质点振动方向再定传播方向）并强调两图对应时刻与质点弄错会得相反结论；现挂节点边界只声明波的传播方向与质点振动方向的判断方法、不含波速与两图对应关系；同名节点边界即两图不能互换、判方向须取同一时刻的波形与振动方向,slice_06
PHYSICS,ext-phy-7105d033a5-006b,波的干涉,REBIND,波的叠加原理,材料讲几列波相遇后各自保持原状态继续传播、重叠区质点位移为各波单独引起位移的矢量和；候选边界正是「叠加是位移的合成、不能一律把两列波引起的位移大小相加」；现挂「波的干涉」边界讲的是干涉图样这一叠加特例,slice_07
PHYSICS,ext-phy-7a8d42b6f9-003,万有引力的-两点理解-和-两个推论,REBIND,万有引力与重力的关系,材料整篇讲地表物体重力只是万有引力的一个分力与极点才等于万有引力与向心力指向地轴及忽略自转的GMm/R²=mg近似；现挂节点的两点理解中该内容只占一句 主体是球壳与球体内部的两个推论；候选节点同名且边界即赤道两极差别与是否忽略自转 已挂6条同题材料,slice_08
PHYSICS,ext-phy-7b8a5ea480-008b,电磁阻尼和电磁驱动,KEEP,,材料讲电磁阻尼阻碍相对运动与电磁驱动追赶磁场 以及楞次定律与能量转化；现挂节点与材料同题 其边界讲的正是相对运动与能量守恒计算 节点内两条材料皆属该题；候选为同名近重复（综合复习） 判据因「和」与「与」之差误报,slice_09
PHYSICS,ext-phy-83aaecb372-004b,波粒二象性,REBIND,光的波粒二象性,材料给波动性证据（干涉衍射偏振）、粒子性证据（光电效应康普顿效应）与波粒二象性及概率波、使用要点；候选边界逐条对应（干涉衍射偏振证明波动性、光电效应康普顿效应说明粒子性）；现挂「波粒二象性」边界与候选节点为同一知识点的近重复节点,slice_10
PHYSICS,ext-phy-83dd6313b9-001b,库仑定律,REBIND,库仑力作用下的平衡问题,材料讲库仑力参与下的共点力平衡解题思路（受力分析后按平衡条件列方程并与库仑定律联立）与库仑力随距离变化须重新计算；候选节点边界即静电力是矢量须规定正方向与电荷量可能重新分配；现挂节点讲的是库仑定律本身的内容与适用条件,slice_11
PHYSICS,ext-phy-89752a9c75-013,机械能守恒定律的应用技巧,REBIND,轻弹簧连接系统的机械能守恒,材料讲轻弹簧系统内动能重力势能与弹性势能相互转化而总机械能守恒并给出弹性势能由形变量决定、两端物体速度相同的两点注意；候选节点边界即系统守恒、特殊位置速度关系与形变量；现挂节点边界只写守恒前提的判断,slice_12
PHYSICS,ext-phy-91bac4cabf-017,应用动能定理求解步骤,REBIND,动能定理在多过程问题中的应用,材料讲多过程时分段与全过程应用动能定理及重力阻力做功特点；候选节点边界即全过程列式求中间状态须回到分阶段与阻力用路程；现挂节点是动能定理的一般求解步骤、多过程仅为其一条注意事项,slice_01
PHYSICS,ext-phy-9626018097-002,电磁感应中的三大动力学观点,REBIND,动量定理在电磁感应中的应用,材料通篇讲导体棒变加速运动中安培力冲量BLq、q=ΔΦ/R总与动量定理联用求位移速度电荷量；材料标题与候选节点同名且候选边界「安培力的冲量要用平均值写成BLq或B²L²x/R总、只有其他外力为恒力时才能写成F其他Δt」逐条吻合,slice_02
PHYSICS,ext-phy-9885683808-001,必备实验仪器的原理及使用,REBIND,螺旋测微器的原理与读数,材料只讲螺旋测微器的螺距0.5mm与可动刻度50等分与0.01mm精确度与读数公式与半毫米刻度线与零点误差；现挂节点边界只是「一、打点计时器」的残句（仪器总表）；候选节点边界即必须看清半毫米刻度线是否露出与可动刻度必须估读一位,slice_03
PHYSICS,ext-phy-9885683808-001b,游标卡尺的读数,REBIND,游标卡尺的构造与读数,材料讲游标卡尺构造、精确度由游标尺等分数决定与「主尺整毫米数＋游标对齐格数×精确度」读数法；候选节点名与材料标题逐字相同且已收三条同类材料；现挂节点只剩这一条材料、其边界与材料边界逐字相同属近重复节点,slice_04
PHYSICS,ext-phy-9ade384fa8-003b,天上-星球上空距离星体中心r-r-h处的重力加速度为g,REBIND,星体表面与上空的重力加速度,材料同时讲星体表面 g=GM/R²、上空 r=R+h 处 g'=GM/(R+h)² 与用 GM=gR² 反求天体质量；现挂节点只管星球上空那一段；候选节点边界正是 r 是到中心距离而不是高度且随高度平方反比减小,slice_05
PHYSICS,ext-phy-9ade384fa8-003d,万有引力的-两点理解-和-两个推论,REBIND,万有引力与重力的关系,材料讲万有引力产生重力与随自转向心力两个效果、赤道重力加速度最小两极最大、通常近似认为万有引力等于重力；现挂节点边界收的是作用反作用、重力只是万有引力的一个分力以及匀质球壳空腔与球体内部引力的两个推论；同名节点边界即只有考虑自转时赤道两极才不同与忽略自转的近似处理,slice_06
PHYSICS,ext-phy-aa3eac86a6-002,必备实验仪器的原理及使用,REBIND,螺旋测微器的原理与读数,材料讲螺距0.5mm与可动刻度50等分对应精确度0.01mm以及必须估读一位的螺旋测微器读数方法；候选边界正是「必须看清半毫米刻度线是否露出、可动刻度必须估读一位」；现挂「必备实验仪器的原理及使用」是收各仪器材料的上位桶节点（库内《验证机械能守恒定律》等材料同此惯例归位同名节点）,slice_07
PHYSICS,ext-phy-af45d1db73-004,平抛运动,REBIND,探究平抛运动特点的实验步骤,材料按装背板与斜槽末端水平（平衡法）与固定位置描迹与定坐标原点四步讲实验操作；现挂「平抛运动」边界是水平匀速与竖直自由落体的合成及运动学公式与两个推论；候选节点同名且边界即第2步平衡法与第4步原点不是槽口端点,slice_08
PHYSICS,ext-phy-af45d1db73-006,平抛运动,REBIND,探究平抛运动特点实验的注意事项,材料讲斜槽末端切线水平 同一位置释放 坐标原点取球心投影三条操作及其对应误差来源；现挂节点边界只讲水平匀速与竖直自由落体的合成与公式推论 实验注意不在其声明内；候选节点同名且边界讲斜槽是否光滑与坐标原点,slice_09
PHYSICS,ext-phy-b2defc754e-005,等效替代法,REBIND,替代法测电阻,材料讲用电阻箱替换待测电阻、滑动变阻器阻值不变、电表读数相同时电阻箱读数即待测阻值及其无电表内阻系统误差的优点；候选边界正对替代前后电路必须不变、两次读数须完全一致；现挂「等效替代法」是跨实验的总方法节点（力的合成、动量守恒用位移替代速度等）,slice_10
PHYSICS,ext-phy-b7fee3d991-003c,万有引力定律的应用,REBIND,万有引力与重力的关系,材料讲万有引力分解为重力与随自转向心力（赤道向心力最大重力最小与两极重力最大）与黄金代换与表面及上空及内部三处重力加速度；候选节点边界即只有考虑自转时赤道两极才不同与表面GMm/R2=mg；现挂节点讲天体运动应用与星球瓦解及黑洞,slice_11
PHYSICS,ext-phy-b8d5634019-006b,弹力的定义及产生条件,REBIND,弹力有无的判断方法,材料专讲判断弹力有无的条件法、假设法与状态法；候选节点名即材料标题且边界正是这三法的要害（不能只看接触、假设法针对同一点同一状态、状态法先明确运动状态）；现挂节点以弹力的定义与产生条件为主、有无判断只是附带一节,slice_12
PHYSICS,ext-phy-baf18087a8-013,质量亏损,REBIND,核能的计算方法,材料讲核力与质量亏损及核能计算的两条单位路径（kg配焦耳、u配931.5MeV）；候选节点即核能的计算方法（含质量亏损定义与单位要求）；材料标题亦为核能的计算方法,slice_01
PHYSICS,ext-phy-bb84aa4cd5-002c,牛顿第三定律,REBIND,作用力与反作用力,材料讲两物体间作用力与反作用力总是大小相等方向相反作用在同一直线上、表达式F=-F′及同时性异体性同性质；与候选节点边界「力的作用是相互的、作用力与反作用力总是互相依存同时存在」一致、且上一轮同类裁定已把《牛顿第三定律》材料从该节点归到其同名节点,slice_02
PHYSICS,ext-phy-c8d7f6c61f-001,受力分析多力漏力-受力分析方法,REBIND,受力分析的三个技巧,材料讲三个技巧（不把研究对象所受的力与它施加的力混淆与假设法判断弹力摩擦力与转换研究对象用牛顿第三定律）并附一般顺序；现挂节点边界是受力分析的一般步骤与漏力多画力；候选节点边界即假设法只判断力的有无与方向与转换研究对象得到的相互作用力不能同画,slice_03
PHYSICS,ext-phy-ced0c3e323-003b,电容器,REBIND,含容电路的分析方法,材料讲含容电路的简化（稳定时电容器支路视为断路）、电容器电压等于并联电阻电压、充放电与电荷量变化（Q=CU）；候选节点边界正是「与电容器串联的电阻不分压…电压升高是充电、降低是放电」；现挂「电容器」是元件与电容概念节点,slice_04
PHYSICS,ext-phy-d0a08f55f3-003,全反射,REBIND,条件-①光从光密介质射入光疏介质-②入射角大于或等于临界角,材料讲全反射的两条发生条件与临界角 sinC=1/n 及折射率越大临界角越小；现挂节点是折射与反射共存的一般点；候选节点名字即全反射的条件与临界角且已收同名同内容材料,slice_05
PHYSICS,ext-phy-d3b4e26995-002b,动量守恒定律,REBIND,应用动量守恒定律的解题步骤,材料给出应用动量守恒定律的五步（明确研究对象与系统组成、受力分析判断是否守恒、规定正方向、由动量守恒列方程、解并讨论）与分段分方向列式等使用要点；现挂节点边界讲的是定律本身（合外力为零则总动量不变、可分方向应用、与机械能守恒的区别）；同名节点边界即列式前统一正方向与参考系等步骤要点,slice_06
PHYSICS,ext-phy-d72335472d-004,库仑力作用下的平衡,REBIND,库仑力作用下的平衡问题,材料讲金属球接触的电荷均分、表面电荷重新分布使作用力偏离库仑定律与三个自由点电荷平衡模型的三点共线两同夹异；候选边界正是「电荷量可能重新分配、不能沿用原来的电荷量」；两节点为同名变体的重复节点,slice_07
PHYSICS,ext-phy-df69780a4e-016,磁场中的仪器,REBIND,回旋加速器,材料专讲回旋加速器的构造与交变电压周期等于回旋周期与最大动能由B和R决定与总时间；现挂「磁场中的仪器」是速度选择器与流量计等的上位桶节点（边界只写到速度选择器）；候选节点同名且边界即提高加速电压不能提高最大动能 已挂6条同题材料,slice_08
PHYSICS,ext-phy-e342c3c922-005,圆周运动常见的临界状态,REBIND,斜面上圆周运动的临界问题,材料讲斜面圆盘上物体在最低点摩擦力达最大的临界条件（μmgcosθ−mgsinθ=mω²R）；候选节点同名且边界讲沿斜面与垂直斜面分量的向心力方程与临界位置；现挂节点是绳杆弹力与摩擦临界的一般汇总,slice_09
PHYSICS,ext-phy-e7ae1dda3f-018,变压器,REBIND,探究变压器电压与匝数关系的实验,材料是探究变压器电压与匝数关系的实验（目的/原理/器材/步骤/结论/误差分析/注意事项）；候选节点名即材料标题且边界正是必须交流电源、断电改接匝数、漏磁致电压比偏离匝数比；现挂「变压器」边界讲工作原理与理想变压器电压匝数关系及互感器、自耦变压器,slice_10
PHYSICS,ext-phy-eaffbd3f7f-008,力的分解,REBIND,力的正交分解法,材料专讲正交分解法（沿两个互相垂直方向分解与以少分解力便于分解为原则并与效果分解作比较）；候选节点边界即坐标轴必须互相垂直与分量须带符号且同一个力不能重复计入；现挂节点是含效果分解与正交分解两种方法的总节点,slice_11
PHYSICS,ext-phy-f2e423daf2-005,摩擦力,REBIND,摩擦力大小的计算方法,材料讲滑动摩擦力用f=μFN且FN不一定等于重力、静摩擦力用平衡条件或牛顿第二定律求解；候选节点边界即这两条与正压力的说明；现挂节点边界是摩擦力的概念与分类、三个方向与叠放物块临界、未声明大小计算,slice_12
PHYSICS,ext-phy-f42dc02f15-002,必备实验仪器的原理及使用,REBIND,螺旋测微器的原理与读数,材料讲螺旋测微器的螺距与精确度0.01mm及读数方法（半毫米刻度线与可动刻度估读一位）；候选节点边界即这两处失分点；现挂节点是实验仪器总论（边界从打点计时器列起）,slice_01
PHYSICS,ext-phy-f42dc02f15-006,滑动变阻器的限流式与分压式,REBIND,滑动变阻器两种接法的选择,材料讲限流式与分压式的结构差异及选择原则与必须用分压式的三种情况（要求电压从零起调、Rx远大于R滑、限流时最小电流仍超限）；正对候选节点边界「滑动变阻器必须采用分压式接法的几种情况」与「两种接法都能满足时优先选用限流式」,slice_02
PHYSICS,ext-phy-f42dc02f15-009,实验基础知识,REBIND,实物图连接的注意事项,材料讲实物连线顺序（从电源正极按原理图依次单线连接）与导线不交叉与电表量程与正负接线柱与变阻器限流分压接法与连后走一遍电流路径检查；现挂节点是实验基础知识总表（误差与器材选择与操作）；候选节点边界即电表接反指针反偏与变阻器接错失去调节与连线时保持开关断开,slice_03
PHYSICS,phys-ampamp-method,特点-整个导体回路的电阻一般很小-感应电流很大-故金属块的发热功率很大,REBIND,安安法测电阻,材料讲用两只电流表测电阻且本质仍是欧姆定律（(I₂−I₁)Rx=I₁(R+RA₁)）；候选节点名即安安法测电阻且已收四条同名材料；现挂节点是涡流的特点与能量转化、与材料内容完全无关,slice_04
PHYSICS,phys-fx-alternating-field-motion,带电粒子在交变电磁场中的运动,REBIND,带电粒子在交变电场中的运动,材料只讲交变电场中粒子运动（单向直线、往返、偏转三类分段分析与力或功能两条思路）；现挂节点边界覆盖交变电场与交变磁场三类组合并含配速法；候选节点是交变电场专点且已收周期性与对称性分段分析的同题材料,slice_05
PHYSICS,phys-fx-ammeter-ammeter-method,电压表-电流表的改装,REBIND,安安法测电阻,材料讲安安法测电阻（A2 量程须大于 A1、用已知内阻的电流表当电压表、由 I1r1/(I2-I1) 求 Rx、也可串电阻箱改装成电压表）；现挂节点边界是表头改装成电流表电压表的原理与两表改装对比；同名节点边界即两表量程搭配、把电流表当电压表用须已知内阻、分清干路支路的 I2-I1,slice_06
PHYSICS,phys-fx-autotransformer-instrument-transformer,变压器,REBIND,自耦变压器与互感器,材料三条即自耦变压器以线圈一部分作副线圈升降压、电压互感器并联与电流互感器串联；候选边界正是「自耦变压器匝数按实际接入的圈数算、电压互感器并联而电流互感器串联」；现挂「变压器」为覆盖该子题的上位节点且已另有多条互感器与自耦变压器材料,slice_07
PHYSICS,phys-fx-current-half-bias-method,小量程电流表-表头,REBIND,电流半偏法测电流表内阻,材料讲半偏法步骤（先满偏再并电阻箱调半偏）与R1远大于RA前提与测量值偏小为系统误差；现挂「小量程电流表（表头）」边界是工作原理与Ig与Rg与Ug三参数；候选节点同名且边界即该方法的前提与读数取半偏时刻,slice_08
PHYSICS,phys-fx-momentum-conservation-procedure,多物体-多过程问题中动量守恒定律的应用,REBIND,应用动量守恒定律的解题步骤,材料给出确定系统 判断守恒 规定正方向写初末动量 列式求解四步；现挂节点讲多物体多过程的分段与反冲 未收解题步骤；候选节点同名且边界讲合外力为零 单一方向守恒与正方向参考系统一,slice_09
PHYSICS,phys-fx-power-average-instantaneous,平均速度与瞬时速度的区别,REBIND,平均功率与瞬时功率,材料讲平均功率用P=W/t（对恒力变力做功均适用）与瞬时功率用P=Fvcosα并强调先明确是哪个力的功率；候选边界正对求瞬时功率不能用W/t、比较功率要抓力与速度方向的夹角；现挂节点的边界与材料（功率）无关,slice_10
PHYSICS,phys-fx-voltage-half-bias-method,电压表-电流表的改装,REBIND,电压半偏法测电压表内阻,材料讲电压半偏法步骤（先满偏再串电阻箱至半偏读R0）与成立条件与测量值偏大且与电流半偏法误差方向相反；候选节点边界即R1远小于RV是前提与电阻箱应从零开始；现挂节点只讲表头改装原理与两表改装对比,slice_11
PHYSICS,phys-fx-voltmeter-voltmeter-method,电压表-电流表的改装,REBIND,伏伏法测电阻,材料讲伏伏法测电阻的条件（V2量程大于V1）与由读数差除以电压表内阻求电流再求Rx的原理；候选节点边界即量程要求与「把电压表当电流表用须已知内阻」；现挂节点边界只讲表头改装原理与两表改装对比、不涉及测电阻,slice_12
PHYSICS,phys-hj-032-newton-second-law,如果要列出各物理量在某一时刻的关系式-可用牛顿第二定律,REBIND,牛顿第二定律,材料给出牛顿第二定律表达式F=ma与加速度同合外力方向关系及国际单位制要求；候选节点边界即该表达式与定律理解；现挂节点力学规律的选用策略讲动量能量守恒三观点的选用、不涉及定律本身,slice_01
PHYSICS,phys-hj-062-motion-composition-properties,核心处理思想-运动的合成与分解-约束条件,REBIND,合运动与分运动的关系,材料讲合运动与分运动的等时性、独立性与等效性；正对候选节点边界「等时性常用来把绳子收缩的时间转化为物体移动的时间、分运动的独立性只在经典力学范围内成立」、而现挂节点实际收的是沿绳或接触面法线方向的约束分解,slice_02
PHYSICS,phys-hj-167-circuit-dynamic-methods,平行板电容器的动态分析问题的两种情况,REBIND,电路动态分析的方法,材料讲电路动态分析的程序法与串反并同法与滑动变阻器的极限法；现挂节点边界是平行板电容器U不变与Q不变两类动态分析；候选节点边界即串反并同要求电源内阻不能忽略与程序法须先明确总电流变化方向与极限法只给边界情形,slice_03
PHYSICS,phys-hj-169-micrometer-reading,必备实验仪器的原理及使用,REBIND,螺旋测微器的原理与读数,材料讲螺旋测微器螺距0.5mm、可动刻度50等份、精确度0.01mm且估读一位到0.001mm；候选节点边界「必须看清半毫米刻度线是否露出…可动刻度必须估读一位」与之对应；现挂节点是跨册综合的仪器桶、边界只写到打点计时器,slice_04
PHYSICS,phys-hj-173-resistivity-exp-notes,注意事项-x1,REBIND,测量金属丝电阻率的注意事项,材料讲电阻率实验操作要点（金属丝电阻小用电流表外接法、测有效长度须拉直、直径三处测量取平均）；现挂节点边界是热学实验里注射器封闭气体的质量与温度控制；候选节点边界正是金属丝电阻小与温度升高使电阻率变大,slice_05
PHYSICS,phys-hj-182-volt-volt-method,路端电压与外电阻的关系,REBIND,伏伏法测电阻,材料讲定值电阻与电压表串联、由 U0=U2-U1 求流过电压表的电流并进而求电压表内阻或定值电阻；现挂节点边界讲路端电压随外电阻的变化、断路短路与焦耳定律、与材料内容无交集；同名节点边界即 V2 量程须大于 V1、把电压表当电流表用须已知内阻,slice_06
PHYSICS,phys-hj-183-amp-amp-method,特点-整个导体回路的电阻一般很小-感应电流很大-故金属块的发热功率很大,REBIND,安安法测电阻,材料讲定值电阻与电流表并联、由I0=I2-I1求电流表内阻的安安法；候选边界正是「两表量程须搭配A2大于A1、I2-I1是另一支路的电流」；现挂「涡流的特点与能量转化」讲电磁感应中的涡流发热、与该材料无关,slice_07
PHYSICS,phys-hj-189-multimeter-usage,利用电场线和等势面解决带电粒子运动问题的方法,REBIND,多用电表的使用方法,材料讲机械调零与红黑表笔孔位与测电压并联与测电流串联与测电阻选倍率并调零；现挂节点边界是带电粒子轨迹与电场线和等势面的关系 与多用电表无关；候选节点同名且边界即换挡后重新欧姆调零与读数乘倍率 已挂三条同题材料,slice_08
PHYSICS,phys-hj-191-magnetic-field-line-features,波动图象的特点,REBIND,磁感线的特点,材料讲磁感线切线方向为磁场方向 疏密表强弱 闭合不相交；现挂节点波动图象的特点讲波形与质点振动步调及起振方向 与材料完全无关；候选节点同名且边界讲磁感线是假想曲线 相交即方向不唯一,slice_09
PHYSICS,phys-hj2-chaozhong-shizhong-panfang-fangfa,波的干涉中振动加强点和减弱点的判断方法,REBIND,超重与失重的判断方法,材料讲超重/失重/完全失重的定义、三种判断角度（受力、加速度、速度变化）与实重视重之分；候选边界正对只看加速度方向、斜向加速度取竖直分量、完全失重仅对应a=g且方向向下；现挂「波的干涉中振动加强点和减弱点的判断方法」与超失重无关,slice_10
PHYSICS,phys-hj2-dianlu-dongtai-fenxi,平行板电容器的动态分析问题的两种情况,REBIND,电路动态分析的方法,材料讲滑片移动与开关通断引起的电路动态分析（程序法链路与串反并同结论法与极限法）；候选节点边界即串反并同须电源内阻不为零与程序法每一步要明确总电流变化方向；现挂节点讲的是平行板电容器的电容与场强随板距板正对面积的动态分析,slice_11
PHYSICS,phys-hj2-dianshi-gaodi-panfang,利用电场线和等势面解决带电粒子运动问题的方法,REBIND,电势高低与电势能大小的判断方法,材料讲判断电势高低与电势能大小的方法（沿电场线电势降低、由φ=Ep/q结合电荷正负、点电荷场φ=kQ/r、等势面）；候选节点边界即必须同时考虑电荷正负与同一零电势参考；现挂节点边界是带电粒子运动轨迹与电场力电性的判断、材料不讲轨迹,slice_12
PHYSICS,phys-hj2-heyundong-fenyundong-guanxi,核心处理思想-运动的合成与分解-约束条件,REBIND,合运动与分运动的关系,材料讲合运动与分运动的等时性独立性等效性及位移速度加速度按平行四边形法则合成；候选节点边界即等时性与分运动独立性；现挂节点收分解依据与绳杆等约束方向的分运动,slice_01
PHYSICS,phys-hj2-kulunli-pingheng-wenti,安培力作用下导体的平衡与加速问题,REBIND,库仑力作用下的平衡问题,材料讲带电体受力分析后按共点力平衡列式、库仑力与弹簧弹力重力共同作用的多球平衡及两大夹小两同夹异；正对候选节点「库仑力作用下的平衡问题」、而现挂节点边界通篇是安培力作用下导体的平衡与俯视剖面视图转换,slice_02
PHYSICS,phys-hj2-luoxuan-ceweiqi-dushu,必备实验仪器的原理及使用,REBIND,螺旋测微器的原理与读数,材料讲螺旋测微器螺距0.5mm与可动刻度50等份与读数＝固定刻度＋可动刻度×0.01且要估读一位并注意半毫米刻度线；现挂节点边界只是「一、打点计时器」的残句（仪器总表）；候选节点边界即半毫米刻度线是否露出与可动刻度估读一位,slice_03
PHYSICS,phys-hj2-pingpao-jieti-silu,等效法求解电场中圆周运动问题的解题思路,REBIND,平抛运动问题的解题思路,材料讲平抛的两条解题思路（已知速度方向先分解速度、已知位移方向先分解位移以及斜面上的两向分解）；候选节点名与其边界（tanθ=2tanα）即平抛解题思路；现挂节点是等效重力场中的圆周运动、与材料无关,slice_04
PHYSICS,phys-hj2-tanhuang-shiyan-yuanli-buzhou,探究结果-胡克定律-x为形变量,REBIND,探究弹簧弹力与形变量关系的实验,材料讲实验步骤（竖直悬挂测原长、逐个挂钩码、用弹力与伸长量数据探究 F 与 x 的关系）；现挂节点边界是探究结论（斜率即劲度系数与图像横截距）；候选节点边界正是钩码不可过多与伸长量须等于长度减原长,slice_05
PHYSICS,phys-hj2-weixing-zhuiji-xiangyu,追及相遇问题的实质及分析思路,REBIND,卫星的追及与相遇问题,材料讲同轨道面两卫星由相距最近到再次最近或用最远时的转角与周期关系（(ωA±ωB)t=2πn 等）并提示计入初始夹角；现挂节点边界是匀变速直线运动的追及相遇（速度相等临界与时间位移两个等量关系）与卫星无关；同名节点边界即绕同一中心天体同向用角速度差、反向用角速度之和,slice_06
PHYSICS,phys-hj2-youbmogu-shiyan-yuanli,物体看作质点的条件-物体的大小和形状对研究问题的影响可以忽略,REBIND,用油膜法估测油酸分子的大小,材料讲油酸酒精溶液滴入水中形成单分子油膜、以d=V/S估测分子直径并用数格法求面积；候选边界正是「必须按配制比例换算纯油酸体积、本实验只作数量级估算」；现挂「物体看作质点的条件」讲质点理想模型、与该材料无关,slice_07
PHYSICS,phys-hj3-collision-classification,非弹性碰撞,REBIND,碰撞的分类与比较,材料讲弹性与非弹性与完全非弹性三类碰撞的动量守恒与机械能损失比较；现挂「非弹性碰撞」只收介于弹性与完全非弹性之间的那一类；候选节点同名且边界即判断碰撞可能时按类型分别讨论与动能只减不增,slice_08
PHYSICS,phys-hj3-composition-nature-judge,定义-物体具有保持原来匀速直线运动状态或静止状态的性质-质量是惯性的唯一量度,REBIND,两个直线运动合运动性质的判断,材料讲分别合成初速度与加速度 按 v合 与 a合 是否共线判断合运动性质；现挂节点惯性讲保持运动状态的性质与质量量度 与材料无关；候选节点同名且边界讲先把分运动整理成初速度与加速度再合成,slice_09
PHYSICS,phys-hj3-gas-image-analysis,分析方法,REBIND,气体状态变化图像的分析方法,材料讲气体图像的点表示平衡状态、p-1/V与p-T图线斜率的含义、p-V图线面积表示功；候选边界正对看状态点到原点连线斜率比较压强体积、求功必须用p-V图像面积；现挂slug为分析方法（名字是运动描述的分析方法）且边界是斜面上圆周运动分析,slice_10
PHYSICS,phys-hj3-incline-circular-motion,平抛运动的临界问题,REBIND,斜面上圆周运动的临界问题,材料讲斜面上圆周运动按控制因素分摩擦力与杆与绳型并分析最高点最低点受力与立体图转平面图；候选节点边界即沿斜面与垂直斜面分量的向心力方程与临界位置须结合转动方向判断；现挂节点讲平抛的障碍物与坑洞临界,slice_11
PHYSICS,phys-hj3-micrometer-reading,必备实验仪器的原理及使用,REBIND,螺旋测微器的原理与读数,材料讲螺旋测微器螺距0.5mm与可动刻度50等分对应0.01mm精确度以及固定刻度加可动刻度乘0.01的读数与估读要求；候选节点边界即半毫米刻度线是否露出与可动刻度估读一位；现挂节点是各仪器材料的上位汇总节点、边界只写到打点计时器,slice_12
PHYSICS,phys-hj3-motion-composition-relations,核心处理思想-运动的合成与分解-约束条件,REBIND,合运动与分运动的关系,材料讲合运动是实际运动并给出等时性等效性独立性三条关系；候选节点边界即这三条关系（渡河时间与绳收缩时间）；现挂节点收约束方向分运动与分解依据、与材料内容不符,slice_01
PHYSICS,phys-hj3-oil-film-exp-principle,物体看作质点的条件-物体的大小和形状对研究问题的影响可以忽略,REBIND,用油膜法估测油酸分子的大小,材料讲油酸酒精溶液滴在水面形成单分子油膜、分子直径d=V/S与纯油酸体积V=V0k/N的数据处理；正对候选节点边界「必须按配制比例换算纯油酸的体积」与「本实验只作数量级估算」、与现挂「物体看作质点的条件」的质点理想化模型无关,slice_02
PHYSICS,phys-hj3-particle-ac-field,带电粒子在交变电磁场中的运动,REBIND,带电粒子在交变电场中的运动,材料只讲交变电场（方波电压）中垂直射入的粒子沿初速度方向匀速与沿电场方向周期运动且需分段求解；现挂节点覆盖交变电场与交变磁场与两者同时变化三类并讲配速法与加速器；候选节点边界即交变电场中加速度分段恒定与往返运动须判断速度减零时刻与一周期电场力做功可能为零,slice_03
PHYSICS,phys-kb-circuit-dynamic-analysis,平行板电容器的动态分析问题的两种情况,REBIND,电路动态分析的方法,材料讲电路动态分析的三种方法（程序法、串反并同结论法、极限法）；候选节点名与边界（串反并同需电源内阻不能忽略、程序法每步明确总电流方向）与材料逐条对应；现挂节点是平行板电容器的两类动态分析、与材料无关,slice_04
PHYSICS,phys-kb-newton-second-law,牛顿第二定律的理解-五性,KEEP,,材料讲 F合=ma 的理解与瞬时性、矢量性、同体性、独立性和惯性参考系适用范围；正落在现挂节点（定律的理解与特性）的范围内；候选节点同名只是标题泛指上位概念；前批同类（牛顿第二定律的理解五性）已判保留,slice_05
PHYSICS,phys-kb-oscillation-symmetry,运动的对称性,REBIND,对称性,材料讲简谐运动的时间对称（对称点到平衡位置用时相等）、速度对称（连续两次过同一点等大反向）与能量对称；现挂节点边界是竖直上抛的对称性（t上=t下、经过同一点速度等大反向）与运动学图像；同名节点边界即机械振动中关于平衡位置对称的 tOB=tBO 等四类对称关系,slice_06
PHYSICS,phys-kb-satellite-chase-encounter,追及相遇问题的实质及分析思路,REBIND,卫星的追及与相遇问题,材料讲同向转动角度差为2nπ、相距最远为(2n-1)π、反向用角速度之和及t/TA-t/TB=n的卫星追及算法；候选边界正是「同向用角度之差、反向用角度之和不可混用、角速度由各自轨道半径求出」；现挂「追及相遇问题的实质及分析思路」边界讲匀变速直线运动的临界条件与等量关系,slice_07
PHYSICS,phys-kb-series-parallel-rules,匀变速直线运动的规律,REBIND,串并联电路的规律,材料讲串联等流分压与并联等压分流的电流电压电阻与功率比例及总电阻随任一电阻的变化；现挂节点边界是匀变速直线运动的特点 与电路无关；候选节点同名且边界即并联总电阻小于任一支路与任意电阻变大则总电阻变大,slice_08
PHYSICS,phys-mo-l05-three-nature-forces-b,模型示意图,REBIND,力的概念,材料讲力是物体对物体的相互作用且不能脱离施力受力物体 并讲图示与示意图的表示；现挂节点（力的图示与力的示意图）只收表示方法 材料主体是概念；候选节点同名且边界正讲力不能脱离物体而存在,slice_09
PHYSICS,phys-mo-l09-newton-laws-basic-b-2,牛顿第二定律的理解-五性,REBIND,牛顿第二定律,材料给牛顿第二定律的内容（F=ma、加速度与作用力成正比与质量成反比且方向相同）与适用范围（惯性参考系、宏观低速）；候选节点名即材料标题且边界为表达式、理解与六性、应用方法；现挂「牛顿第二定律的理解：五性」是理解性专题节点,slice_10
PHYSICS,phys-mo-l14-projectile-b-2,竖直上抛运动的处理方法,REBIND,斜抛运动,材料讲斜抛运动的定义与性质（加速度为g的匀变速曲线运动与水平方向匀速竖直方向上抛或下抛）以及平抛与斜抛同为匀变速曲线运动；候选节点边界即只受重力是前提与最高点竖直分速度为零水平分速度不变；现挂节点讲竖直上抛的两段处理与多解性,slice_11
PHYSICS,phys-voltvolt-method,路端电压与外电阻的关系,REBIND,伏伏法测电阻,材料讲两只电压表串联时由(U1−U2)/U2=Rx/RV2求待测电阻并须知道其中一只电压表的内阻；候选节点边界即量程搭配与须已知一只电压表内阻；现挂节点边界讲路端电压随外电阻变化与焦耳定律、与伏伏法无交集,slice_12
