subject,slug,volume,chapter,theme
PHYSICS,描述运动的基本概念,物理必修第一册,第一章 运动的描述,运动的描述
PHYSICS,物体看作质点的条件-物体的大小和形状对研究问题的影响可以忽略,物理必修第一册,第一章 运动的描述,质点与参考系
PHYSICS,时刻-表示某一瞬间-在时间轴上用点表示-是一个状态量,物理必修第一册,第一章 运动的描述,时间与位移
PHYSICS,时刻与时间间隔区别与联系,物理必修第一册,第一章 运动的描述,时间与位移
PHYSICS,矢量和标量,物理必修第一册,第一章 运动的描述,时间与位移
PHYSICS,速度定义-位移与发生这段位移所用时间之比-表示物体运动快慢的物理量-是过程量,物理必修第一册,第一章 运动的描述,速度与平均速度
PHYSICS,平均速度与瞬时速度的区别,物理必修第一册,第一章 运动的描述,速度与平均速度
PHYSICS,速度-速度的变化量-加速度的比较,物理必修第一册,第一章 运动的描述,加速度
PHYSICS,坐标系,物理必修第一册,第一章 运动的描述,质点与参考系
PHYSICS,电阻率,物理必修第三册,第十一章 电路及其应用,导体的电阻
PHYSICS,电路中的基本概念,物理必修第三册,第十一章 电路及其应用,串并联电路与欧姆定律
PHYSICS,电路中的基本定律,物理必修第三册,第十一章 电路及其应用,串并联电路与欧姆定律
PHYSICS,电路的故障分析,物理必修第三册,第十一章 电路及其应用,串并联电路与欧姆定律
PHYSICS,电源的内阻-电源内部是由导体构成-所以也有电阻-这个电阻叫做电源的内阻,物理必修第三册,第十二章 电能 能量守恒定律,闭合电路的欧姆定律
PHYSICS,路端电压与外电阻的关系,物理必修第三册,第十二章 电能 能量守恒定律,闭合电路的欧姆定律
PHYSICS,电源的功率问题,物理必修第三册,第十二章 电能 能量守恒定律,闭合电路的欧姆定律
PHYSICS,电源输出功率-整个外电路上消耗的电功率,物理必修第三册,第十二章 电能 能量守恒定律,闭合电路的欧姆定律
PHYSICS,等效电源法处理电路中的功率问题,物理必修第三册,第十二章 电能 能量守恒定律,闭合电路的欧姆定律
PHYSICS,程序法-遵循-局部-整体-局部-的思路,物理必修第三册,第十二章 电能 能量守恒定律,电路的动态分析
PHYSICS,结论法-串反并同-应用条件为电源内阻不为零,物理必修第三册,第十二章 电能 能量守恒定律,电路的动态分析
PHYSICS,特殊值法-对于某些特殊电路问题-可以采取代入特殊值的方法去判定,物理必修第三册,第十二章 电能 能量守恒定律,电路的动态分析
PHYSICS,电流做功的实质-电能转化成其他形式能的过程,物理必修第三册,第十二章 电能 能量守恒定律,电路中的能量转化
PHYSICS,额定功率和实际功率,物理必修第三册,第十二章 电能 能量守恒定律,电路中的能量转化
PHYSICS,纯电阻电路和非纯电阻电路的处理,物理必修第三册,第十二章 电能 能量守恒定律,电路中的能量转化
PHYSICS,数学思想处理电路中的功率和效率问题,物理必修第三册,第十二章 电能 能量守恒定律,电路中的能量转化
PHYSICS,原子结构与波粒二象性,物理选择性必修第三册,第四章 原子结构和波粒二象性,原子结构与波粒二象性
PHYSICS,几个基本概念的理解,物理选择性必修第三册,第四章 原子结构和波粒二象性,光电效应
PHYSICS,特征谱线,物理选择性必修第三册,第四章 原子结构和波粒二象性,光谱
PHYSICS,氢原子光谱的实验规律,物理选择性必修第三册,第四章 原子结构和波粒二象性,光谱
PHYSICS,玻尔理论的几个重要概念,物理选择性必修第三册,第四章 原子结构和波粒二象性,玻尔理论
PHYSICS,玻尔原子模型的三条假设,物理选择性必修第三册,第四章 原子结构和波粒二象性,玻尔理论
PHYSICS,玻尔理论对氢光谱的解析,物理选择性必修第三册,第四章 原子结构和波粒二象性,玻尔理论
PHYSICS,氢原子能级跃迁与数学思想的结合,物理选择性必修第三册,第四章 原子结构和波粒二象性,玻尔理论
PHYSICS,物质波,物理选择性必修第三册,第四章 原子结构和波粒二象性,波粒二象性
PHYSICS,光电效应现象,物理选择性必修第三册,第四章 原子结构和波粒二象性,光电效应
PHYSICS,光电效应的产生条件,物理选择性必修第三册,第四章 原子结构和波粒二象性,光电效应
PHYSICS,光电效应的规律,物理选择性必修第三册,第四章 原子结构和波粒二象性,光电效应
PHYSICS,光电效应方程,物理选择性必修第三册,第四章 原子结构和波粒二象性,光电效应
PHYSICS,光电效应的图像问题,物理选择性必修第三册,第四章 原子结构和波粒二象性,光电效应
PHYSICS,黑体辐射-黑体虽然不反射电磁波-却可以向外辐射电磁波,物理选择性必修第三册,第四章 原子结构和波粒二象性,黑体辐射
PHYSICS,光的波粒二象性,物理选择性必修第三册,第四章 原子结构和波粒二象性,波粒二象性
PHYSICS,光的波粒二象性的表现规律,物理选择性必修第三册,第四章 原子结构和波粒二象性,波粒二象性
PHYSICS,近代物理学史-相关粒子的发现和实验,物理选择性必修第三册,第四章 原子结构和波粒二象性,物理学史
PHYSICS,原子核的组成-原子核是由质子和中子组成的-原子核的电荷数等于核内的质子数,物理选择性必修第三册,第五章 原子核和核反应,原子核的组成
PHYSICS,同位素,物理选择性必修第三册,第五章 原子核和核反应,原子核的组成
PHYSICS,中子-卢瑟福预言中子的存在-查德威克证实,物理选择性必修第三册,第五章 原子核和核反应,原子核的组成
PHYSICS,核力,物理选择性必修第三册,第五章 原子核和核反应,核力与结合能
PHYSICS,核力的特点,物理选择性必修第三册,第五章 原子核和核反应,核力与结合能
PHYSICS,结合能,物理选择性必修第三册,第五章 原子核和核反应,核力与结合能
PHYSICS,比结合能,物理选择性必修第三册,第五章 原子核和核反应,核力与结合能
PHYSICS,质能方程-该式表明物体的能量和质量之间存在着密切的联系,物理选择性必修第三册,第五章 原子核和核反应,核力与结合能
PHYSICS,原子核衰变,物理选择性必修第三册,第五章 原子核和核反应,放射性元素的衰变
PHYSICS,原子核衰变的类型判断和次数计算,物理选择性必修第三册,第五章 原子核和核反应,放射性元素的衰变
PHYSICS,常用公式-n-n-m-m,物理选择性必修第三册,第五章 原子核和核反应,放射性元素的衰变
PHYSICS,意义-表示放射性元素衰变的快慢,物理选择性必修第三册,第五章 原子核和核反应,放射性元素的衰变
PHYSICS,半衰期的理解-计算和应用,物理选择性必修第三册,第五章 原子核和核反应,放射性元素的衰变
PHYSICS,核反应的判断-方程与应用,物理选择性必修第三册,第五章 原子核和核反应,核反应
PHYSICS,常见基本粒子及其分类,物理选择性必修第三册,第五章 原子核和核反应,基本粒子
MATH,直线的方程,数学选择性必修第一册,第二章 直线和圆的方程,
MATH,两条直线的位置关系,数学选择性必修第一册,第二章 直线和圆的方程,
MATH,圆的方程,数学选择性必修第一册,第二章 直线和圆的方程,
MATH,直线与圆的位置关系,数学选择性必修第一册,第二章 直线和圆的方程,
MATH,椭圆,数学选择性必修第一册,第三章 圆锥曲线的方程,
MATH,椭圆的方程,数学选择性必修第一册,第三章 圆锥曲线的方程,
MATH,椭圆的离心率,数学选择性必修第一册,第三章 圆锥曲线的方程,
MATH,椭圆的焦点,数学选择性必修第一册,第三章 圆锥曲线的方程,
MATH,双曲线,数学选择性必修第一册,第三章 圆锥曲线的方程,
MATH,双曲线的渐近线,数学选择性必修第一册,第三章 圆锥曲线的方程,
MATH,双曲线的离心率,数学选择性必修第一册,第三章 圆锥曲线的方程,
MATH,抛物线,数学选择性必修第一册,第三章 圆锥曲线的方程,
MATH,抛物线的焦点与准线,数学选择性必修第一册,第三章 圆锥曲线的方程,
MATH,抛物线焦半径,数学选择性必修第一册,第三章 圆锥曲线的方程,
MATH,曲线的轨迹方程,数学选择性必修第一册,第三章 圆锥曲线的方程,
MATH,圆锥曲线的综合问题,数学选择性必修第一册,第三章 圆锥曲线的方程,
PHYSICS,分子动理论,物理选择性必修第三册,第一章 分子动理论,
PHYSICS,分子模型,物理选择性必修第三册,第一章 分子动理论,
PHYSICS,扩散,物理选择性必修第三册,第一章 分子动理论,
PHYSICS,分子热运动,物理选择性必修第三册,第一章 分子动理论,
PHYSICS,分子间的作用力与分子间距离的关系,物理选择性必修第三册,第一章 分子动理论,
PHYSICS,分子间作用力,物理选择性必修第三册,第一章 分子动理论,
PHYSICS,阿伏加德罗常数,物理选择性必修第三册,第一章 分子动理论,
PHYSICS,布朗运动,物理选择性必修第三册,第一章 分子动理论,
PHYSICS,分子势能,物理选择性必修第三册,第一章 分子动理论,
PHYSICS,分子的平均动能,物理选择性必修第三册,第一章 分子动理论,
PHYSICS,分子运动速率分布图像-气体分子速率呈-中间多-两头少-的规律分布-如下图所示,物理选择性必修第三册,第一章 分子动理论,
PHYSICS,气体分子运动的特点,物理选择性必修第三册,第二章 气体、固体和液体,
PHYSICS,气体压强,物理选择性必修第三册,第二章 气体、固体和液体,
PHYSICS,定义-在任何温度-任何压强下都遵从气体实验定律的气体,物理选择性必修第三册,第二章 气体、固体和液体,
PHYSICS,理想气体的状态方程,物理选择性必修第三册,第二章 气体、固体和液体,
PHYSICS,理想气体状态方程,物理选择性必修第三册,第二章 气体、固体和液体,
PHYSICS,气体实验定律,物理选择性必修第三册,第二章 气体、固体和液体,
PHYSICS,表面张力,物理选择性必修第三册,第二章 气体、固体和液体,
PHYSICS,对晶体和非晶体的理解,物理选择性必修第三册,第二章 气体、固体和液体,
PHYSICS,晶体,物理选择性必修第三册,第二章 气体、固体和液体,
PHYSICS,液晶,物理选择性必修第三册,第二章 气体、固体和液体,
PHYSICS,饱和汽,物理选择性必修第三册,第二章 气体、固体和液体,
PHYSICS,相对湿度,物理选择性必修第三册,第二章 气体、固体和液体,
PHYSICS,活塞气缸模型,物理选择性必修第三册,第二章 气体、固体和液体,
PHYSICS,液柱模型,物理选择性必修第三册,第二章 气体、固体和液体,
PHYSICS,变质量问题的处理思想-等效,物理选择性必修第三册,第二章 气体、固体和液体,
PHYSICS,温度计-测量温度的仪器,物理选择性必修第三册,第二章 气体、固体和液体,
PHYSICS,常见物理量和状态,物理选择性必修第三册,第二章 气体、固体和液体,
PHYSICS,气体-液体-固体和热力学定理,物理选择性必修第三册,第二章 气体、固体和液体,
PHYSICS,内能,物理选择性必修第三册,第三章 热力学定律,
PHYSICS,热力学第一定律,物理选择性必修第三册,第三章 热力学定律,
PHYSICS,功-热和内能的改变,物理选择性必修第三册,第三章 热力学定律,
PHYSICS,第一类永动机,物理选择性必修第三册,第三章 热力学定律,
PHYSICS,第二类永动机,物理选择性必修第三册,第三章 热力学定律,
PHYSICS,两种表述,物理选择性必修第三册,第三章 热力学定律,
PHYSICS,物理意义-一切自发过程总是沿着分子热运动的无序度增大的方向进行程,物理选择性必修第三册,第三章 热力学定律,
PHYSICS,热力学图像问题,物理选择性必修第三册,第三章 热力学定律,
PHYSICS,热力学第二定律,物理选择性必修第三册,第三章 热力学定律,
BIOLOGY,种群密度,生物学选择性必修2,第一章 种群及其动态,种群的数量特征
BIOLOGY,样方法,生物学选择性必修2,第一章 种群及其动态,种群的数量特征
BIOLOGY,标志重捕法,生物学选择性必修2,第一章 种群及其动态,种群的数量特征
BIOLOGY,k值,生物学选择性必修2,第一章 种群及其动态,种群数量的变化
BIOLOGY,种群的特征,生物学选择性必修2,第一章 种群及其动态,种群的数量特征
BIOLOGY,种群的数量变化,生物学选择性必修2,第一章 种群及其动态,种群数量的变化
BIOLOGY,生态位,生物学选择性必修2,第二章 群落及其演替,群落的结构
BIOLOGY,群落的结构,生物学选择性必修2,第二章 群落及其演替,群落的结构
BIOLOGY,群落的演替,生物学选择性必修2,第二章 群落及其演替,群落的演替
BIOLOGY,食物链,生物学选择性必修2,第三章 生态系统及其稳定性,生态系统的结构
BIOLOGY,食物网,生物学选择性必修2,第三章 生态系统及其稳定性,生态系统的结构
BIOLOGY,生态系统的结构,生物学选择性必修2,第三章 生态系统及其稳定性,生态系统的结构
BIOLOGY,能量流动,生物学选择性必修2,第三章 生态系统及其稳定性,生态系统的能量流动
BIOLOGY,生态系统的稳定性,生物学选择性必修2,第三章 生态系统及其稳定性,生态系统的稳定性
BIOLOGY,物质循环,生物学选择性必修2,第三章 生态系统及其稳定性,生态系统的物质循环
BIOLOGY,信息传递,生物学选择性必修2,第三章 生态系统及其稳定性,生态系统的信息传递
BIOLOGY,生态工程,生物学选择性必修2,第四章 人与环境,生态工程
BIOLOGY,无菌技术,生物学选择性必修3,第一章 发酵工程,
BIOLOGY,传统发酵技术,生物学选择性必修3,第一章 发酵工程,
BIOLOGY,发酵工程,生物学选择性必修3,第一章 发酵工程,
BIOLOGY,微生物的培养,生物学选择性必修3,第一章 发酵工程,
BIOLOGY,细胞融合,生物学选择性必修3,第二章 细胞工程,
BIOLOGY,单克隆抗体,生物学选择性必修3,第二章 细胞工程,
BIOLOGY,植物组织培养,生物学选择性必修3,第二章 细胞工程,
BIOLOGY,动物细胞培养,生物学选择性必修3,第二章 细胞工程,
BIOLOGY,胚胎工程,生物学选择性必修3,第二章 细胞工程,
BIOLOGY,限制酶,生物学选择性必修3,第三章 基因工程,
BIOLOGY,载体,生物学选择性必修3,第三章 基因工程,
BIOLOGY,pcr技术,生物学选择性必修3,第三章 基因工程,
BIOLOGY,基因编辑,生物学选择性必修3,第三章 基因工程,
BIOLOGY,基因工程,生物学选择性必修3,第三章 基因工程,
BIOLOGY,dna连接酶,生物学选择性必修3,第三章 基因工程,
BIOLOGY,蛋白质工程,生物学选择性必修3,第三章 基因工程,
BIOLOGY,转基因生物的安全性,生物学选择性必修3,第四章 生物技术的安全性与伦理问题,
MATH,平面向量的概念,数学必修第二册,第六章 平面向量及其应用,
MATH,平面向量的线性运算,数学必修第二册,第六章 平面向量及其应用,
MATH,平面向量的数量积,数学必修第二册,第六章 平面向量及其应用,
MATH,平面向量的坐标运算,数学必修第二册,第六章 平面向量及其应用,
MATH,平面向量基本定理,数学必修第二册,第六章 平面向量及其应用,
MATH,向量的模与夹角,数学必修第二册,第六章 平面向量及其应用,
MATH,投影向量,数学必修第二册,第六章 平面向量及其应用,
MATH,向量共线定理,数学必修第二册,第六章 平面向量及其应用,
MATH,简单随机抽样,数学必修第二册,第九章 统计,
MATH,分层随机抽样,数学必修第二册,第九章 统计,
MATH,统计图表的读取,数学必修第二册,第九章 统计,
MATH,平均数与中位数,数学必修第二册,第九章 统计,
MATH,随机事件,数学必修第二册,第十章 概率,
MATH,古典概型,数学必修第二册,第十章 概率,
MATH,随机事件的相互独立性,数学必修第二册,第十章 概率,
MATH,条件概率,数学选择性必修第三册,第七章 随机变量及其分布,
MATH,全概率,数学选择性必修第三册,第七章 随机变量及其分布,
MATH,离散型随机变量,数学选择性必修第三册,第七章 随机变量及其分布,
MATH,离散型随机变量的期望,数学选择性必修第三册,第七章 随机变量及其分布,
MATH,离散型随机变量的方差,数学选择性必修第三册,第七章 随机变量及其分布,
MATH,二项分布,数学选择性必修第三册,第七章 随机变量及其分布,
MATH,超几何分布,数学选择性必修第三册,第七章 随机变量及其分布,
MATH,正态分布,数学选择性必修第三册,第七章 随机变量及其分布,
MATH,回归分析,数学选择性必修第三册,第八章 成对数据的统计分析,
MATH,独立性检验,数学选择性必修第三册,第八章 成对数据的统计分析,
PHYSICS,电荷,物理必修第三册,第九章 静电场及其应用,
PHYSICS,元电荷,物理必修第三册,第九章 静电场及其应用,
PHYSICS,电荷守恒定律,物理必修第三册,第九章 静电场及其应用,
PHYSICS,库仑定律,物理必修第三册,第九章 静电场及其应用,
PHYSICS,电场强度,物理必修第三册,第九章 静电场及其应用,
PHYSICS,电场线,物理必修第三册,第九章 静电场及其应用,
PHYSICS,电势,物理必修第三册,第十章 静电场中的能量,
PHYSICS,电势能,物理必修第三册,第十章 静电场中的能量,
PHYSICS,电势差,物理必修第三册,第十章 静电场中的能量,
PHYSICS,等势面,物理必修第三册,第十章 静电场中的能量,
PHYSICS,电容器,物理必修第三册,第十章 静电场中的能量,
PHYSICS,电容,物理必修第三册,第十章 静电场中的能量,
PHYSICS,带电粒子在电场中的运动,物理必修第三册,第十章 静电场中的能量,
PHYSICS,电流,物理必修第三册,第十一章 电路及其应用,
PHYSICS,欧姆定律,物理必修第三册,第十一章 电路及其应用,
PHYSICS,电阻定律,物理必修第三册,第十一章 电路及其应用,
PHYSICS,电动势,物理必修第三册,第十二章 电能 能量守恒定律,
PHYSICS,闭合电路欧姆定律,物理必修第三册,第十二章 电能 能量守恒定律,
PHYSICS,电功率,物理必修第三册,第十二章 电能 能量守恒定律,
PHYSICS,焦耳定律,物理必修第三册,第十二章 电能 能量守恒定律,
PHYSICS,光子说,物理选择性必修第三册,第四章 原子结构和波粒二象性,
PHYSICS,波粒二象性,物理选择性必修第三册,第四章 原子结构和波粒二象性,
PHYSICS,玻尔模型,物理选择性必修第三册,第四章 原子结构和波粒二象性,
PHYSICS,光电效应,物理选择性必修第三册,第四章 原子结构和波粒二象性,
PHYSICS,原子核式结构,物理选择性必修第三册,第四章 原子结构和波粒二象性,
PHYSICS,天然放射现象,物理选择性必修第三册,第五章 原子核和核反应,
PHYSICS,半衰期,物理选择性必修第三册,第五章 原子核和核反应,
PHYSICS,核反应,物理选择性必修第三册,第五章 原子核和核反应,
PHYSICS,质量亏损,物理选择性必修第三册,第五章 原子核和核反应,
PHYSICS,核裂变,物理选择性必修第三册,第五章 原子核和核反应,
PHYSICS,核聚变,物理选择性必修第三册,第五章 原子核和核反应,
PHYSICS,横波,物理选择性必修第一册,第三章 机械波,
PHYSICS,纵波,物理选择性必修第一册,第三章 机械波,
PHYSICS,波速,物理选择性必修第一册,第三章 机械波,
PHYSICS,波的衍射,物理选择性必修第一册,第三章 机械波,
PHYSICS,多普勒效应,物理选择性必修第一册,第三章 机械波,
PHYSICS,波的干涉,物理选择性必修第一册,第三章 机械波,
PHYSICS,传播特点,物理选择性必修第一册,第三章 机械波,
PHYSICS,机械波的分类,物理选择性必修第一册,第三章 机械波,
PHYSICS,波长λ-在波动中振动相位总是相同的两个相邻质点间的距离-用-λ-表示,物理选择性必修第一册,第三章 机械波,
PHYSICS,波速v-波长λ和频率f-周期t的关系-v-λf,物理选择性必修第一册,第三章 机械波,
PHYSICS,波动图象的特点,物理选择性必修第一册,第三章 机械波,
PHYSICS,波动图象的信息,物理选择性必修第一册,第三章 机械波,
PHYSICS,反射-波在传播过程中遇到介质界面会返回来继续传播的现象叫作波的反射,物理选择性必修第一册,第三章 机械波,
PHYSICS,衍射-波在传播过程中可以绕过障碍物继续传播的现象叫做波的衍射,物理选择性必修第一册,第三章 机械波,
PHYSICS,传播方向和振动方向的判断-图像理解,物理选择性必修第一册,第三章 机械波,
PHYSICS,造成波动问题多解的主要因素有,物理选择性必修第一册,第三章 机械波,
PHYSICS,解决波的多解问题的思路和步骤,物理选择性必修第一册,第三章 机械波,
PHYSICS,多普勒效应的成因分析,物理选择性必修第一册,第三章 机械波,
PHYSICS,多普勒效应在生活中的应用,物理选择性必修第一册,第三章 机械波,
PHYSICS,波的干涉中振动加强点和减弱点的判断方法,物理选择性必修第一册,第三章 机械波,
PHYSICS,波长,物理选择性必修第一册,第四章 光,
PHYSICS,机械振动,物理选择性必修第一册,第二章 机械振动,机械振动
PHYSICS,图象,物理选择性必修第一册,第二章 机械振动,机械振动
PHYSICS,周期性,物理选择性必修第一册,第二章 机械振动,机械振动
PHYSICS,对称性,物理选择性必修第一册,第二章 机械振动,机械振动
PHYSICS,固有振动和固有频率,物理选择性必修第一册,第二章 机械振动,机械振动
PHYSICS,阻尼振动,物理选择性必修第一册,第二章 机械振动,机械振动
PHYSICS,弹簧振子模型,物理选择性必修第一册,第二章 机械振动,机械振动
PHYSICS,单摆周期,物理选择性必修第一册,第二章 机械振动,机械振动
PHYSICS,单摆的受力特征,物理选择性必修第一册,第二章 机械振动,机械振动
PHYSICS,回复力,物理选择性必修第一册,第二章 机械振动,机械振动
CHEMISTRY,能层,化学选择性必修2,第一章 原子结构与性质,
CHEMISTRY,能级,化学选择性必修2,第一章 原子结构与性质,
CHEMISTRY,构造原理,化学选择性必修2,第一章 原子结构与性质,
CHEMISTRY,电子排布式,化学选择性必修2,第一章 原子结构与性质,
CHEMISTRY,电负性,化学选择性必修2,第一章 原子结构与性质,
CHEMISTRY,杂化轨道,化学选择性必修2,第二章 分子结构与性质,
CHEMISTRY,vsepr模型,化学选择性必修2,第二章 分子结构与性质,
CHEMISTRY,氢键,化学选择性必修2,第二章 分子结构与性质,
CHEMISTRY,范德华力,化学选择性必修2,第二章 分子结构与性质,
CHEMISTRY,分子的极性,化学选择性必修2,第二章 分子结构与性质,
CHEMISTRY,晶体,化学选择性必修2,第三章 晶体结构与性质,
CHEMISTRY,分子晶体,化学选择性必修2,第三章 晶体结构与性质,
CHEMISTRY,共价晶体,化学选择性必修2,第三章 晶体结构与性质,
CHEMISTRY,金属晶体,化学选择性必修2,第三章 晶体结构与性质,
CHEMISTRY,离子晶体,化学选择性必修2,第三章 晶体结构与性质,
CHEMISTRY,配合物,化学选择性必修2,第三章 晶体结构与性质,
CHEMISTRY,有机物的结构特点,化学选择性必修3,第一章 有机化合物的结构特点与研究方法,
CHEMISTRY,苯,化学选择性必修3,第二章 烃,
CHEMISTRY,烯烃,化学选择性必修3,第二章 烃,
CHEMISTRY,炔烃,化学选择性必修3,第二章 烃,
CHEMISTRY,芳香烃,化学选择性必修3,第二章 烃,
CHEMISTRY,醇,化学选择性必修3,第三章 烃的衍生物,
CHEMISTRY,酚,化学选择性必修3,第三章 烃的衍生物,
CHEMISTRY,醛,化学选择性必修3,第三章 烃的衍生物,
CHEMISTRY,酮,化学选择性必修3,第三章 烃的衍生物,
CHEMISTRY,酯,化学选择性必修3,第三章 烃的衍生物,
CHEMISTRY,卤代烃,化学选择性必修3,第三章 烃的衍生物,
CHEMISTRY,羧酸,化学选择性必修3,第三章 烃的衍生物,
CHEMISTRY,有机合成,化学选择性必修3,第三章 烃的衍生物,
CHEMISTRY,糖类,化学选择性必修3,第四章 生物大分子,
CHEMISTRY,蛋白质,化学选择性必修3,第四章 生物大分子,
CHEMISTRY,核酸,化学选择性必修3,第四章 生物大分子,
CHEMISTRY,合成高分子,化学选择性必修3,第五章 合成高分子,
BIOLOGY,dna是主要的遗传物质,生物学必修2,第三章 基因的本质,
BIOLOGY,dna的双螺旋结构,生物学必修2,第三章 基因的本质,
BIOLOGY,dna的复制,生物学必修2,第三章 基因的本质,
BIOLOGY,基因,生物学必修2,第三章 基因的本质,
BIOLOGY,基因的表达,生物学必修2,第四章 基因的表达,
BIOLOGY,转录,生物学必修2,第四章 基因的表达,
BIOLOGY,翻译,生物学必修2,第四章 基因的表达,
BIOLOGY,中心法则,生物学必修2,第四章 基因的表达,
BIOLOGY,密码子,生物学必修2,第四章 基因的表达,
BIOLOGY,基因突变,生物学必修2,第五章 基因突变及其他变异,
BIOLOGY,基因重组,生物学必修2,第五章 基因突变及其他变异,
BIOLOGY,多倍体,生物学必修2,第五章 基因突变及其他变异,
BIOLOGY,单倍体,生物学必修2,第五章 基因突变及其他变异,
BIOLOGY,人类遗传病,生物学必修2,第五章 基因突变及其他变异,
BIOLOGY,自然选择,生物学必修2,第六章 生物的进化,
BIOLOGY,基因频率,生物学必修2,第六章 生物的进化,
BIOLOGY,物种的形成,生物学必修2,第六章 生物的进化,
BIOLOGY,共同进化,生物学必修2,第六章 生物的进化,
BIOLOGY,生物多样性,生物学必修2,第六章 生物的进化,
PHYSICS,电磁振荡,物理选择性必修第二册,第四章 电磁振荡与电磁波,
PHYSICS,振荡电路过程中各物理量的变化,物理选择性必修第二册,第四章 电磁振荡与电磁波,
PHYSICS,电磁波,物理选择性必修第二册,第四章 电磁振荡与电磁波,
PHYSICS,无线电波的发射,物理选择性必修第二册,第四章 电磁振荡与电磁波,
PHYSICS,电磁振动-电磁波和传感器,物理选择性必修第二册,第四章 电磁振荡与电磁波,
PHYSICS,正弦式交变电流的产生和变化规律,物理选择性必修第二册,第三章 交变电流,
PHYSICS,周期和频率,物理选择性必修第二册,第三章 交变电流,
PHYSICS,理想变压器的关系式,物理选择性必修第二册,第三章 交变电流,
PHYSICS,理想变压器的制约关系,物理选择性必修第二册,第三章 交变电流,
PHYSICS,理想变压器的两类动态分析,物理选择性必修第二册,第三章 交变电流,
PHYSICS,负载电阻不变的分析思路,物理选择性必修第二册,第三章 交变电流,
PHYSICS,等效法在变压器和远距离输电中的应用,物理选择性必修第二册,第三章 交变电流,
PHYSICS,有效值的理解,物理选择性必修第二册,第三章 交变电流,
PHYSICS,交变电流有效值的计算,物理选择性必修第二册,第三章 交变电流,
PHYSICS,正弦式交变电流的变化规律-线圈在中性面位置时开始计时,物理选择性必修第二册,第三章 交变电流,
PHYSICS,交变电流的瞬时值-峰值-有效值和平均值,物理选择性必修第二册,第三章 交变电流,
PHYSICS,电能的远距离输送电路图,物理选择性必修第二册,第三章 交变电流,
PHYSICS,电容-通交流-隔直流-通高频-阻低频,物理选择性必修第二册,第三章 交变电流,
PHYSICS,普通二极管和发光二极管,物理选择性必修第二册,第三章 交变电流,
PHYSICS,常见传感器的特点,物理选择性必修第二册,第三章 交变电流,
PHYSICS,磁场的基本概念和性质,物理必修第三册,第十三章 电磁感应与电磁波初步,
PHYSICS,对磁感应强度定义式-b-的理解,物理必修第三册,第十三章 电磁感应与电磁波初步,
PHYSICS,磁通量φ-磁通量的变化量δφ及磁通量的变化率的比较,物理必修第三册,第十三章 电磁感应与电磁波初步,
PHYSICS,匀强磁场中磁通量的计算,物理必修第三册,第十三章 电磁感应与电磁波初步,
PHYSICS,工作原理,物理必修第三册,第十三章 电磁感应与电磁波初步,
PHYSICS,安培力,物理选择性必修第二册,第一章 安培力与洛伦兹力,
PHYSICS,洛伦兹力,物理选择性必修第二册,第一章 安培力与洛伦兹力,
PHYSICS,带电粒子在磁场中的运动,物理选择性必修第二册,第一章 安培力与洛伦兹力,
PHYSICS,特点-f-b-f-v-即f垂直于b与v决定的平面-f与v始终垂直-洛伦兹力不做功,物理选择性必修第二册,第一章 安培力与洛伦兹力,
PHYSICS,安培力作用下导体的平衡与加速问题,物理选择性必修第二册,第一章 安培力与洛伦兹力,
PHYSICS,仪器构造-质谱仪由粒子源-加速电场-偏转磁场和照相底片构成,物理选择性必修第二册,第一章 安培力与洛伦兹力,
PHYSICS,仪器介绍-磁流体发电是一项新兴技术-它可以把内能直接转化为电能,物理选择性必修第二册,第一章 安培力与洛伦兹力,
PHYSICS,环形磁场,物理选择性必修第二册,第一章 安培力与洛伦兹力,
PHYSICS,磁场中的仪器,物理选择性必修第二册,第一章 安培力与洛伦兹力,
PHYSICS,带电粒子在有界匀强磁场中的运动-临界条件,物理选择性必修第二册,第一章 安培力与洛伦兹力,
PHYSICS,带电粒子在匀强磁场中运动的动态圆模型,物理选择性必修第二册,第一章 安培力与洛伦兹力,
PHYSICS,带电粒子在磁场中运动的多解问题,物理选择性必修第二册,第一章 安培力与洛伦兹力,
PHYSICS,带电粒子在叠加场-复合场-电场与磁场重叠-中的运动,物理选择性必修第二册,第一章 安培力与洛伦兹力,
PHYSICS,带电粒子在组合场-电场与磁场各位于一定的区域内-并不重叠-中的运动,物理选择性必修第二册,第一章 安培力与洛伦兹力,
PHYSICS,带电粒子在交变电磁场中的运动,物理选择性必修第二册,第一章 安培力与洛伦兹力,
PHYSICS,带电粒子在立体空间中的运动,物理选择性必修第二册,第一章 安培力与洛伦兹力,
PHYSICS,磁聚焦模型和磁发散模型,物理选择性必修第二册,第一章 安培力与洛伦兹力,
BIOLOGY,遗传学实验设计的思路与方法,生物学必修2,第一章第二节,遗传的基本规律
BIOLOGY,性状显隐性的判断,生物学必修2,第一章第二节,遗传的基本规律
BIOLOGY,纯合子与杂合子的判断,生物学必修2,第一章第二节,遗传的基本规律
BIOLOGY,基因位置的判断方法,生物学必修2,第一章第二节,遗传的基本规律
CHEMISTRY,大π键,化学选择性必修2,物质结构与性质,分子的空间结构
CHEMISTRY,离子交换膜,化学选择性必修1,第四章,电化学
CHEMISTRY,阿伦尼乌斯公式,化学选择性必修1,第二章,化学平衡
CHEMISTRY,对数折线图四步法,化学选择性必修1,第三章,水溶液中的离子平衡
CHEMISTRY,分布分数图像,化学选择性必修1,第三章,水溶液中的离子平衡
MATH,容斥原理,数学选择性必修第三册,第六章,计数原理
MATH,1的代换,数学必修第一册,第五章,三角函数
MATH,柯西不等式与权方和不等式,数学必修第一册,第二章,不等式
MATH,对勾函数,数学必修第一册,第三章,函数的概念与性质
MATH,分式型函数的值域,数学必修第一册,第三章,函数的概念与性质
MATH,挖掘单调性解不等式,数学必修第一册,第三章,函数的概念与性质
MATH,部分奇偶性,数学必修第一册,第三章,函数的概念与性质
MATH,奇常函数,数学必修第一册,第三章,函数的概念与性质
MATH,三次函数图象的对称性,数学选择性必修第二册,第五章,函数与导数
MATH,半周期推导周期,数学必修第一册,第三章,函数的概念与性质
MATH,类周期函数,数学必修第一册,第三章,函数的概念与性质
MATH,函数图象的对称变换,数学必修第一册,第三章,函数的概念与性质
MATH,函数图象的翻折变换,数学必修第一册,第三章,函数的概念与性质
MATH,二次函数的零点分布,数学必修第一册,第三章,函数的概念与性质
MATH,隐函数的求导,数学选择性必修第二册,第五章,函数与导数
MATH,同构法,数学选择性必修第二册,第五章,函数与导数
MATH,洛必达法则,数学选择性必修第二册,第五章,函数与导数
MATH,泰勒展开式,数学选择性必修第二册,第五章,函数与导数
MATH,齐次化,数学选择性必修第一册,第二三章,解析几何
MATH,切线放缩不等式,数学选择性必修第二册,第五章,函数与导数
MATH,三角函数放缩不等式,数学必修第一册,第五章,三角函数
MATH,指对处理,数学必修第一册,第四章,指数函数与对数函数
MATH,主元法,数学选择性必修第二册,第五章,函数与导数
MATH,分割法证明不等式,数学选择性必修第二册,第五章,函数与导数
MATH,放缩法证明不等式,数学选择性必修第二册,第五章,函数与导数
MATH,必要性探路,数学选择性必修第二册,第五章,函数与导数
MATH,端点效应与中间点效应,数学选择性必修第二册,第五章,函数与导数
MATH,对数平均不等式,数学选择性必修第二册,第五章,函数与导数
MATH,拐点偏移,数学选择性必修第二册,第五章,函数与导数
MATH,零点的放缩,数学选择性必修第二册,第四章,数列
MATH,寻找角的关系,数学必修第一册,第五章,解三角形
MATH,角平分线定理,数学必修第一册,第五章,解三角形
MATH,张角定理,数学必修第一册,第五章,解三角形
MATH,平行四边形恒等式与中线定理,数学必修第二册,第六章,平面向量
MATH,五边两角模型,数学必修第一册,第五章,解三角形
MATH,斯特瓦尔特定理,数学必修第一册,第五章,解三角形
MATH,算两次（向量）,数学必修第二册,第六章,平面向量
MATH,等和线,数学必修第二册,第六章,平面向量
MATH,极化恒等式,数学必修第二册,第六章,平面向量
MATH,奔驰定理,数学必修第二册,第六章,平面向量
MATH,平方和与立方和公式,数学选择性必修第二册,第四章,数列
MATH,奇偶分类数列的递推,数学选择性必修第二册,第四章,数列
MATH,和数列与积数列的通项,数学选择性必修第二册,第四章,数列
MATH,数列不等式的放缩,数学选择性必修第二册,第四章,数列
MATH,奇偶项个数与下标变换,数学选择性必修第二册,第四章,数列
MATH,裂项放缩,数学选择性必修第二册,第四章,数列
MATH,等比放缩,数学选择性必修第二册,第四章,数列
MATH,分式放缩与糖水不等式,数学选择性必修第二册,第四章,数列
MATH,递推放缩与函数放缩,数学选择性必修第二册,第四章,数列
MATH,分指结构裂项放缩,数学选择性必修第二册,第四章,数列
MATH,放缩精度的控制,数学选择性必修第二册,第四章,数列
MATH,差式递推的压缩放缩,数学选择性必修第二册,第四章,数列
MATH,递推式含(-1)^(n+1)的每四项并项,数学选择性必修第二册,第四章,数列
MATH,正方体切割出的四面体模型,数学必修第二册,第八章（空间向量见选择性必修第一册）,立体几何
MATH,截角多面体的表面积与体积,数学必修第二册,第八章（空间向量见选择性必修第一册）,立体几何
MATH,柱体外接球公式R²=r²+h²/4,数学必修第二册,第八章（空间向量见选择性必修第一册）,立体几何
MATH,截角多面体的外接球,数学必修第二册,第八章（空间向量见选择性必修第一册）,立体几何
MATH,双外心模型求外接球,数学必修第二册,第八章（空间向量见选择性必修第一册）,立体几何
MATH,双外心模型的证明,数学必修第二册,第八章（空间向量见选择性必修第一册）,立体几何
MATH,内切球与球的相切问题,数学必修第二册,第八章（空间向量见选择性必修第一册）,立体几何
MATH,动态几何体的最大球临界模型,数学必修第二册,第八章（空间向量见选择性必修第一册）,立体几何
MATH,三余弦定理,数学必修第二册,第八章（空间向量见选择性必修第一册）,立体几何
MATH,动点轨迹的确定,数学选择性必修第一册,第二三章,解析几何
MATH,等距条件的动点轨迹,数学选择性必修第一册,第二三章,解析几何
MATH,参数化动点的轨迹分析,数学选择性必修第一册,第二三章,解析几何
MATH,代数式的几何意义,数学选择性必修第一册,第二三章,解析几何
MATH,动点问题处理策略,数学选择性必修第一册,第二三章,解析几何
MATH,切点弦问题,数学选择性必修第一册,第二三章,解析几何
MATH,直线系方程,数学选择性必修第一册,第二三章,解析几何
MATH,隐圆,数学选择性必修第一册,第二三章,解析几何
MATH,两圆的位置关系,数学选择性必修第一册,第二三章,解析几何
MATH,阿波罗尼斯圆,数学选择性必修第一册,第二三章,解析几何
MATH,圆锥曲线第一定义的应用,数学选择性必修第一册,第二三章,解析几何
MATH,圆锥曲线第二定义的应用,数学选择性必修第一册,第二三章,解析几何
MATH,椭圆的焦半径公式,数学选择性必修第一册,第二三章,解析几何
MATH,双曲线焦半径公式,数学选择性必修第一册,第二三章,解析几何
MATH,焦点弦定比分点问题,数学选择性必修第一册,第二三章,解析几何
MATH,圆锥曲线第三定义的应用,数学选择性必修第一册,第二三章,解析几何
MATH,弦中点与点差法,数学选择性必修第一册,第二三章,解析几何
MATH,椭圆焦点三角形,数学选择性必修第一册,第二三章,解析几何
MATH,双曲线焦点三角形,数学选择性必修第一册,第二三章,解析几何
MATH,抛物线焦点三角形,数学选择性必修第一册,第二三章,解析几何
MATH,焦点三角形的内心,数学选择性必修第一册,第二三章,解析几何
MATH,抛物线的平均性质,数学选择性必修第一册,第二三章,解析几何
MATH,圆锥曲线的切线,数学选择性必修第一册,第二三章,解析几何
MATH,圆锥曲线的切点弦,数学选择性必修第一册,第二三章,解析几何
MATH,硬解定理,数学选择性必修第一册,第二三章,解析几何
MATH,直线夹角的计算,数学选择性必修第一册,第二三章,解析几何
MATH,抛物线的参数设点法,数学选择性必修第一册,第二三章,解析几何
MATH,极点极线,数学选择性必修第一册,第二三章,解析几何
MATH,超级韦达定理,数学选择性必修第一册,第二三章,解析几何
MATH,圆锥曲线中的面积计算,数学选择性必修第一册,第二三章,解析几何
MATH,非对称结构的处理,数学选择性必修第一册,第二三章,解析几何
MATH,贝叶斯公式,数学必修第二册,第九十章（条件概率与正态分布见选择性必修第三册）,概率统计
MATH,马尔可夫链（概率递推）,数学必修第二册,第九十章（条件概率与正态分布见选择性必修第三册）,概率统计
BIOLOGY,遗传学核心概念与术语,生物学必修2,第一章第二节,遗传的基本规律
BIOLOGY,线粒体遗传的阈值效应,生物学必修2,第一章第二节,遗传的基本规律
BIOLOGY,目的基因的检测与鉴定,生物学必修2,第一章第二节,遗传的基本规律
BIOLOGY,蛋白质的磷酸化与去磷酸化,生物学必修1,第二章,细胞的分子组成
BIOLOGY,无丝分裂,生物学必修1,第六章,细胞的生命历程
BIOLOGY,人类基因组测序,生物学必修2,第一章第二节,遗传的基本规律
CHEMISTRY,溶液中离子反应与平衡图像题解题策略,化学选择性必修1,第三章,水溶液中的离子平衡
CHEMISTRY,官能团的保护,化学选择性必修3,有机化学基础,有机合成
CHEMISTRY,有机合成中碱性试剂的作用与选择,化学选择性必修3,有机化学基础,有机合成
CHEMISTRY,有机合成中官能团的保护,化学选择性必修3,有机化学基础,有机合成
CHEMISTRY,苯环上取代基的定位规律,化学选择性必修3,有机化学基础,有机合成
BIOLOGY,四大类生物学物质辨析,生物学必修1,第二章,细胞的分子组成
BIOLOGY,连锁互换问题的配子分析,生物学必修2,第一章第二节,遗传的基本规律
MATH,分式不等式的解法,数学必修第一册,第二章,不等式
MATH,n元均值不等式,数学必修第一册,第二章,不等式
MATH,祖暅原理,数学必修第二册,第八章（空间向量见选择性必修第一册）,立体几何
MATH,球面三角形与曲面三棱锥,数学必修第二册,第八章（空间向量见选择性必修第一册）,立体几何
MATH,棱切球（与各棱相切的球）,数学必修第二册,第八章（空间向量见选择性必修第一册）,立体几何
MATH,三次函数的图象与性质,数学选择性必修第二册,第五章,函数与导数
MATH,一元三次方程根的个数判断,数学选择性必修第二册,第五章,函数与导数
MATH,三次函数图象的分析策略,数学选择性必修第二册,第五章,函数与导数
MATH,三次函数图象的数轴标根作法,数学选择性必修第二册,第五章,函数与导数
MATH,导数中的双变量问题,数学选择性必修第二册,第五章,函数与导数
MATH,概率与函数综合,数学必修第二册,第九十章（条件概率与正态分布见选择性必修第三册）,概率统计
MATH,函数图象的识别,数学必修第一册,第三章,函数的概念与性质
MATH,函数图象的平移与伸缩变换,数学必修第一册,第三章,函数的概念与性质
MATH,互为反函数的图象对称性,数学必修第一册,第三章,函数的概念与性质
MATH,函数模型（指数、对数型）的应用,数学必修第一册,第三章,函数的概念与性质
MATH,新定义函数题的解题思路,数学必修第一册,第三章,函数的概念与性质
MATH,斜坐标系中的向量运算,数学必修第二册,第六章,平面向量
MATH,圆锥曲线的通径,数学选择性必修第一册,第二三章,解析几何
MATH,共焦点的椭圆与双曲线,数学选择性必修第一册,第二三章,解析几何
MATH,欧拉线,数学选择性必修第一册,第二三章,解析几何
MATH,圆锥曲线中的最值或范围问题,数学选择性必修第一册,第二三章,解析几何
MATH,圆幂与根轴,数学选择性必修第一册,第二三章,解析几何
MATH,圆锥曲线中的定点定值问题,数学选择性必修第一册,第二三章,解析几何
MATH,圆锥曲线中的定线问题,数学选择性必修第一册,第二三章,解析几何
MATH,圆锥曲线中的角度问题,数学选择性必修第一册,第二三章,解析几何
MATH,数列的新定义问题,数学选择性必修第二册,第四章,数列
MATH,数列的插项与去项问题,数学选择性必修第二册,第四章,数列
MATH,数列的公共项问题,数学选择性必修第二册,第四章,数列
MATH,三角形的射影定理,数学必修第一册,第五章,三角函数
MATH,解三角形中的最值与范围问题,数学必修第一册,第五章,三角函数
MATH,三垂线定理及其逆定理,数学必修第二册,第八章（空间向量见选择性必修第一册）,立体几何
MATH,概率与数列综合,数学选择性必修第二册,第四章,数列
MATH,二项式系数的性质,数学选择性必修第三册,第六章,计数原理
MATH,分组分配问题,数学选择性必修第三册,第六章,计数原理
MATH,二项展开式系数最大项,数学选择性必修第三册,第六章,计数原理
MATH,全期望公式,数学必修第二册,第九十章（条件概率与正态分布见选择性必修第三册）,概率统计
MATH,根据零点个数求参数的方法,数学必修第一册,第三章,函数的概念与性质
MATH,三角形四心的向量表示,数学必修第二册,第六章,平面向量
MATH,圆锥曲线中最值或范围问题的几何法,数学选择性必修第一册,第二三章,解析几何
MATH,圆锥曲线中最值或范围问题的代数法,数学选择性必修第一册,第二三章,解析几何
MATH,圆锥曲线中的定点问题,数学选择性必修第一册,第二三章,解析几何
MATH,圆锥曲线中的定值问题,数学选择性必修第一册,第二三章,解析几何
MATH,圆锥曲线的离心率问题,数学选择性必修第一册,第二三章,解析几何
MATH,圆锥曲线焦点三角形的常用结论,数学选择性必修第一册,第二三章,解析几何
MATH,圆锥曲线焦点弦三角形的常用结论,数学选择性必修第一册,第二三章,解析几何
MATH,圆锥曲线创新题,数学选择性必修第一册,第二三章,解析几何
MATH,数列中的去项与插项问题,数学选择性必修第二册,第四章,数列
MATH,半角公式与万能公式,数学必修第一册,第五章,三角函数
MATH,积化和差与和差化积公式,数学必修第一册,第五章,三角函数
MATH,三角形解的个数的讨论,数学必修第一册,第五章,三角函数
CHEMISTRY,格氏试剂在有机合成中的应用,化学选择性必修3,有机化学基础,有机合成
CHEMISTRY,有机化合物制备实验的分析步骤,化学选择性必修3,有机化学基础,有机合成
CHEMISTRY,滴定实验相关计算,化学选择性必修1,第三章,水溶液中的离子平衡
CHEMISTRY,氮的固定,化学必修第二册,第五章,硫氮及其化合物
CHEMISTRY,硒、碲及其化合物的性质,化学必修第二册,第五章,硫氮及其化合物
BIOLOGY,表型与基因型的关系,生物学必修2,第一章第二节,遗传的基本规律
CHEMISTRY,含氯化合物的相互转化路径,化学必修第一册,第二章,氯及其化合物
CHEMISTRY,探究性综合实验题的类型与特点,CHEMISTRY,综合,实验与方案设计
CHEMISTRY,滴定分析法,化学选择性必修1,第三章,水溶液中的离子平衡
CHEMISTRY,定量实验数据的处理策略,CHEMISTRY,综合,实验与方案设计
CHEMISTRY,粗盐提纯的除杂试剂与顺序,CHEMISTRY,综合,实验与方案设计
CHEMISTRY,过氧化物的过氧键与化合价分析,化学必修第一册,第一章,离子反应与氧化还原
CHEMISTRY,定量测定型综合实验,CHEMISTRY,综合,实验与方案设计
CHEMISTRY,定量实验的数据采集与处理,CHEMISTRY,综合,实验与方案设计
CHEMISTRY,探究型综合实验,CHEMISTRY,综合,实验与方案设计
CHEMISTRY,实验试剂与仪器的规范描述,CHEMISTRY,综合,实验与方案设计
CHEMISTRY,化学实验方案的评价,CHEMISTRY,综合,实验与方案设计
CHEMISTRY,速率-温度(压强)图像,化学选择性必修1,第二章,化学平衡
CHEMISTRY,乙烯的实验室制法,化学必修第二册,第七章,有机化合物
CHEMISTRY,金属晶体的空间利用率,化学必修第一册,第三章,铁与金属材料
CHEMISTRY,实验条件的控制,CHEMISTRY,综合,实验与方案设计
CHEMISTRY,有机物制备实验的要点,化学必修第二册,第七章,有机化合物
CHEMISTRY,物质的溶解与加热,CHEMISTRY,综合,实验与方案设计
CHEMISTRY,玻璃仪器的洗涤,CHEMISTRY,综合,实验与方案设计
CHEMISTRY,碳酸钠和碳酸氢钠的鉴别,化学必修第一册,第二章,钠及其化合物
CHEMISTRY,多液电池的分析方法,化学选择性必修1,第四章,电化学
CHEMISTRY,液流电池的特点与分析,化学选择性必修1,第四章,电化学
CHEMISTRY,有机物结构的表示方法,化学必修第二册,第七章,有机化合物
CHEMISTRY,有机物元素组成的定性分析,化学必修第二册,第七章,有机化合物
CHEMISTRY,商余法确定烃的分子式,化学必修第二册,第七章,有机化合物
CHEMISTRY,甲烷氯代的自由基链反应机理,化学必修第一册,第二章,氯及其化合物
CHEMISTRY,同位素示踪法研究酯水解断键,化学选择性必修1,第三章,水溶液中的离子平衡
CHEMISTRY,有机结构分析方法的对比与选用,化学必修第二册,第七章,有机化合物
CHEMISTRY,有机反应机理与断键规律,化学必修第二册,第七章,有机化合物
CHEMISTRY,微型工艺流程的过程评价,化学必修第二册,第六章,化学反应与能量
BIOLOGY,影响物质跨膜运输速率的因素,生物学必修1,第四章,物质的输入与输出
BIOLOGY,物质跨膜运输方式的比较,生物学必修1,第四章,物质的输入与输出
BIOLOGY,探究物质跨膜运输方式的实验设计,生物学必修1,第四章,物质的输入与输出
CHEMISTRY,无机非金属材料的分类与特点,化学必修第一册,第三章,铁与金属材料
CHEMISTRY,研究有机化合物的一般方法,化学必修第二册,第七章,有机化合物
CHEMISTRY,氧化还原反应概念的辨析方法,化学必修第一册,第一章,离子反应与氧化还原
CHEMISTRY,氧化还原反应的守恒规律,化学必修第一册,第一章,离子反应与氧化还原
BIOLOGY,过敏反应,生物学选择性必修1,第四章,免疫调节
BIOLOGY,自身免疫病与免疫缺陷病,生物学选择性必修1,第四章,免疫调节
CHEMISTRY,硫与变价金属的反应规律,化学必修第二册,第五章,硫氮及其化合物
CHEMISTRY,硫化氢的性质,化学必修第二册,第五章,硫氮及其化合物
CHEMISTRY,氢硫酸的性质与硫化氢的检验,化学必修第二册,第五章,硫氮及其化合物
CHEMISTRY,二氧化硫的实验室制法与SO2和CO2的鉴别,化学必修第二册,第五章,硫氮及其化合物
CHEMISTRY,三类漂白剂的区别,化学必修第一册,第二章,氯及其化合物
CHEMISTRY,硫酸根离子的检验,化学必修第二册,第五章,硫氮及其化合物
CHEMISTRY,硫代硫酸钠,化学必修第一册,第二章,钠及其化合物
CHEMISTRY,焦亚硫酸钠,化学必修第一册,第二章,钠及其化合物
CHEMISTRY,过二硫酸钠,化学必修第一册,第二章,钠及其化合物
CHEMISTRY,硒和碲及其化合物的性质,化学必修第二册,第五章,硫氮及其化合物
CHEMISTRY,过氧化氢,化学必修第一册,第四章,物质结构元素周期律
CHEMISTRY,洗涤与去污中的化学原理,CHEMISTRY,综合,实验与方案设计
CHEMISTRY,气体泄漏的检验与白烟白雾辨析,CHEMISTRY,综合,实验与方案设计
CHEMISTRY,干冰萤石与三类玻璃的成分,化学必修第二册,第五章第三节,无机非金属材料
CHEMISTRY,玻璃纤维的性质与用途,化学必修第二册,第五章第三节,无机非金属材料
CHEMISTRY,由性质与产物推断官能团的位置,化学必修第二册,第七章,有机化合物
CHEMISTRY,常用计量仪器的使用与检漏,CHEMISTRY,综合,实验与方案设计
CHEMISTRY,分液漏斗的使用,CHEMISTRY,综合,实验与方案设计
CHEMISTRY,干燥管与洗气瓶的作用,CHEMISTRY,综合,实验与方案设计
CHEMISTRY,防倒吸装置,CHEMISTRY,综合,实验与方案设计
CHEMISTRY,仪器的洗涤,CHEMISTRY,综合,实验与方案设计
CHEMISTRY,常见试剂的保存方法,CHEMISTRY,综合,实验与方案设计
CHEMISTRY,物质的溶解与稀释操作,CHEMISTRY,综合,实验与方案设计
CHEMISTRY,多官能团有机物与试剂的定量关系,化学必修第二册,第七章,有机化合物
CHEMISTRY,有机物原子共线共面的判断,化学必修第二册,第七章,有机化合物
CHEMISTRY,手性碳原子与手性分子,化学选择性必修2,物质结构与性质,分子的空间结构
CHEMISTRY,卤素单质氧化性强弱的比较实验,CHEMISTRY,综合,实验与方案设计
BIOLOGY,遗传学基本概念与符号,生物学必修2,第一章第二节,遗传的基本规律
BIOLOGY,下丘脑在稳态调节中的作用,生物学选择性必修1,第一章,内环境与稳态
CHEMISTRY,常见危险化学品标志与实验事故处理,CHEMISTRY,综合,实验与方案设计
CHEMISTRY,化学实验中的防火防爆与防暴沸,CHEMISTRY,综合,实验与方案设计
CHEMISTRY,装置气密性的检查方法,CHEMISTRY,综合,实验与方案设计
CHEMISTRY,氮氧化物与氧气混合溶于水的计算,化学必修第二册,第五章,硫氮及其化合物
CHEMISTRY,物质的溶解与气体的吸收,CHEMISTRY,综合,实验与方案设计
CHEMISTRY,物质的加热操作,CHEMISTRY,综合,实验与方案设计
CHEMISTRY,仪器的洗涤与洗净标准,CHEMISTRY,综合,实验与方案设计
CHEMISTRY,仪器的安装与连接顺序,CHEMISTRY,综合,实验与方案设计
CHEMISTRY,化学实验安全与事故处理,CHEMISTRY,综合,实验与方案设计
CHEMISTRY,化学试剂的保存方法,CHEMISTRY,综合,实验与方案设计
CHEMISTRY,氢氧化钠的性质与制取,化学必修第一册,第二章,钠及其化合物
CHEMISTRY,化学实验基本操作禁忌,CHEMISTRY,综合,实验与方案设计
CHEMISTRY,电解精炼铜,化学选择性必修1,第四章,电化学
CHEMISTRY,氯及其化合物的转化关系,化学必修第一册,第二章,氯及其化合物
CHEMISTRY,原子光谱与电子跃迁,化学选择性必修2,物质结构与性质,原子结构与元素周期表
CHEMISTRY,能源的分类与开发利用,化学选择性必修1,第一章,反应热与能量
CHEMISTRY,反应热的五种计算方法,化学选择性必修1,第一章,反应热与能量
BIOLOGY,种群研究的应用,生物学选择性必修2,第一二章,种群与群落
CHEMISTRY,电离平衡常数,化学选择性必修1,第二章,化学平衡
CHEMISTRY,物质的量在化学方程式计算中的步骤,化学必修第一册,第一章,物质分类与转化
CHEMISTRY,氯化铝的结构与性质,化学必修第一册,第二章,氯及其化合物
CHEMISTRY,离子放电顺序与电解产物判断,化学选择性必修1,第四章,电化学
CHEMISTRY,元素推断的常用方法,化学必修第一册,第四章,物质结构元素周期律
BIOLOGY,DNA复制的数量关系,生物学必修2,第三四章,遗传的分子基础
BIOLOGY,DNA分子的多样性与特异性,生物学必修2,第五六章,变异与进化
BIOLOGY,DNA复制的拓展,生物学必修2,第三四章,遗传的分子基础
CHEMISTRY,离子反应先后顺序的判断,化学必修第一册,第一章,离子反应与氧化还原
CHEMISTRY,氢氧化铝沉淀量的计算,化学必修第一册,第三章,铁与金属材料
CHEMISTRY,铝热反应,化学必修第一册,第三章,铁与金属材料
CHEMISTRY,铝盐与碱反应的图像分析,化学必修第一册,第三章,铁与金属材料
CHEMISTRY,四羟基合铝酸盐的性质,化学必修第一册,第三章,铁与金属材料
BIOLOGY,外源基因整合位置的判断,生物学必修2,第一章第二节,遗传的基本规律
CHEMISTRY,实验室制取氯气的其他方法,化学必修第一册,第二章,氯及其化合物
BIOLOGY,表观遗传,生物学必修2,第一章第二节,遗传的基本规律
CHEMISTRY,多池串联装置,CHEMISTRY,综合,实验与方案设计
CHEMISTRY,键的极性对化学性质的影响,化学选择性必修2,物质结构与性质,分子的空间结构
CHEMISTRY,手性分子,化学选择性必修2,物质结构与性质,分子的空间结构
CHEMISTRY,物质的溶解与稀释,CHEMISTRY,综合,实验与方案设计
CHEMISTRY,装置气密性检查,CHEMISTRY,综合,实验与方案设计
CHEMISTRY,化学实验基本操作规范,CHEMISTRY,综合,实验与方案设计
CHEMISTRY,化学实验安全与试剂保存,CHEMISTRY,综合,实验与方案设计
BIOLOGY,核酸是遗传信息的携带者,生物学必修1,第二章,细胞的分子组成
CHEMISTRY,分步法书写陌生非氧化还原方程式,化学必修第一册,第一章,离子反应与氧化还原
CHEMISTRY,试剂的保存方法,CHEMISTRY,综合,实验与方案设计
CHEMISTRY,工业制硫酸的流程与原理,化学必修第二册,第五章,硫氮及其化合物
CHEMISTRY,基态、激发态与原子光谱,化学选择性必修2,物质结构与性质,原子结构与元素周期表
CHEMISTRY,不另加试剂鉴别的两种方法,CHEMISTRY,综合,实验与方案设计
CHEMISTRY,纯碱中碳酸钠含量的测定方法,化学必修第一册,第二章,钠及其化合物
CHEMISTRY,反应热的规范表述,化学选择性必修1,第一章,反应热与能量
CHEMISTRY,有机物制备实验的思路与操作要点,化学必修第二册,第七章,有机化合物
CHEMISTRY,乙酰水杨酸的实验室制备,CHEMISTRY,综合,实验与方案设计
CHEMISTRY,有机物制备的装置设计与除杂,化学必修第二册,第七章,有机化合物
CHEMISTRY,产率计算与误差分析,化学必修第二册,第六章,化学反应与能量
CHEMISTRY,固体和气体的溶解度,CHEMISTRY,综合,实验与方案设计
CHEMISTRY,溶解度曲线及其应用,CHEMISTRY,综合,实验与方案设计
CHEMISTRY,容量瓶及其使用注意事项,CHEMISTRY,综合,实验与方案设计
BIOLOGY,干细胞,生物学必修1,第六章,细胞的生命历程
BIOLOGY,端粒与端粒酶,生物学必修1,第五章,酶与ATP
CHEMISTRY,有机制备实验的操作要点,化学必修第二册,第七章,有机化合物
CHEMISTRY,产率的计算,化学必修第二册,第六章,化学反应与能量
CHEMISTRY,有机物的制备实验,化学必修第二册,第七章,有机化合物
CHEMISTRY,有机物制备实验题的分析模型,化学必修第二册,第七章,有机化合物
CHEMISTRY,水的电离平衡曲线,化学选择性必修1,第三章,水溶液中的离子平衡
CHEMISTRY,水电离出的离子浓度的计算,化学选择性必修1,第三章,水溶液中的离子平衡
CHEMISTRY,氧化还原滴定,化学选择性必修1,第三章,水溶液中的离子平衡
BIOLOGY,果蝇作为遗传学实验材料的优点,生物学必修2,第一章第二节,遗传的基本规律
BIOLOGY,性染色体的传递规律,生物学必修2,第五六章,变异与进化
BIOLOGY,调查人群中的遗传病,生物学必修2,第一章第二节,遗传的基本规律
BIOLOGY,遗传病的检测与预防,生物学必修2,第一章第二节,遗传的基本规律
BIOLOGY,遗传病的检测和预防,生物学必修2,第一章第二节,遗传的基本规律
BIOLOGY,遗传系谱图的符号与书写规范,生物学必修2,第一章第二节,遗传的基本规律
BIOLOGY,遗传图解的书写规范,生物学必修2,第一章第二节,遗传的基本规律
CHEMISTRY,速率—压强(或温度)图像,化学选择性必修1,第二章,化学平衡
CHEMISTRY,惰性气体对化学反应速率的影响,化学选择性必修1,第二章,化学平衡
CHEMISTRY,钠与含羟基或羧基有机物的反应,化学必修第一册,第二章,钠及其化合物
CHEMISTRY,物质的溶解与加热操作,CHEMISTRY,综合,实验与方案设计
CHEMISTRY,控制反应发生与停止的装置,CHEMISTRY,综合,实验与方案设计
CHEMISTRY,实验装置中的安全与辅助装置,CHEMISTRY,综合,实验与方案设计
CHEMISTRY,装置气密性检查的方法,CHEMISTRY,综合,实验与方案设计
BIOLOGY,线粒体和叶绿体的内共生起源学说,生物学必修1,第三章,细胞结构
CHEMISTRY,硫代硫酸钠的性质,化学必修第一册,第二章,钠及其化合物
CHEMISTRY,铜的冶炼,化学必修第一册,第三章,铁与金属材料
CHEMISTRY,信息型氧化还原方程式的书写,化学必修第一册,第一章,离子反应与氧化还原
CHEMISTRY,化学平衡计算的三段式法,化学选择性必修1,第二章,化学平衡
CHEMISTRY,根据性质确定官能团的位置,化学必修第二册,第七章,有机化合物
BIOLOGY,蛋白质的盐析变性与水解的辨析,生物学必修1,第二章,细胞的分子组成
BIOLOGY,核酸与蛋白质的关系,生物学必修1,第二章,细胞的分子组成
BIOLOGY,细胞分裂图像的三看法判别,生物学必修1,第六章,细胞的生命历程
BIOLOGY,酶的两种抑制机理,生物学必修1,第五章,酶与ATP
CHEMISTRY,配制一定物质的量浓度溶液的仪器与容量瓶使用,化学必修第一册,第一章,物质分类与转化
CHEMISTRY,调节pH分离提纯金属离子,化学必修第一册,第三章,铁与金属材料
CHEMISTRY,物质的量在化学方程式计算中的应用,化学必修第一册,第一章,物质分类与转化
CHEMISTRY,硫酸亚铁铵的制备,化学必修第一册,第三章,铁与金属材料
CHEMISTRY,实验中的排空操作,CHEMISTRY,综合,实验与方案设计
CHEMISTRY,化学实验中的温度控制,CHEMISTRY,综合,实验与方案设计
CHEMISTRY,新型无机非金属材料,化学必修第一册,第三章,铁与金属材料
BIOLOGY,密度制约因素与非密度制约因素,生物学选择性必修2,第一二章,种群与群落
CHEMISTRY,常见物质的溶解性规律,CHEMISTRY,综合,实验与方案设计
CHEMISTRY,实验室实验安全,CHEMISTRY,综合,实验与方案设计
CHEMISTRY,核素的相对原子质量与元素的相对原子质量,化学选择性必修2,物质结构与性质,原子结构与元素周期表
CHEMISTRY,电化学回路中电子流向与离子迁移,化学选择性必修1,第四章,电化学
CHEMISTRY,电解过程中溶液性质的变化与溶液复原,化学选择性必修1,第四章,电化学
CHEMISTRY,分阶段电解的计算与溶液复原,化学选择性必修1,第四章,电化学
CHEMISTRY,沉淀的洗涤与检验,CHEMISTRY,综合,实验与方案设计
BIOLOGY,测定光合速率与呼吸速率的常用方法,生物学必修1,第五章第三节,细胞呼吸
BIOLOGY,光合作用与细胞呼吸“关键点”的移动,生物学必修1,第五章第三节,细胞呼吸
BIOLOGY,环境条件突变时C3与C5的变化,生物学必修2,第五六章,变异与进化
CHEMISTRY,氯及其化合物的价类二维图,化学必修第一册,第二章,氯及其化合物
CHEMISTRY,多池串联装置类型的判断,CHEMISTRY,综合,实验与方案设计
BIOLOGY,内环境的理化性质,生物学选择性必修1,第一章,内环境与稳态
BIOLOGY,组织水肿的成因,生物学必修1,第二章,细胞的分子组成
BIOLOGY,内环境失衡与人体健康,生物学选择性必修1,第一章,内环境与稳态
CHEMISTRY,常见元素及其化合物的特性,化学必修第一册,第四章,物质结构元素周期律
CHEMISTRY,惰性电极电解的四种类型,化学选择性必修1,第四章,电化学
CHEMISTRY,电镀与电解精炼,化学选择性必修1,第四章,电化学
CHEMISTRY,串联电化学装置,化学选择性必修1,第四章,电化学
CHEMISTRY,化学实验装置的连接与操作顺序,CHEMISTRY,综合,实验与方案设计
CHEMISTRY,常见性质比较与检验实验的设计范式,CHEMISTRY,综合,实验与方案设计
CHEMISTRY,结晶方法的选择与操作,CHEMISTRY,综合,实验与方案设计
CHEMISTRY,电化学中电子流向与离子迁移方向的判断,化学选择性必修1,第四章,电化学
CHEMISTRY,分阶段电解的计算技巧,化学选择性必修1,第四章,电化学
CHEMISTRY,氢氧化钠的性质与应用,化学必修第一册,第二章,钠及其化合物
CHEMISTRY,过氧化氢的性质,化学必修第一册,第四章,物质结构元素周期律
CHEMISTRY,臭氧与硫代硫酸盐的性质,化学必修第二册,第五章,硫氮及其化合物
CHEMISTRY,盐桥的作用与双液原电池,化学选择性必修1,第四章,电化学
CHEMISTRY,中和滴定的误差分析方法,化学选择性必修1,第三章,水溶液中的离子平衡
CHEMISTRY,氧化还原滴定法,化学选择性必修1,第三章,水溶液中的离子平衡
CHEMISTRY,利用平衡移动原理解释问题的思维模板,化学选择性必修1,第二章,化学平衡
CHEMISTRY,沉淀溶解平衡实验设计与评价题的解题思路,化学选择性必修1,第三章,水溶液中的离子平衡
CHEMISTRY,电化学装置的回路分析与离子迁移,化学选择性必修1,第四章,电化学
CHEMISTRY,串联类电化学装置的分析,化学选择性必修1,第四章,电化学
CHEMISTRY,键的极性与羧酸酸性,化学选择性必修2,物质结构与性质,分子的空间结构
CHEMISTRY,无机含氧酸酸性强弱的判断,化学必修第一册,第四章,物质结构元素周期律
CHEMISTRY,分子的手性与手性碳原子,化学选择性必修2,物质结构与性质,分子的空间结构
CHEMISTRY,实验方案设计中的操作与安全要点,CHEMISTRY,综合,实验与方案设计
CHEMISTRY,含氯物质的制备与转化路径,化学必修第一册,第二章,氯及其化合物
CHEMISTRY,常见硫酸盐的性质与用途,化学必修第二册,第五章,硫氮及其化合物
CHEMISTRY,有机实验中官能团与水解产物的检验,化学选择性必修1,第三章,水溶液中的离子平衡
CHEMISTRY,比较物质酸性强弱的方法,化学必修第一册,第四章,物质结构元素周期律
CHEMISTRY,有机物制备的基本操作,化学必修第二册,第七章,有机化合物
BIOLOGY,细胞呼吸的易错辨析,生物学必修1,第五章第三节,细胞呼吸
CHEMISTRY,氯的常见氧化物,化学必修第一册,第二章,氯及其化合物
CHEMISTRY,氯胺,化学必修第一册,第二章,氯及其化合物
BIOLOGY,影响物质跨膜运输的因素,生物学必修1,第四章,物质的输入与输出
CHEMISTRY,溶解性与溶解度的关系,CHEMISTRY,综合,实验与方案设计
CHEMISTRY,温度计的使用规范,CHEMISTRY,综合,实验与方案设计
CHEMISTRY,仪器的连接与组装原则,CHEMISTRY,综合,实验与方案设计
CHEMISTRY,化学实验基本操作中的八个不能,CHEMISTRY,综合,实验与方案设计
CHEMISTRY,化学实验中的先后顺序规则,CHEMISTRY,综合,实验与方案设计
CHEMISTRY,化学试剂的存放规则,CHEMISTRY,综合,实验与方案设计
CHEMISTRY,电解精炼,化学选择性必修1,第四章,电化学
CHEMISTRY,锂电池与锂离子电池,化学选择性必修1,第四章,电化学
BIOLOGY,分子标记与基因定位流程,生物学必修2,第一章第二节,遗传的基本规律
BIOLOGY,分子标记辅助育种,生物学选择性必修3,生物技术与工程,基因工程的基本操作程序
CHEMISTRY,分子的手性,化学选择性必修2,物质结构与性质,分子的空间结构
CHEMISTRY,惰性电极电解规律,化学选择性必修1,第四章,电化学
CHEMISTRY,离子反应顺序的判断,化学必修第一册,第一章,离子反应与氧化还原
CHEMISTRY,氢氧化铝沉淀的图像与计算,化学必修第一册,第三章,铁与金属材料
CHEMISTRY,工业制铝的酸溶法流程,化学必修第一册,第三章,铁与金属材料
CHEMISTRY,酸或碱溶液中水电离程度的计算,化学选择性必修1,第三章,水溶液中的离子平衡
CHEMISTRY,常见净水剂、消毒剂与漂白剂,化学必修第一册,第二章,氯及其化合物
BIOLOGY,物质跨膜运输方式的判断,生物学必修1,第四章,物质的输入与输出
CHEMISTRY,利用平衡移动原理解释问题的答题模板,化学选择性必修1,第二章,化学平衡
BIOLOGY,遗传系谱图与遗传图解的书写规范,生物学必修2,第一章第二节,遗传的基本规律
CHEMISTRY,定性探究实验的依据与验证方案,CHEMISTRY,综合,实验与方案设计
CHEMISTRY,定性探究实验题的解题策略,CHEMISTRY,综合,实验与方案设计
CHEMISTRY,分子的手性与对映异构体,化学选择性必修2,物质结构与性质,分子的空间结构
CHEMISTRY,金属氢化物,化学必修第一册,第三章,铁与金属材料
CHEMISTRY,探究型实验的类型与程序,CHEMISTRY,综合,实验与方案设计
CHEMISTRY,定量实验数据的采集与处理,CHEMISTRY,综合,实验与方案设计
CHEMISTRY,含氯化合物制备原料转化路径,化学必修第一册,第二章,氯及其化合物
BIOLOGY,从性遗传与限性遗传,生物学必修2,第一章第二节,遗传的基本规律
CHEMISTRY,氢氧化铝沉淀图像分析,化学必修第一册,第三章,铁与金属材料
CHEMISTRY,常见酸碱盐的溶解性,CHEMISTRY,综合,实验与方案设计
CHEMISTRY,含氧酸及其酸性比较,化学必修第一册,第四章,物质结构元素周期律
BIOLOGY,生物变异的类型,生物学必修2,第五六章,变异与进化
BIOLOGY,姐妹染色单体上等位基因来源的判断,生物学必修2,第一章第二节,遗传的基本规律
CHEMISTRY,离子方程式书写应注意的问题,化学必修第一册,第一章,离子反应与氧化还原
CHEMISTRY,过渡金属的多价态与氧化性规律,化学必修第一册,第三章,铁与金属材料
CHEMISTRY,锰及其化合物的性质,化学必修第一册,第三章,铁与金属材料
CHEMISTRY,锰酸盐与高锰酸钾的氧化性规律,化学必修第一册,第三章,铁与金属材料
CHEMISTRY,铬及其重要化合物的性质,化学必修第一册,第三章,铁与金属材料
CHEMISTRY,重铬酸盐的强氧化性,化学必修第一册,第三章,铁与金属材料
CHEMISTRY,钒及其重要化合物的性质,化学必修第一册,第三章,铁与金属材料
CHEMISTRY,钴及其化合物的性质,化学必修第一册,第三章,铁与金属材料
CHEMISTRY,由水电离的c(H＋)或c(OH－)的计算,化学选择性必修1,第三章,水溶液中的离子平衡
CHEMISTRY,酸碱中和滴定指示剂的选择,化学选择性必修1,第三章,水溶液中的离子平衡
CHEMISTRY,用稀有气体元素确定主族元素位置,化学必修第一册,第四章,物质结构元素周期律
CHEMISTRY,铝土矿提纯的酸溶法,化学必修第一册,第三章,铁与金属材料
CHEMISTRY,氢氧化铝的制备方法,化学必修第一册,第三章,铁与金属材料
CHEMISTRY,物质性质验证类实验,CHEMISTRY,综合,实验与方案设计
CHEMISTRY,实验结论辨析的常见陷阱,CHEMISTRY,综合,实验与方案设计
CHEMISTRY,实验类试题的三类错误,CHEMISTRY,综合,实验与方案设计
CHEMISTRY,实验类试题的解题策略,CHEMISTRY,综合,实验与方案设计
CHEMISTRY,硫酸的工业制备（接触法）,化学必修第二册,第五章,硫氮及其化合物
CHEMISTRY,亚硫酸及亚硫酸盐的性质,化学必修第二册,第五章,硫氮及其化合物
CHEMISTRY,常见金属硫化物的溶解性,化学必修第二册,第五章,硫氮及其化合物
BIOLOGY,囊泡运输与蛋白质分选,生物学必修1,第二章,细胞的分子组成
CHEMISTRY,高铁酸盐的制备与性质,化学必修第一册,第三章,铁与金属材料
CHEMISTRY,水电离出的c(H+)（或c(OH-)）的计算,化学选择性必修1,第三章,水溶液中的离子平衡
CHEMISTRY,纯度、转化率与产率的计算,化学选择性必修1,第二章,化学平衡
CHEMISTRY,多重反应离子方程式的书写,化学必修第一册,第一章,离子反应与氧化还原
CHEMISTRY,常见净水剂消毒剂漂白剂与干燥剂,化学必修第一册,第二章,氯及其化合物
BIOLOGY,细胞周期检验点与同步化,生物学必修1,第六章,细胞的生命历程
CHEMISTRY,水电离出的c水(H＋)与c水(OH－)的计算,化学选择性必修1,第三章,水溶液中的离子平衡
CHEMISTRY,氧化还原滴定的原理与指示剂,化学选择性必修1,第三章,水溶液中的离子平衡
CHEMISTRY,键的极性对羧酸酸性的影响,化学选择性必修2,物质结构与性质,分子的空间结构
CHEMISTRY,手性分子与手性碳原子,化学选择性必修2,物质结构与性质,分子的空间结构
CHEMISTRY,装置气密性检查方法,CHEMISTRY,综合,实验与方案设计
CHEMISTRY,有机物分子结构的鉴定方法,化学选择性必修2,物质结构与性质,分子的空间结构
CHEMISTRY,能源的分类与利用,化学选择性必修1,第一章,反应热与能量
CHEMISTRY,相对原子质量(核素与元素),化学选择性必修2,物质结构与性质,原子结构与元素周期表
CHEMISTRY,粗盐提纯的试剂加入顺序,CHEMISTRY,综合,实验与方案设计
BIOLOGY,常见遗传实验材料及其优点,生物学必修2,第一章第二节,遗传的基本规律
BIOLOGY,从性遗传,生物学必修2,第一章第二节,遗传的基本规律
CHEMISTRY,有机物制备实验的常用操作与仪器,CHEMISTRY,综合,实验与方案设计
