subject,slug,material_slug,current_node_slug,suggested_node_slug,verdict,evidence,slice
BIOLOGY,atp的合成和利用,ext-bio-cdea66a95d-015,atp的合成和利用,,KEEP,材料落在节点名的「利用」面上：「ATP 是细胞内流通的能量货币：吸能反应一般与 ATP 的水解相联系，放能反应一般与 ATP 的合成相联系」，与节点边界「水解释放的能量直接用于各项需能生命活动」同轴。｜材料正文原句（materials[6]）,slice-06
BIOLOGY,个体或配子致死问题的处理-规律方法,bio-fx-lethal-gamete-calculation,个体或配子致死问题的处理-规律方法,,KEEP,材料给的就是节点名下致死比例的处理链：「若含a的花粉50%致死，则雄配子A:a＝2:1（雌配子仍1:1），用两组配子分别计算」；节点名为「个体或配子致死问题的处理(规律方法)」。｜材料正文原句（materials[1]）,slice-06
BIOLOGY,免疫系统的组成和功能,bio-ecosystem-component-consumers,免疫系统的组成和功能,生态系统的结构,REBIND,材料正文原句：「1. 消费者：主要以动植物为食的异养生物（大多数动物、寄生微生物等）。」——对象是生态系统的组成成分（消费者），同上；现绑为张冠李戴,slice-05
BIOLOGY,免疫系统的组成和功能,bio-ecosystem-component-decomposers,免疫系统的组成和功能,生态系统的结构,REBIND,材料正文原句：「1. 分解者：营腐生生活的细菌、真菌、蜣螂、蚯蚓等。」——对象是生态系统的组成成分（分解者），同上；现绑为张冠李戴,slice-05
BIOLOGY,免疫系统的组成和功能,bio-ecosystem-component-producers,免疫系统的组成和功能,生态系统的结构,REBIND,材料正文原句：「1. 生产者多为绿色植物（光合作用自养），也包括蓝细菌、化能合成细菌。」——对象是生态系统的组成成分（生产者），与免疫系统无关；现库有『生态系统的结构』节点，边界即「生态系统的组成成分（生产者、消费者、分解者）和非生物环境」,slice-05
BIOLOGY,免疫系统的组成和功能,bio-fj-03-disaccharide-composition,免疫系统的组成和功能,细胞中的糖类,REBIND,材料正文原句：「1. 蔗糖：葡萄糖+果糖，分布在甘蔗、甜菜中。」——对象是三种二糖的水解产物与分布，与免疫系统无关；现库有『细胞中的糖类』节点，边界正在于「重点包括三种二糖的水解产物与分布」,slice-05
BIOLOGY,免疫系统的组成和功能,bio-fx-crispr-components,免疫系统的组成和功能,基因编辑,REBIND,材料正文原句：「2. Cas9：细菌核酸酶，与向导RNA结合，切割与其配对的DNA，使双链断裂。」——对象是 CRISPR/Cas9 系统的组分与切割功能，与免疫系统无关；现库有『基因编辑』节点，边界即以 CRISPR/Cas9 为代表,slice-05
BIOLOGY,免疫系统的组成和功能,bio-fx-judge-allergy-overreaction,免疫系统的组成和功能,过敏反应,REBIND,材料正文原句：「2. 提示：过敏反应是已产生免疫的机体再次接受相同抗原时发生的组织损伤或功能紊乱。」——对象是过敏反应的归属（防御功能过强，而不是过低），属『过敏反应』节点边界（必须再次接触相同过敏原、不能把一切免疫过强都归为过敏）；同主题另有『免疫失调』节点，二者需人工定夺,slice-05
BIOLOGY,免疫系统的组成和功能,bio-kb2-28-immune-organs,免疫系统的组成和功能,,KEEP,正文：「胸腺：T细胞分化、发育、成熟的场所；脾和淋巴结是免疫细胞集中分布的场所。」——以骨髓与胸腺在免疫中的地位为对象，属组成与分工,slice-05
BIOLOGY,免疫系统的组成和功能,bio-kb2-28-immune-system-components,免疫系统的组成和功能,,KEEP,正文：「免疫器官：骨髓、胸腺、脾、淋巴结、扁桃体等；免疫细胞：执行免疫功能的细胞，来自骨髓的造血干细胞，包括各种白细胞；」——以免疫系统的三部分组成为对象,slice-05
BIOLOGY,免疫系统的组成和功能,bio-kb2-28-immune-three-functions,免疫系统的组成和功能,,KEEP,正文：「免疫防御：排除外来抗原性异物，是免疫系统最基本的功能，异常时导致组织损伤或易被病原体感染；」——以三大基本功能为对象，属免疫功能面,slice-05
BIOLOGY,免疫系统的组成和功能,bio-kb2-28-pd1-immune-escape,免疫系统的组成和功能,,NONE,正文：「肿瘤细胞通过过量表达PD-L1来逃避免疫系统的追杀；科学家使用PD-1或PD-L1抗体阻断该信号通路，使T细胞能对付癌细胞。」——同 bio-tumor-immunology-pd1：对象是 PD-1/PD-L1 免疫逃逸与抗体阻断（免疫治疗），非本节点的组成/分工；候选『免疫学的应用』『免疫失调』边界均不精确 ⇒ 留人工,slice-05
BIOLOGY,免疫系统的组成和功能,bio-mo-immunity-001,免疫系统的组成和功能,,KEEP,正文：「1. 免疫系统主要包括免疫器官、免疫细胞、免疫活性物质。」——以免疫系统三部分组成为对象,slice-05
BIOLOGY,免疫系统的组成和功能,bio-mo-immunity-002,免疫系统的组成和功能,非特异性免疫,REBIND,材料正文原句：「2. 体液中的杀菌物质和吞噬细胞是保卫人体的第二道防线，这两道防线属于非特异性免疫，特点是人人生来就有，不针对某一类特定的病原体，而是对多种病原体都有防御作用。」——对象是三道防线（第一、二道防线属非特异性免疫，第三道属特异性免疫），不是免疫系统的组成；现库有『非特异性免疫』节点，边界即「以第一、二道防线为代表的生来就有的免疫」,slice-05
BIOLOGY,免疫系统的组成和功能,bio-mo-immunity-003,免疫系统的组成和功能,,KEEP,正文：「1. 免疫系统的三大基本功能是免疫防御、免疫自稳和免疫监视，其中免疫防御是免疫系统最基本的功能。」——以三大基本功能为对象，属免疫功能面,slice-05
BIOLOGY,免疫系统的组成和功能,bio-mo-immunity-004,免疫系统的组成和功能,,KEEP,正文：「1. （1）免疫细胞并非只指淋巴细胞。」——以免疫细胞/免疫活性物质/防线归属的一组易错为对象，属节点边界的分工与配合面,slice-05
BIOLOGY,免疫系统的组成和功能,bio-mo-immunity-005,免疫系统的组成和功能,,NONE,正文：「1. 概念——抗原：可使机体产生特异性免疫反应的物质；抗体：机体受抗原刺激后产生的并能与该抗原发生特异性结合的免疫球蛋白；细胞因子：由多种细胞，特别是免疫细胞所产生的小分子蛋白质，在免疫细胞分化发育等方面发挥重要作用」——材料是抗原/抗体/细胞因子三概念对比表（每行以抗原领衔），其中抗原、抗体在库内各有独立节点，材料无单一首要对象 ⇒ 留人工（宜按概念拆条或另行定节点）,slice-05
BIOLOGY,免疫系统的组成和功能,bio-mo-immunity-006,免疫系统的组成和功能,,NONE,正文：「1. 分布——抗原：既可以游离，也可存在于细菌、病毒等病原微生物以及细胞上；抗体：主要分布于血清，也分布于组织液和外分泌液中；细胞因子：分布于组织间隙和体液（多数）、细胞的表面（少数）」——同 bio-mo-immunity-005 的续表（分布、举例两行仍以抗原领衔），三概念并列无首要对象 ⇒ 留人工,slice-05
BIOLOGY,免疫系统的组成和功能,bio-mo-immunity-007,免疫系统的组成和功能,非特异性免疫,REBIND,材料正文原句：「1. 唾液、泪液、胃液具有一定的杀菌作用，但都不是体液，而属于黏膜的分泌物，是第一道防线。」——对象是黏膜分泌物属第一道防线、体液中的溶菌酶属第二道防线，即非特异性免疫；现库有『非特异性免疫』节点,slice-05
BIOLOGY,免疫系统的组成和功能,bio-tumor-immunology-pd1,免疫系统的组成和功能,,NONE,正文：「2. 结合作用：PD-L1 与 PD-1 结合→给 T 细胞传递抑制信号→T 细胞不能分泌细胞因子、不杀癌细胞→免疫逃逸、肿瘤进展。」——对象是肿瘤免疫逃逸的分子机制与 PD-1/PD-L1 抗体阻断思路，不是免疫系统的组成/分工；现节点边界（组成、分工、辅助性T细胞）不含此内容，候选『免疫学的应用』（免疫治疗，现边界为器官移植/排斥）与『免疫失调』（三类失调）都框不住，无更优现节点 ⇒ 留人工（宜新建「肿瘤免疫逃逸/免疫治疗」节点）,slice-05
BIOLOGY,免疫系统的组成和功能,ext-bio-26746c92ba-122b,免疫系统的组成和功能,,KEEP,正文：「辅助性T细胞在体液免疫和细胞免疫中都起关键性作用，既参与B细胞的活化，也参与细胞毒性T细胞的活化（通过分泌细胞因子）。」——以两类免疫的配合与辅助性T细胞的衔接作用为对象，与节点边界「强调辅助性T细胞在衔接两类免疫中的作用」逐字对应,slice-05
BIOLOGY,免疫系统的组成和功能,ext-bio-26746c92ba-124,免疫系统的组成和功能,,KEEP,正文：「1. 对外：免疫系统对外可消灭入侵的病原微生物，此为免疫防御。」——以三大功能的内外强弱模型为对象，属免疫功能面,slice-05
BIOLOGY,免疫系统的组成和功能,ext-bio-2907715275-001c,免疫系统的组成和功能,,KEEP,正文：「淋巴细胞只包括 **T 细胞和 B 细胞**；巨噬细胞、树突状细胞等虽然参与免疫，但**不属于淋巴细胞**。」——以免疫细胞的来源与成熟场所（T细胞—胸腺、B细胞—骨髓）及抗原呈递细胞为对象，正是该节点的组成与分工面,slice-05
BIOLOGY,免疫系统的组成和功能,ext-bio-2907715275-002c,免疫系统的组成和功能,,KEEP,正文：「**抗原呈递细胞（APC）**包括 **B 细胞、树突状细胞和巨噬细胞**，能摄取、加工处理抗原并把抗原信息呈递给辅助性 T 细胞。」——以抗原呈递细胞的种类为对象，与该节点边界「树突状细胞与巨噬细胞承担抗原处理和呈递」逐字对应；后半的三道防线为其邻近面,slice-05
BIOLOGY,免疫系统的组成和功能,ext-bio-2907715275-007,免疫系统的组成和功能,,KEEP,正文：「免疫活性物质是指由**免疫细胞或其他细胞**产生的、发挥免疫作用的物质，包括**细胞因子、抗体、溶菌酶**等。」——以免疫活性物质的来源与种类为对象，免疫活性物质是该节点的组成部分,slice-05
BIOLOGY,免疫系统的组成和功能,ext-bio-2907715275-009b,免疫系统的组成和功能,,KEEP,正文：「免疫系统有三大功能，含义不同：」——以免疫防御/自稳/监视三大功能的区分为对象，正是节点名中的「功能」面,slice-05
BIOLOGY,免疫系统的组成和功能,ext-bio-2907715275-010b,免疫系统的组成和功能,,KEEP,正文：「免疫系统具有三大基本功能：」——以三大基本功能及其异常为对象，属免疫功能面,slice-05
BIOLOGY,免疫系统的组成和功能,ext-bio-94a83ecf21-001,免疫系统的组成和功能,,KEEP,正文：「## 一、免疫器官（免疫细胞生成、成熟或集中分布的场所）」——以免疫器官/免疫细胞/免疫活性物质三部分的组成与分工为对象，逐字对上节点边界,slice-05
BIOLOGY,免疫系统的组成和功能,ext-bio-9752acd916-105,免疫系统的组成和功能,,KEEP,正文：「免疫系统的功能按对内、对外两条线判断，每条线再看过强、过弱：」——以三大功能的判断口径为对象，属免疫功能面,slice-05
BIOLOGY,免疫系统的组成和功能,ext-bio-cfff2e6c9b-002d,免疫系统的组成和功能,,KEEP,正文：「唯一能分泌抗体的免疫细胞是浆细胞；唯一不能识别抗原的免疫细胞是浆细胞；唯一能识别抗原但不具有特异性的免疫细胞是吞噬细胞。」——以浆细胞与吞噬细胞的识别/分泌特点为对象，属节点边界「免疫系统各组分之间的分工与配合」,slice-05
BIOLOGY,免疫系统的组成和功能,wusan-bio-v-d9b6bb60,免疫系统的组成和功能,,KEEP,正文：「①免疫器官：骨髓是各种免疫细胞的发生地；胸腺是T细胞分化、发育、成熟的场所；脾在胃的左侧，含大量淋巴细胞，也参与制造新的血细胞与清除衰老的血细胞。」——以免疫系统三部分（器官/细胞/活性物质）与抗原抗体辨析为对象，属该节点,slice-05
BIOLOGY,分离定律的特殊类型,ext-bio-636de2a928-030,分离定律的特殊类型,,KEEP,材料讲的是分离定律的一类特殊情形：「正反交 F₁ 颜色出现差异，且该遗传方式为母性影响——影响子代表型的仍旧是核基因，母本的核基因使子代表型推迟一代表现出来」；同节点已有「细胞质基因与细胞核基因共同决定雄性不育」「从性遗传与伴性遗传的区别」等特殊情况材料。｜材料正文原句（materials[9]）,slice-06
BIOLOGY,原核细胞和真核细胞,bio-mo-cell-010,原核细胞和真核细胞,,KEEP,首句主语即节点概念：「原核细胞与真核细胞的主要区别是有无以核膜为界限的细胞核」；全篇讲两类细胞的划分与归类（真核生物/原核生物举例），是节点的定义面。｜材料正文原句（slice-06.json materials[0]）,slice-06
BIOLOGY,密码子,ext-bio-2e2f39614d-004,密码子,,KEEP,材料讲密码子自身的属性而非旁支：「每种氨基酸对应一种或多种密码子，这种现象称为密码子的简并性」；同节点既有「密码子的简并性」「密码子的简并性及其意义」两条同面材料。｜材料正文原句（materials[2]）,slice-06
BIOLOGY,激素,bio-adrenal-cortex-glucocorticoid,激素,,KEEP,正文：「糖皮质激素（皮质醇）作用：促进蛋白质/脂肪分解转化为糖（糖异生）→升高血糖；与肾上腺素协同（应激状态）。」——以糖皮质激素（皮质醇）的分泌部位与升血糖作用为对象，属激素与内分泌系统的激素功能面（库内无更细的糖皮质激素节点）,slice-05
BIOLOGY,激素,bio-fx-hormone-target-specificity,激素,,KEEP,正文：「2. 靶细胞膜上或胞内存在特异性受体，激素与之识别并结合才起作用。」——以激素经体液运输、只与含受体的靶细胞结合并失活为对象，属激素作用方式面,slice-05
BIOLOGY,激素,bio-fx-judge-hormone-biuret,激素,,KEEP,正文：「2. 提示：蛋白质（肽类）激素如胰岛素、生长激素可用双缩脲试剂检测。」——以激素化学本质与双缩脲检测为对象，属激素概念面,slice-05
BIOLOGY,激素,bio-growth-hormone-gh,激素,,KEEP,正文：「生长激素（GH）：促进细胞生长与增殖（尤其软骨）与蛋白质合成；幼年不足→侏儒症（身材矮小但智力正常）、幼年过多→巨人症、成年过多→肢端肥大症。」——以生长激素的分泌部位、作用与分泌异常为对象，属激素功能面（库内无更细的生长激素节点）,slice-05
BIOLOGY,激素,bio-hypothalamus-glucose-center,激素,,NONE,正文：「血糖调节中枢位于下丘脑：血糖变化→下丘脑通过神经（副交感/交感）作用于胰岛 B 细胞（胰岛素）与胰岛 A 细胞（胰高血糖素）、肾上腺。」——对象是血糖的神经调节路径（下丘脑→神经→胰岛A/B细胞、肾上腺），不是激素的概念/发现史/研究方法/分级调节（现节点边界四项）；全库检索「血糖」只命中『胰岛素』『胰高血糖素』『水和无机盐平衡的调节』等，无「血糖平衡的调节」节点可指 ⇒ 留人工（宜新建该节点）,slice-05
BIOLOGY,激素,bio-injection-method-scope,激素,,KEEP,正文：「注射法直接把激素注入体内观察生理效应；适合蛋白质、多肽类等会被消化道分解的激素。」——以注射法（研究激素的方法）为对象,slice-05
BIOLOGY,激素,bio-kb2-26-hormone-synergy-antagonism,激素,,KEEP,正文：「拮抗：胰岛素与胰高血糖素（或肾上腺素）在血糖调节上作用相抗衡。」——以激素间的协同与拮抗为对象，属激素作用关系面,slice-05
BIOLOGY,激素,bio-kb2-26-secretin-discovery,激素,,KEEP,正文：「促胰液素由小肠黏膜分泌，作用于胰腺，促进胰液（胰腺外分泌）的分泌。」——以促胰液素的发现过程为对象，属激素发现史面,slice-05
BIOLOGY,激素,bio-mo-hormone-012,激素,,KEEP,正文：「2. 内分泌腺没有导管，内分细胞产生的激素弥散到体液中，随血液到全身，传递着各种信息，因此，临床上通过抽取血样来检测内分泌系统肿激素的水平。」——以激素的分泌、运输与靶细胞识别为对象，属激素概念与作用面,slice-05
BIOLOGY,激素,bio-mo-hormone-015,激素,,KEEP,正文：「1. （1）分级调节：是一种分层控制的方式，属于反馈调节的一部分，如下丘脑分泌激素控制垂体活动，垂体分泌激素控制相关腺体活动。」——以分级调节与反馈调节为对象，对上节点边界的分级调节面,slice-05
BIOLOGY,激素,bio-mo-hormone-017,激素,,KEEP,正文：「1. 化学本质——动物激素：蛋白质类或多肽类、氨基酸衍生物类、固醇类；酶：蛋白质或RNA；神经递质：主要是小分子化合物」——以动物激素（领衔列）的化学本质、产生部位与作用为对象，属激素概念面,slice-05
BIOLOGY,激素,bio-mo-hormone-018,激素,,KEEP,正文：「1. 作用部位——动物激素：靶细胞、靶器官；酶：细胞内外；神经递质：突触后膜」——同 bio-mo-hormone-017 的续表，仍以动物激素领衔，属激素概念面,slice-05
BIOLOGY,激素,bio-mo-hormone-019,激素,,KEEP,正文：「1. （1）激素的靶细胞既可以是其他细胞，也可以是分泌激素的自身细胞信号分子发挥作用的三种类型：（2）激素只作用于靶细胞（因只有靶细胞的细胞膜上或细胞内才有其受体），但激素分泌后会广泛运输或弥散于体液中，并非“只运输给”靶细胞。」——以激素的靶细胞与「不只运输给靶细胞」为对象，属激素作用方式面,slice-05
BIOLOGY,激素,ext-bio-2b9586914c-001,激素,,KEEP,正文：「下丘脑释放促肾上腺皮质激素释放激素 → 作用于垂体 → 促进垂体分泌促肾上腺皮质激素 → 作用于肾上腺 → 增强其分泌功能，体现激素的分级调节。」——以下丘脑→垂体→肾上腺的分级调节为对象，对上节点边界「以下丘脑—垂体—肾上腺轴为例理解激素的分级调节」,slice-05
BIOLOGY,激素,ext-bio-2b9586914c-004,激素,,KEEP,正文：「皮质醇的分泌主要受“下丘脑—垂体—肾上腺皮质”（HPA 轴）的调节，这是从上而下的逐级激活活动，具有分级调节机制；当血液中皮质醇含量增加到一定程度时，会通过负反馈调节抑制下丘脑和垂体分泌相关激素，以维持激素水平的稳定。」——以皮质醇的 HPA 轴分级调节与负反馈为对象（末段瘦素分析为其附属）,slice-05
BIOLOGY,激素,ext-bio-4a138bdd58-003b,激素,,KEEP,正文：「2. **激素不一定都由内分泌腺产生**：有的结构不是内分泌腺但也可产生激素 如下丘脑神经内分泌细胞分泌的抗利尿激素。」——以激素的化学本质、受体位置、靶器官靶细胞等八个易错为对象，属激素概念面,slice-05
BIOLOGY,激素,wusan-bio-v-d17b0c83,激素,,KEEP,正文：「③研究激素的常用方法：切除法（减法原理，对照组不切除或做假手术）、饲喂法（加法原理，适用于甲状腺激素、性激素等）和注射法（加法原理，适用于各种激素）；实验设计思路为取材分组→变量处理→培养、观察、记录→得出结论。」——以促胰液素的发现史与研究激素的常用方法为对象，逐字对上节点边界「了解动物激素的发现史与研究激素的常用方法」,slice-05
BIOLOGY,特异性免疫,ext-bio-9752acd916-104,特异性免疫,,KEEP,材料正是节点边界明写的判断视角：「判断某过程属于体液免疫还是细胞免疫，用三看法逐层排除」，节点边界即「判断免疫类型时可从参与细胞、效应途径和涉及物质几个视角综合区分」；同节点已有「三看法区分体液免疫和细胞免疫」。｜材料正文原句（materials[7]）,slice-06
BIOLOGY,环境因素参与调节植物的生命活动,bio-kb3-f1-s1-1-n03,环境因素参与调节植物的生命活动,细胞学说,REBIND,材料通篇讲细胞学说：「细胞学说揭示了动物和植物的统一性，从而阐明了生物界的统一性。未涉及生物界的多样/差异性。」；现绑节点「环境因素参与调节植物的生命活动」是选必1 第五章植物生命活动的调节（温度、重力、光信号），与细胞学说无关；包内节点 细胞学说（生物学必修1·第一章·细胞与生命活动）边界即「细胞学说要点，及其对理解动植物结构统一性的意义」。｜材料正文原句（materials[8]）,slice-06
BIOLOGY,细胞中的脂质,bio-fj-02-lipid-element-function,细胞中的脂质,,KEEP,正文：「2. 功能定位：储能物质（脂肪）和膜结构成分（磷脂）。」——以脂质元素组成与功能定位为对象,slice-05
BIOLOGY,细胞中的脂质,bio-fj-03-blood-glucose-to-triglyceride,细胞中的脂质,糖类和脂质的相互转化,REBIND,材料正文原句：「3. 这体现了糖类在供应充足时可大量转化为脂肪。」——对象是糖类→脂肪的转化方向与条件（血糖→甘油三酯储存），不是脂质的分类/元素/功能；现库有『糖类和脂质的相互转化』节点（同主题另有『糖类和脂肪的转化』，二者需人工择一）,slice-05
BIOLOGY,细胞中的脂质,bio-fj-03-lipid-elements-traits,细胞中的脂质,,KEEP,正文：「1. 组成元素：主要是C、H、O，磷脂还含N、P。」——以脂质元素组成与理化特点为对象,slice-05
BIOLOGY,细胞中的脂质,bio-fj-03-phospholipid-membrane,细胞中的脂质,,KEEP,正文：「2. 磷脂是所有细胞（包括原核细胞）必不可少的脂质。」——以磷脂是生物膜的重要成分为对象，磷脂属脂质,slice-05
BIOLOGY,细胞中的脂质,bio-kb-fat-structure-and-functions,细胞中的脂质,,KEEP,正文：「1. 组成：三分子脂肪酸＋一分子甘油；元素为C、H、O。」——以脂肪的组成与储能/保温/缓冲功能为对象，属脂质的分类与功能面,slice-05
BIOLOGY,细胞中的脂质,bio-kb-fat-vs-sugar-as-main-energy,细胞中的脂质,,KEEP,正文：「1. 等量脂肪比糖类含能量多，但脂肪在细胞内的氧化速率慢，耗氧量大。」——以脂肪为何不是主要能源物质为对象，属脂质功能辨析,slice-05
BIOLOGY,细胞中的脂质,bio-kb-lipid-elements-and-solubility,细胞中的脂质,,KEEP,正文：「3. 物性：通常不溶于水，而溶于脂溶性有机溶剂。」——以脂质的元素组成与溶解性为对象，正是该节点边界第1、2条,slice-05
BIOLOGY,细胞中的脂质,bio-kb-sterol-types-functions,细胞中的脂质,,KEEP,正文：「1. 胆固醇：构成动物细胞膜的重要成分，参与人体血液中脂质的运输。」——以固醇三分（胆固醇/性激素/维生素D）为对象，固醇属脂质,slice-05
BIOLOGY,细胞中的脂质,bio-kb2-03-phospholipid-function,细胞中的脂质,,KEEP,正文：「磷脂是构成所有细胞生物膜的重要成分，在脑、卵细胞、肝脏及大豆种子中含量丰富；」——以磷脂是所有细胞必不可少的脂质为对象，属脂质分类中的磷脂面,slice-05
BIOLOGY,细胞中的脂质,bio-kb3-f2-s2-3-n10,细胞中的脂质,,KEEP,正文：「与糖类不同的是，脂质分子中氧含量远远低于糖类，而氢的含量更高。」——以脂质存在于所有细胞及其元素特点为对象,slice-05
BIOLOGY,细胞中的脂质,bio-kb3-f2-s2-3-n11,细胞中的脂质,,KEEP,正文：「常见的脂质有脂肪、磷脂、固醇三种，其中脂肪是最常见的脂质。」——以脂质的三分类为对象,slice-05
BIOLOGY,细胞中的脂质,bio-kb3-f2-s2-3-n12,细胞中的脂质,,KEEP,正文：「脂肪的组成元素是C、H、O，是由三分子脂肪酸与一分子甘油发生反应而形成的酯，即三酰甘油（又称甘油三酯）。」——以脂肪的组成元素与结构为对象,slice-05
BIOLOGY,细胞中的脂质,bio-kb3-f2-s2-3-n13,细胞中的脂质,,KEEP,正文：「脂肪的作用：是细胞内良好的储能物质；是一种很好的绝热体，起到保温作用；具有缓冲减压的作用，可以保护内脏器官。」——以脂肪的三项作用为对象，属脂质功能,slice-05
BIOLOGY,细胞中的脂质,bio-kb3-f2-s2-3-n14,细胞中的脂质,,KEEP,正文：「磷脂是构成细胞膜和细胞器膜的重要成分。」——以磷脂与脂肪的结构差异为对象，属脂质分类的结构辨析,slice-05
BIOLOGY,细胞中的脂质,bio-kb3-f2-s2-3-n16,细胞中的脂质,,KEEP,正文：「胆固醇是构成动物细胞膜的重要成分，在人体内还参与血液中脂质的运输；性激素能促进人和动物生殖器官的发育以及生殖细胞的形成；」——以胆固醇、性激素、维生素D三种固醇为对象，固醇属脂质,slice-05
BIOLOGY,细胞中的脂质,bio-kb3-f3-s3-1-n09,细胞中的脂质,细胞膜成分和结构的探究历程,REBIND,材料正文原句：「科学家研究发现细胞的表面张力明显低于油-水界面的表面张力，由此推测细胞膜除了含脂质分子外，可能还附有蛋白质。」——对象是对细胞膜成分的探索（由油-水界面表面张力差推出膜含蛋白质），属『细胞膜成分和结构的探究历程』（边界「1.对细胞膜成分的探索」），不是脂质的组成/分类/功能,slice-05
BIOLOGY,细胞中的脂质,bio-kb3-f4-s11-n01,细胞中的脂质,,KEEP,正文：「脂质功能：脂质存在于所有细胞中，是组成细胞和生物体的重要有机化合物。」——以脂质的功能与存在为对象,slice-05
BIOLOGY,细胞中的脂质,bio-kb3-f4-s11-n02,细胞中的脂质,,KEEP,正文：「脂质元素组成：主要由C、H、O组成，有些脂质还含有N、P。」——以脂质元素组成为对象,slice-05
BIOLOGY,细胞中的脂质,bio-kb3-f4-s11-n03,细胞中的脂质,,KEEP,正文：「(1)相对于糖类，脂质分子氧的含量低，氢的含量高。」——以脂质分子特点与溶解性为对象,slice-05
BIOLOGY,细胞中的脂质,bio-kb3-f4-s11-n04,细胞中的脂质,,KEEP,正文：「脂质的分类和功能。」——以脂质分类与功能起头为对象（正文仅起头，属碎片级切分，质量层面另见规范§4.3）,slice-05
BIOLOGY,细胞中的脂质,bio-kb3-f4-s11-n05,细胞中的脂质,,KEEP,正文：「元素组成：结构组成；C、H、O：①脂肪是由三分子脂肪酸与一分子甘油发生反应而形成的酯，即三酰甘油(又称甘油三酯)。」——以脂肪（三酰甘油）的构成与元素组成为对象，属脂质结构组成,slice-05
BIOLOGY,细胞中的脂质,bio-kb3-f4-s11-n06,细胞中的脂质,,KEEP,正文：「C、H、O：②脂肪酸可以分为不饱和脂肪酸(植物脂肪大多含有此种脂肪酸，在室温时呈液态)和饱和脂肪酸(大多数动物脂肪含有此种脂肪酸，室温时呈固态)。」——以脂肪酸的饱和/不饱和分类为对象，属脂肪结构组成,slice-05
BIOLOGY,细胞中的脂质,bio-kb3-f4-s11-n07,细胞中的脂质,,KEEP,正文：「元素组成：功能；C、H、O：①细胞内良好的储能物质；②很好的绝热体，有保温作用；③能缓冲和减压，可以保护内脏器官。」——以脂肪的三项功能为对象，属脂质功能,slice-05
BIOLOGY,细胞中的脂质,bio-kb3-f4-s11-n08,细胞中的脂质,,KEEP,正文：「元素组成：分布；C、H、O：大量存在于某些植物的种子、果实及动物体的脂肪组织中。」——以脂肪的分布为对象，属脂质分布面,slice-05
BIOLOGY,细胞中的脂质,bio-kb3-f4-s11-n09,细胞中的脂质,,KEEP,正文：「元素组成：结构组成；C、H、O、P、N：甘油、脂肪酸、磷酸及其他衍生物结合构成。」——以磷脂的构成（甘油+脂肪酸+磷酸）为对象，属脂质结构组成,slice-05
BIOLOGY,细胞中的脂质,bio-kb3-f4-s11-n10,细胞中的脂质,,KEEP,正文：「元素组成：功能；C、H、O、P、N：构成细胞膜以及多种细胞器膜的重要成分。」——以磷脂构成生物膜的功能为对象,slice-05
BIOLOGY,细胞中的脂质,bio-kb3-f4-s11-n11,细胞中的脂质,,KEEP,正文：「元素组成：分布；C、H、O、P、N：在人和动物的脑、卵细胞、肝脏以及大豆的种子中含量丰富。」——以磷脂的分布为对象，属脂质分布面,slice-05
BIOLOGY,细胞中的脂质,bio-kb3-f4-s11-n12,细胞中的脂质,,KEEP,正文：「元素组成：种类及功能；C、H、O：胆固醇；①构成动物细胞膜的重要成分；②在人体内参与血液中脂质的运输。」——以胆固醇的两项功能为对象，属脂质种类及功能,slice-05
BIOLOGY,细胞中的脂质,bio-kb3-f4-s11-n13,细胞中的脂质,,KEEP,正文：「元素组成：种类及功能；C、H、O：性激素；促进人和动物生殖器官的发育以及生殖细胞的形成。」——以性激素的功能为对象，属脂质种类及功能,slice-05
BIOLOGY,细胞中的脂质,bio-kb3-f4-s11-n14,细胞中的脂质,,KEEP,正文：「元素组成：种类及功能；C、H、O：维生素D；能有效地促进人和动物肠道对钙和磷的吸收。」——以维生素D的功能为对象，属脂质种类及功能,slice-05
BIOLOGY,细胞中的脂质,bio-mo-cell-037,细胞中的脂质,,KEEP,正文：「1. 常见的脂质有脂肪、磷脂和固醇等。」——以脂质三分类及其功能为对象,slice-05
BIOLOGY,细胞中的脂质,bio-mo-cell-040,细胞中的脂质,,KEEP,正文：「2. 脂肪是由三分子脂肪酸与一分子甘油发生反应而形成的酯，即三酰甘油（又称甘油三酯）。」——以脂肪的分子构成为对象，属脂质结构,slice-05
BIOLOGY,细胞中的脂质,bio-mo-cell-042,细胞中的脂质,,KEEP,正文：「1. ①相对于糖类分子，脂肪分子中H的比例高，而O的比例小。」——以脂肪与糖类的元素差异及供能后果为对象，属脂质功能辨析,slice-05
BIOLOGY,细胞中的脂质,bio-mo-cell-046,细胞中的脂质,,KEEP,正文：「2. 所以，对于生物体的生命活动而言，糖类和脂肪都可以作为储备能源，但是糖类是生物体生命活动利用的主要能源物质。」——以糖类与脂肪的供能对比为对象，落点是脂肪不是主要能源物质，属脂质功能辨析,slice-05
BIOLOGY,细胞中的脂质,bio-mo-cell-236,细胞中的脂质,,KEEP,正文：「1. 植物脂肪大多数含有不饱和脂肪酸，在室温时呈液态，而大多数动物脂肪含有饱和脂肪酸，室温时呈固态。」——以脂肪/磷脂/胆固醇的功能与脂肪酸类型为对象，属脂质分类与功能,slice-05
BIOLOGY,细胞中的脂质,bio-mo-cell-237,细胞中的脂质,,KEEP,正文：「1. 性激素的功能是：①促进生殖器官的发育以及生殖细胞的形成」——以性激素、维生素D功能与脂质元素为对象，固醇属脂质,slice-05
BIOLOGY,细胞中的脂质,ext-bio-3d1f7601ae-003,细胞中的脂质,,KEEP,正文：「（1）脂质主要由 C、H、O 组成，磷脂还含有 N、P。」——以脂质元素组成、合成场所与易错辨析为对象,slice-05
BIOLOGY,细胞中的脂质,ext-bio-c8448860bd-005,细胞中的脂质,,KEEP,正文：「元素组成：脂质主要是C、H、O，其中磷脂还含有N、P。」——以脂质元素组成与脂肪/磷脂/固醇三大类功能为对象,slice-05
BIOLOGY,细胞中的脂质,ext-bio-cebcb9d917-006,细胞中的脂质,,KEEP,正文：「- 饱和脂肪酸：长链上每个碳原子与相邻的碳原子以单键连接；熔点较高、容易凝固；动物脂肪大多含有饱和脂肪酸，室温下呈固态。」——以饱和与不饱和脂肪酸的对比为对象，属脂质的分子结构面,slice-05
BIOLOGY,细胞壁,bio-cell-wall-fully-transparent,细胞壁,,KEEP,正文：「细胞壁是全透性的：水、溶质都可自由通过，不具选择透过性；质壁分离的'膜'是原生质层而非细胞壁。」——以细胞壁的全透性与「质壁分离的膜是原生质层」为对象，属细胞壁的特性面,slice-05
BIOLOGY,细胞壁,bio-fj-08-lysozyme-antibacterial,细胞壁,,KEEP,正文：「1. 溶菌酶能水解细菌细胞壁（肽聚糖）。」——以溶菌酶水解细菌细胞壁为对象，讲的是细菌细胞壁成分（肽聚糖）这一面，与节点「不同生物细胞壁成分不同」同题,slice-05
BIOLOGY,细胞壁,bio-kb-plant-cell-wall-traits,细胞壁,,KEEP,正文：「1. 成分：主要是纤维素和果胶；形成与高尔基体有关。」——以植物细胞壁的成分、特性与功能为对象（含「任何细胞的边界都是细胞膜而非细胞壁」）,slice-05
BIOLOGY,细胞壁,bio-kb2-01-mycoplasma,细胞壁,,KEEP,正文：「支原体是原核生物，可能是最小、最简单的单细胞生物；与细菌细胞结构的区别是支原体没有细胞壁。」——以支原体没有细胞壁这一特例为对象，节点边界明列此条,slice-05
BIOLOGY,细胞壁,bio-kb2-05-cell-wall,细胞壁,,KEEP,正文：「植物细胞壁主要成分是纤维素和果胶，其形成与高尔基体有关，可用纤维素酶和果胶酶去除；」——以植物细胞壁的成分、特性（全透性）与功能为对象,slice-05
BIOLOGY,细胞壁,bio-kb3-f3-s3-2-n12,细胞壁,,KEEP,正文：「原核生物细胞壁成分是肽聚糖。」——以植物/原核/真菌三类细胞壁成分为对象，逐字对上节点边界,slice-05
BIOLOGY,细胞壁,bio-kb3-f4-s22-n21,细胞壁,,KEEP,正文：「(1)组成：主要由纤维素和果胶构成。」——以植物细胞壁的组成与功能为对象,slice-05
BIOLOGY,细胞壁,bio-mo-cell-110,细胞壁,,KEEP,正文：「1. 不同生物细胞壁的主要成分不同，植物细胞壁的主要成分是纤维素和果胶，细菌细胞壁的主要成分是肽聚糖，而真菌细胞壁的主要成分是几丁质。」——以不同生物细胞壁成分不同为对象，与节点边界同句,slice-05
BIOLOGY,细胞壁,bio-mo-cell-126,细胞壁,,KEEP,正文：「1. 植物细胞的壁也并不是完全的全透性。」——以细胞壁全透性的限度为对象，属细胞壁的特性面,slice-05
BIOLOGY,细胞壁,ext-bio-1bb1c59fbe-003,细胞壁,,KEEP,正文：「植物细胞壁的主要成分是纤维素和果胶。」——以细胞壁的成分、形成、去除方法、全透性与不同生物差异为对象,slice-05
BIOLOGY,细胞壁,ext-bio-81d7a60554-002c,细胞壁,,KEEP,正文：「合成时期：有丝分裂末期（细胞板由中央向四周扩展形成细胞壁）。」——以植物细胞壁的成分、合成场所/时期、去除方法与全透性为对象,slice-05
BIOLOGY,细胞壁,ext-bio-cebcb9d917-003d,细胞壁,,KEEP,正文：「**分布与功能**：几丁质是昆虫外骨骼和真菌细胞壁的重要成分。」——以几丁质与真菌细胞壁为对象，正对节点边界「不同生物细胞壁的主要成分不同（植物、真菌与细菌各有差异）」,slice-05
BIOLOGY,细胞核的结构和功能,bio-fj-05-chromatin-chromosome,细胞核的结构和功能,,KEEP,正文：「1. 染色质和染色体是同一种物质（DNA和蛋白质）在不同时期的两种状态。」——以染色质与染色体的关系为对象，属核内组分,slice-05
BIOLOGY,细胞核的结构和功能,bio-fj-05-enucleated-amoeba,细胞核的结构和功能,,KEEP,正文：「4. 说明细胞核控制细胞的代谢和遗传。」——以变形虫去核/植核实验为对象，结论落在核的控制作用,slice-05
BIOLOGY,细胞核的结构和功能,bio-fj-05-nuclear-pore-complex,细胞核的结构和功能,,KEEP,正文：「1. 核孔复合体是特殊的跨膜运输蛋白质复合体，双向选择性亲水通道。」——以核孔复合体的双功能与双向性为对象，核孔属核结构,slice-05
BIOLOGY,细胞核的结构和功能,bio-fj-05-nucleus-distribution,细胞核的结构和功能,,KEEP,正文：「1. 高等植物成熟的筛管细胞没有细胞核。」——以哪些细胞没有细胞核为对象，属核的分布面,slice-05
BIOLOGY,细胞核的结构和功能,bio-fj-05-nucleus-function-experiments,细胞核的结构和功能,,KEEP,正文：「1. 美西螈细胞核移植：皮肤颜色遗传受细胞核控制（未设对照）。」——以四个经典实验证明核功能为对象,slice-05
BIOLOGY,细胞核的结构和功能,bio-fj-05-nucleus-structure,细胞核的结构和功能,,KEEP,正文：「1. 核膜：双层膜，把核内物质与细胞质分开。」——以核膜/核仁/染色质等核结构组成为对象,slice-05
BIOLOGY,细胞核的结构和功能,bio-fx-nuclear-male-sterility,细胞核的结构和功能,雄性不育的类型,REBIND,材料正文原句：「1. 显性核不育：含显性不育基因即表现为雄性不育。」——对象是核基因控制的雄性不育的遗传类型（显性/隐性核不育、遵循孟德尔定律），标题含「细胞核」但所讲不是细胞核的结构与功能；现库有『雄性不育的类型』节点，边界正是核不育与细胞质不育的区分,slice-05
BIOLOGY,细胞核的结构和功能,bio-kb-chromatin-chromosome-same-substance,细胞核的结构和功能,,KEEP,正文：「1. 同一物质（DNA和蛋白质）在不同时期的两种状态：分裂间期呈染色质（细丝状），分裂期呈染色体。」——以染色体与染色质的关系为对象，染色质是该节点的结构组分之一,slice-05
BIOLOGY,细胞核的结构和功能,bio-kb-nucleus-control-experiments,细胞核的结构和功能,,KEEP,正文：「1. 伞藻嫁接实验（相互对照）与核移植实验（自身对照）：伞藻“帽”的形状由细胞核控制。」——以四个经典实验的结论为对象，属核功能的实验证据面,slice-05
BIOLOGY,细胞核的结构和功能,bio-kb-nucleus-distribution-exception,细胞核的结构和功能,,KEEP,正文：「1. 除高等植物成熟的筛管细胞和哺乳动物成熟的红细胞等极少数细胞外，真核细胞都有细胞核。」——以真核细胞普遍有核、极少数无核为对象，属细胞核的分布面,slice-05
BIOLOGY,细胞核的结构和功能,bio-kb-nucleus-function-core,细胞核的结构和功能,,KEEP,正文：「1. 功能：细胞核是遗传信息库，是细胞代谢和遗传的控制中心。」——以细胞核的功能（遗传信息库与控制中心）为对象,slice-05
BIOLOGY,细胞核的结构和功能,bio-kb2-05-chromatin-chromosome,细胞核的结构和功能,,KEEP,正文：「染色质和染色体是同一物质不同时期的两种存在状态，主要成分都是DNA和蛋白质；」——以染色质与染色体的关系为对象，属核内组分,slice-05
BIOLOGY,细胞核的结构和功能,bio-kb2-05-nucleus-function,细胞核的结构和功能,,KEEP,正文：「实验证据：伞藻嫁接与核移植实验（帽形由细胞核控制）、黑白美西螈核移植、蝾螈受精卵横缢、变形虫切割实验。」——以核功能及其实验证据为对象（教师版同文）,slice-05
BIOLOGY,细胞核的结构和功能,bio-kb3-f3-s3-3-n01,细胞核的结构和功能,,KEEP,正文：「除高等植物成熟的筛管细胞和哺乳动物成熟的红细胞等极少数细胞外，真核细胞都有细胞核。」——同核分布条，以真核细胞普遍有核为对象,slice-05
BIOLOGY,细胞核的结构和功能,bio-kb3-f3-s3-3-n02,细胞核的结构和功能,,KEEP,正文：「细胞核的功能：细胞核是遗传信息库，是细胞代谢和遗传的控制中心。」——以核的功能为对象,slice-05
BIOLOGY,细胞核的结构和功能,bio-kb3-f3-s3-3-n03,细胞核的结构和功能,,KEEP,正文：「美西螈核移植实验、伞藻嫁接和核移植实验表明细胞核控制着细胞的遗传，蝾螈受精卵横缢实验、变形虫切割实验和核移植实验表明细胞核控制着细胞的代谢。」——以核移植/嫁接实验结论为对象，属核功能证据,slice-05
BIOLOGY,细胞核的结构和功能,bio-kb3-f3-s3-3-n04,细胞核的结构和功能,,KEEP,正文：「核膜：具有双层膜，把核内物质与细胞质分开。」——以核膜为对象，属核结构,slice-05
BIOLOGY,细胞核的结构和功能,bio-kb3-f3-s3-3-n05,细胞核的结构和功能,,KEEP,正文：「染色质因容易被碱性染料染成深色而得名，主要由DNA和蛋白质组成，DNA是遗传信息的载体；细胞核中的DNA就像细胞生命活动的“蓝图”。」——以染色质的得名、组成与载体作用为对象，属核内组分,slice-05
BIOLOGY,细胞核的结构和功能,bio-kb3-f3-s3-3-n06,细胞核的结构和功能,,KEEP,正文：「染色质与染色体的区别是染色质和染色体是同一物质在细胞不同时期的两种存在状态。」——以染色质与染色体的关系为对象，属核内组分,slice-05
BIOLOGY,细胞核的结构和功能,bio-kb3-f3-s3-3-n07,细胞核的结构和功能,,KEEP,正文：「核仁的作用是与某种RNA的合成以及核糖体的形成有关。」——以核仁作用为对象，核仁属核结构,slice-05
BIOLOGY,细胞核的结构和功能,bio-kb3-f3-s3-3-n08,细胞核的结构和功能,,KEEP,正文：「核孔：实现核质之间频繁的物质交换和信息交流。」——以核孔为对象，核孔属核结构,slice-05
BIOLOGY,细胞核的结构和功能,bio-kb3-f3-s3-3-n09,细胞核的结构和功能,生物模型的类型,REBIND,材料正文原句：「模型是人们为了某种特定的目的而对认识对象所做的一种简化的概括性的描述，包括物理模型、概念模型、数学模型等；」——对象是模型的三种类型（物理/概念/数学模型）与「照片不是物理模型」的判断口径，与细胞核无关；现库有『生物模型的类型』节点，边界正在于此,slice-05
BIOLOGY,细胞核的结构和功能,bio-kb3-f3-s3-3-n10,细胞核的结构和功能,细胞是基本的生命系统,REBIND,材料正文原句：「细胞既是生物体结构和功能的基本单位，也是生物体代谢和遗传的基本单位。」——对象是细胞作为结构与功能的基本单位/生命系统，全条无细胞核内容；现库有『细胞是基本的生命系统』节点（边界即「以细胞为结构与功能的基本单位…强调细胞是最基本的生命系统」）,slice-05
BIOLOGY,细胞核的结构和功能,bio-kb3-f4-s26-n01,细胞核的结构和功能,,KEEP,正文：「细胞核的分布：除了高等植物成熟的筛管细胞和哺乳动物成熟的红细胞等极少数细胞外，真核细胞都有细胞核。」——以核的分布为对象,slice-05
BIOLOGY,细胞核的结构和功能,bio-kb3-f4-s26-n02,细胞核的结构和功能,,KEEP,正文：「(1)实验一：黑白美西螈核移植实验实验结论：美西螈皮肤颜色是由细胞核控制的，证明细胞核是遗传的控制中心。」——以美西螈核移植实验结论为对象，属核功能证据,slice-05
BIOLOGY,细胞核的结构和功能,bio-kb3-f4-s26-n03,细胞核的结构和功能,,KEEP,正文：「②实验结果：细胞核控制着细胞的分裂、分化。」——以蝾螈横缢实验结论为对象，属核功能证据,slice-05
BIOLOGY,细胞核的结构和功能,bio-kb3-f4-s26-n04,细胞核的结构和功能,,KEEP,正文：「②实验结果：变形虫的摄食、应激性及生长和分裂等各项生命活动都离不开细胞核。」——以变形虫切割实验结果为对象，属核功能证据,slice-05
BIOLOGY,细胞核的结构和功能,bio-kb3-f4-s26-n05,细胞核的结构和功能,,KEEP,正文：「(4)实验四：伞藻嫁接、核移植实验实验结论：伞藻“帽”的形状由细胞核控制，证明了细胞核是遗传的控制中心。」——以伞藻实验结论为对象，属核功能证据,slice-05
BIOLOGY,细胞核的结构和功能,bio-kb3-f4-s26-n06,细胞核的结构和功能,,KEEP,正文：「功能结论细胞核控制着细胞的代谢和遗传。」——以核功能的总结论为对象,slice-05
BIOLOGY,细胞核的结构和功能,bio-kb3-f4-s27-n01,细胞核的结构和功能,,KEEP,正文：「①结构：双层膜(外膜和内膜)。」——以核膜的双层结构为对象，属核结构,slice-05
BIOLOGY,细胞核的结构和功能,bio-kb3-f4-s27-n02,细胞核的结构和功能,,KEEP,正文：「(3)核仁功能：与某种RNA的合成以及核糖体的形成有关。」——以核孔功能与核仁作用为对象，属核结构,slice-05
BIOLOGY,细胞核的结构和功能,bio-kb3-f4-s27-n03,细胞核的结构和功能,,KEEP,正文：「①组成：主要由DNA和蛋白质组成。」——以染色质的组成与功能为对象，属核结构,slice-05
BIOLOGY,细胞核的结构和功能,bio-kb3-f4-s27-n04,细胞核的结构和功能,,KEEP,正文：「b．染色质和染色体是同一物质在细胞不同时期的两种存在状态。」——以染色质与染色体的关系为对象，属核结构,slice-05
BIOLOGY,细胞核的结构和功能,bio-kb3-f4-s27-n05,细胞核的结构和功能,细胞是基本的生命系统,REBIND,材料正文原句：「(1)细胞作为基本的生命系统，其结构复杂而精巧。」——全条讲细胞是一个统一的整体、各组分分工合作、细胞是结构的基本单位，无细胞核内容；现库有『细胞是基本的生命系统』节点,slice-05
BIOLOGY,细胞核的结构和功能,bio-mo-cell-101,细胞核的结构和功能,,KEEP,正文：「2. 细胞核是遗传信息库，是细胞代谢和遗传的控制中心。」——以核分布、核功能、核结构（核膜/核仁/染色质/核孔）连述为对象,slice-05
BIOLOGY,细胞核的结构和功能,bio-mo-cell-102,细胞核的结构和功能,,KEEP,正文：「1. 核仁的作用是与某种RNA的合成以及核糖体的形成有关。」——以核仁、核孔、染色质/染色体为对象，属核结构与组分,slice-05
BIOLOGY,细胞核的结构和功能,bio-mo-cell-103,细胞核的结构和功能,生物模型的类型,REBIND,材料正文原句：「1. 模型的形式很多，包括物理模型、概念模型、数学模型等。」——对象是模型的类型（第二句为建构细胞模型的科学性，近『物理模型的构建方法』），与细胞核无关；现库有『生物模型的类型』节点,slice-05
BIOLOGY,细胞核的结构和功能,bio-mo-cell-104,细胞核的结构和功能,,KEEP,正文：「1. 光学显微镜下最容易注意到的细胞中的一个结构是细胞核，但有极少数细胞中没有核，如高等植物成熟的筛管细胞和哺乳动物成熟的红细胞。」——以核在镜下的可见性与极少数无核细胞为对象，属核分布,slice-05
BIOLOGY,细胞核的结构和功能,bio-mo-cell-105,细胞核的结构和功能,,KEEP,正文：「1. 细胞核是遗传信息库，是细胞代谢和遗传的控制中心。」——以核的功能为对象,slice-05
BIOLOGY,细胞核的结构和功能,bio-mo-cell-107,细胞核的结构和功能,,KEEP,正文：「1. 核孔并非一个简单的孔道，而是由多种蛋白质组成的一个复杂而精细的结构，具有选择性。」——以核孔的结构与选择性为对象，核孔属核结构,slice-05
BIOLOGY,细胞核的结构和功能,bio-mo-cell-108,细胞核的结构和功能,,KEEP,正文：「1. 核仁与某种RNA的合成以及核糖体的形成有关，这并不等于所有细胞中的核糖体都需在核仁内组装。」——以核仁与rRNA/核糖体形成及核糖体组装例外为对象，属核结构,slice-05
BIOLOGY,细胞核的结构和功能,bio-mo-cell-109,细胞核的结构和功能,,KEEP,正文：「1. 没有细胞核，细胞不能生长和分裂。」——以无核细胞的后果为对象，属核的功能面,slice-05
BIOLOGY,细胞核的结构和功能,bio-mo-cell-membrane-005,细胞核的结构和功能,,KEEP,正文：「1. 细胞核的结构：①核膜：双层膜，作用是把核内物质与细胞质分开。」——以核膜/染色质/核仁/核孔四项结构为对象,slice-05
BIOLOGY,细胞核的结构和功能,bio-mo-cell-membrane-006,细胞核的结构和功能,,KEEP,正文：「1. 染色体和染色质是同一种物质在细胞不同时期的两种存在状态。」——以染色质与染色体的关系为对象（末句建构模型为其附属）,slice-05
BIOLOGY,细胞核的结构和功能,ext-bio-1bb1c59fbe-004,细胞核的结构和功能,,KEEP,正文：「- 是核质交换的双向选择性亲水通道，是一种特殊的跨膜运输蛋白质复合体。」——以核孔复合体、核膜核仁变化、核孔选择性与代谢关系为对象，全条在核结构与核孔,slice-05
BIOLOGY,细胞核的结构和功能,ext-bio-1bb1c59fbe-004b,细胞核的结构和功能,,KEEP,正文：「细胞核是遗传信息库，是细胞代谢和遗传的控制中心；DNA 上储存着遗传信息，遗传信息就像细胞生命活动的“蓝图”，这张“蓝图”储藏在细胞核里。」——以染色质与染色体、细胞核的功能为对象（末节细胞地位为附属块）,slice-05
BIOLOGY,细胞核的结构和功能,ext-bio-1bb1c59fbe-005,细胞核的结构和功能,,KEEP,正文：「伞藻“帽”的形状是由细胞核控制的，说明细胞核是遗传的控制中心。」——以伞藻与美西螈核移植实验结论为对象，属核功能证据,slice-05
BIOLOGY,细胞核的结构和功能,ext-bio-24553426a1-003,细胞核的结构和功能,,KEEP,正文：「| [A]核膜 | (1)双层膜 将核内物质与细胞质分开；(2)具有选择透过性。」——主体（第二、三节）为细胞核结构与核孔运输（约八成正文），首节生物膜系统为附属块（邻近节点），判该节点为主,slice-05
BIOLOGY,细胞核的结构和功能,ext-bio-3199bef3a3-003c,细胞核的结构和功能,,KEEP,正文：「1 核被膜 核被膜（核膜）是双层膜 有利于核内环境的相对稳定 把核内物质与细胞质分开。」——逐条辨析核被膜/核孔复合体/核仁/染色质四项，正是该节点的结构组分,slice-05
BIOLOGY,细胞核的结构和功能,ext-bio-3199bef3a3-004,细胞核的结构和功能,,KEEP,正文：「1 核膜的层数 核被膜（核膜）是内、外两层膜构成的双层膜 不是单层膜 核膜把核内物质与细胞质分开 有利于核内环境的相对稳定。」——以核膜层数与核孔选择透过性为对象，属核结构易错面,slice-05
BIOLOGY,细胞核的结构和功能,ext-bio-81d7a60554-009,细胞核的结构和功能,,KEEP,正文：「（4）伞藻嫁接与核移植实验：嫁接实验只能证明帽的形状与假根有关，核移植实验说明帽的形状由细胞核决定，从而说明细胞核是遗传的控制中心。」——以四个经典实验的结论为对象，属核功能证据,slice-05
BIOLOGY,细胞核的结构和功能,ext-bio-81d7a60554-010,细胞核的结构和功能,,KEEP,正文：「细胞核的功能：细胞核是遗传信息库，是细胞代谢和遗传的控制中心。」——以核的四项结构与核功能及易错提醒为对象,slice-05
BIOLOGY,细胞核的结构和功能,ext-bio-81d7a60554-011,细胞核的结构和功能,,KEEP,正文：「（2）大量实验证明，凡是无核的细胞既不能生长也不能分裂，如哺乳动物成熟的红细胞；人工去掉细胞核的细胞一般不能存活太久，如变形虫去掉细胞核后新陈代谢减弱、运动停止，重新移入细胞核后又能恢复生命活动。」——以无核细胞与核膜核仁周期性变化为对象，结论落在核的控制作用,slice-05
BIOLOGY,结束后-应将耐药菌-培养基-纸片等进行高温灭菌处理-防止对环境造成污染,bio-fx-differential-indicator,结束后-应将耐药菌-培养基-纸片等进行高温灭菌处理-防止对环境造成污染,,KEEP,材料讲的鉴别培养基（刚果红、酚红指示剂）正是节点名下的一类培养基及其使用：「刚果红与纤维素形成红色复合物，纤维素被分解后菌落周围出现透明圈」；节点 name=培养基的分类与使用（该节点 slug 是整句、boundary 是另一个节点的内容，属节点元数据损坏，已记 notes、不构成材料改绑理由）。｜材料正文原句（materials[3]）,slice-06
BIOLOGY,翻译,bio-kb-trna-anticodon-structure-function,翻译,,KEEP,正文：「2. 一端是携带氨基酸的部位；另一端有3个相邻碱基（反密码子）与mRNA上密码子互补配对。」——以tRNA的结构与反密码子为对象，逐字对上节点边界「涉及tRNA的结构与反密码子」,slice-05
BIOLOGY,翻译,ext-bio-26746c92ba-098b,翻译,,KEEP,正文：「翻译的过程中需借助核糖体实现氨基酸的脱水缩合，具体过程为：核糖体沿 mRNA 按 $5'\\rightarrow 3'$ 的方向移动，tRNA 不断与 mRNA 配对结合，其上的氨基酸在核糖体上进行脱水缩合，从而根据 mRNA 序列合成肽链；翻译过程中密码子、反密码子与氨基酸形成一一对应关系。」——以密码子、tRNA 与核糖体上合成肽链为对象，即节点的「翻译的过程」,slice-05
BIOLOGY,翻译,ext-bio-26746c92ba-099,翻译,,KEEP,正文：「分析这类题目时先明确：反密码子与密码子的配对中，密码子前两对碱基严格遵循碱基互补配对原则，第三对有一定自由度，如密码子第三个碱基 A、U、C 都可以与反密码子第一个碱基次黄嘌呤（I）配对。」——以反密码子与密码子配对的灵活性为对象，属翻译中的配对辨析,slice-05
BIOLOGY,翻译,ext-bio-2e2f39614d-002c,翻译,,KEEP,正文：「翻译的定义：游离在细胞质中的各种氨基酸，以mRNA为模板合成具有一定氨基酸顺序的蛋白质的过程。」——以翻译的定义、模板、原料与场所为对象,slice-05
BIOLOGY,翻译,ext-bio-2e2f39614d-003,翻译,,KEEP,正文：「翻译的条件：模板mRNA、氨基酸、ATP、酶、tRNA和核糖体。」——以翻译的条件与核糖体位点上的肽链延伸/终止为对象,slice-05
BIOLOGY,翻译,ext-bio-2e2f39614d-004b,翻译,,KEEP,正文：「多聚核糖体模型：一条mRNA分子上可以相继结合多个核糖体，同时进行多条肽链的合成；图中多条肽链的氨基酸序列相同，因为它们由同一条mRNA作模板；其意义是少量mRNA可以在短时间内合成大量蛋白质，提高翻译效率。」——以多聚核糖体模型与启动子/起始密码子辨析为对象，对上节点边界的多聚核糖体模型与易错辨析,slice-05
BIOLOGY,翻译,ext-bio-6ae920af4a-003,翻译,,KEEP,正文：「一个 mRNA 分子上可相继结合多个核糖体，同时进行多条氨基酸序列完全相同的肽链的合成。」——以tRNA、翻译过程与多聚核糖体为对象，逐字对上节点边界,slice-05
BIOLOGY,自由组合定律的解题规律及方法,ext-bio-636de2a928-028,自由组合定律的解题规律及方法,,KEEP,材料主线是两对基因 F₂ 比的拆分与合并：「从拆开看即：黄色∶浅黄色∶白色 = 1∶2∶1；抗锈病∶感锈病 = 3∶1」，用拆分法处理两对基因的分离比，是节点（PROCEDURE）的拆分法面；同节点已有「拆分法求解自由组合定律问题」「逆向组合法推断亲本基因型」等同族材料。｜材料正文原句（materials[5]）,slice-06
BIOLOGY,非特异性免疫,bio-nested-pcr-two-rounds,非特异性免疫,pcr技术,REBIND,材料通篇是 PCR 技术变体：「两套引物进行两轮 PCR，第二轮的扩增产物才是目的基因片段。」「第二轮：取少量第一轮产物稀释 100~1000 倍作模板，用第二对引物（内引物，结合在第一轮产物内部）扩增 15~30 循环。」；现绑节点「非特异性免疫」是三道防线/生来就有/不针对特定病原体，与材料无一字相关；包内 pcr技术（生物学选择性必修3·第三章 基因工程）边界即「体外特异性扩增DNA片段的技术…引物…每个扩增周期经历变性、复性和延伸三步」。｜材料正文原句（materials[4]）,slice-06
CHEMISTRY,c-si单质的存在形态-物理性质及用途,ext-che-19a4bd3e1e-001,c-si单质的存在形态-物理性质及用途,,KEEP,材料讲碳单质的存在形态与同素异形体：「碳单质的存在形式有金刚石、石墨、无定形碳、足球烯等，它们互为同素异形体，物理性质差异较大而化学性质相似」；节点边界即「碳在自然界中既有游离态又有化合态且有多种同素异形体，硅只有化合态」，首句的碳族价层排布属同族框架。｜材料正文原句（materials[11]）,slice-06
CHEMISTRY,与量有关的离子方程式书写技巧,chem-kb-quantity-related-ionic-equation-techniques,与量有关的离子方程式书写技巧,,KEEP,标题与节点同名、正文即节点三法：「连续型（分步书写法）…竞争型（先强后弱法）…配比型（少定多变法）」，与节点边界按成因分类（连续型、竞争型、配比型）逐条一致。｜材料正文原句（materials[14]）,slice-06
CHEMISTRY,中心原子杂化类型的判断,chem-equivalent-hydrogen-rules,中心原子杂化类型的判断,判断同分异构体数目的常用方法和思路,REBIND,材料三条规则与现绑节点（中心原子杂化类型的判断，边界只讲价层电子对数与σ键数+孤电子对数判 sp/sp2/sp3）无关：「①同一碳原子上的氢原子等效；②同一碳原子所连的相同基团（如3个-CH3）上的氢原子等效；③位于对称位置上的氢原子等效。一元取代物数目等于分子中不同化学环境的氢原子种类数。」；包内 判断同分异构体数目的常用方法和思路 的边界(3)逐字列「等效氢法…①分子中同一个碳原子上连接的氢原子等效；②同一个碳原子上所连接的甲基氢原子等效；③分子中处于对称位置上的氢原子等效」，别名亦有「等效氢法判断一取代物数目」。｜材料正文原句（materials[16]）,slice-06
CHEMISTRY,化学与传统文化,chem-fx-tian-gong-kai-wu-zhong-fan-shi-hui-jin-f73x17,化学与传统文化,,KEEP,材料即古籍中的物质判断：「《天工开物》中『凡石灰经火焚炼为用』里的『石灰』指的是CaCO3」「《开宝本草》记载硝石…涉及物质的溶解、蒸发、结晶」；节点边界即「以传统文化（古籍记载、传统工艺）为载体的化学知识辨析」。｜材料正文原句（materials[12]）,slice-06
CHEMISTRY,对数折线图四步法,ext-che-e1f44db337-030,对数折线图四步法,,KEEP,材料是该节点的策略面：「若为多条直线，需要判断各直线所对应的参数，分两步走：第一步…第二步…」，与节点边界「斜率只决定曲线属于哪一类物理量，具体常数要靠特殊点代入」同轴，别名也含「对数图像中直线归属的判断策略」。｜材料正文原句（materials[18]）,slice-06
CHEMISTRY,强电解质与弱电解质,ext-che-4a6b0a9516-002,强电解质与弱电解质,,KEEP,首句主语即节点概念：「在水溶液中能完全电离的电解质是强电解质…在水溶液中只能部分电离的电解质是弱电解质」；全篇为概念、类别归属、判断角度三面，与节点边界（物质类别归属、电离方程式、酸式盐电离）同轴。｜材料正文原句（materials[10]）,slice-06
CHEMISTRY,有机合成中碳骨架的构建,ext-che-4dd2e79693-121b,有机合成中碳骨架的构建,,KEEP,材料讲成环这一碳骨架构建方式：「狄尔斯-阿尔德反应…得到环加成产物，构建了环状碳骨架」；节点边界(3)逐条列「成环反应：①二元醇成环…⑤利用题」，本材料是节点的一个面。｜材料正文原句（materials[13]）,slice-06
CHEMISTRY,氢氧化铝的制备方法,ext-che-2a6b2482d9-006b,氢氧化铝的制备方法,,KEEP,首句『实验室制备 Al(OH)₃ 常用三种方法，共同思路是提供 OH⁻ 但不能让 Al(OH)₃ 溶解。』三条方法『一是向可溶性铝盐中加足量氨水（不用强碱）：Al³⁺＋3NH₃·H₂O==Al(OH)₃↓＋3NH₄⁺，因为 Al(OH)₃ 不溶于弱碱氨水，反应容易控制。』『二是向含 AlO₂⁻ 的溶液中通入过量 CO₂…』末句『三种方法的依据都是 Al(OH)₃ 只溶于强酸强碱、不溶于弱酸弱碱。』＝本节点 boundary『制备时不能用 NaOH 等强碱作沉淀剂，用量不易控制且过量会使 Al(OH)3 溶解』的正面答案；type=METHOD_MODEL ⇒ 判据1/2/4/5 成立。源文件：core/data/src/main/resources/knowledge/moe-2025-teaching-support-v2-07.json,slice-03
CHEMISTRY,热化学方程式,wusan-che-v-6b40dd6b,热化学方程式,,KEEP,标题与节点同名、正文即节点的书写规则面：「③注明各物质的聚集状态，固态为s、液态为l、气态为g…⑤ΔH单位中的mol⁻¹指每摩尔反应…⑥化学计量数加倍则ΔH也加倍」，与节点边界（标注聚集状态、注明反应热数值与符号）一致。｜材料正文原句（materials[15]）,slice-06
CHEMISTRY,熟练掌握溶解-过滤-蒸发等操作-认识化学方法在物质分离和提纯中的重要作用,chem-filtration-operation-points,熟练掌握溶解-过滤-蒸发等操作-认识化学方法在物质分离和提纯中的重要作用,,KEEP,材料是节点的一个操作面（过滤）：「操作要点：一贴（滤纸润湿紧贴漏斗内壁）；二低（滤纸边缘低于漏斗边缘、液面低于滤纸边缘）；三靠…」；节点 name=物质分离提纯的常用方法，边界自称「涵盖操作要点与解题步骤」，别名含「过滤操作要点：一贴二低三靠」（节点 slug 是整句，已记 notes）。｜材料正文原句（materials[19]）,slice-06
CHEMISTRY,电解原理易错点,chem-kb-electrode-discharge-order,电解原理易错点,,KEEP,正文『阳极（惰性）放电顺序：S2－＞I－＞Br－＞Cl－＞OH－等，最常用Cl－＞OH－。』『阴极放电顺序：Ag＋＞Cu2＋＞H＋（酸）；K＋、Ca2＋、Na＋、Mg2＋、Al3＋在水溶液中不放电，故不能用电解水溶液的方法制得这些金属。』与本节点 boundary 第(3)条『②最常用、最重要的放电顺序是阳极：Cl－＞OH－；阴极：Ag＋＞Cu2＋＞H＋。③电解水溶液时，K＋～Al3＋不可能在阴极放电…』近乎逐字同义；首句『活性电极（金属活动性顺序中Ag及以前的金属如Zn、Fe、Cu、Ag）作阳极时电极本身先失电子』落在 boundary 第(1)条 ⇒ 判据1/4/5 成立。源文件：core/data/src/main/resources/knowledge/moe-2025-teaching-support-v2-03.json,slice-03
CHEMISTRY,电解原理易错点,ext-che-1422ee20c2-065b,电解原理易错点,,KEEP,正文『阳极（铜）：**铜本身失电子**：$\mathrm{Cu}-e^-=\mathrm{Cu^+}$，生成的 $\mathrm{Cu^+}$ 与溶液中的 $\mathrm{Cl^-}$ 结合为难溶的 $\mathrm{CuCl}$，阳极区出现**白色浑浊**而溶液不变蓝——说明生成的 $\mathrm{Cu^+}$ 并没有大量被氧化为 $\mathrm{Cu^{2+}}$。』『当铜电极表面因快速生成 $\mathrm{Cu_2O}$ 而**钝化**后，阳极反应转变为溶液中的 $\mathrm{OH^-}$ 失电子』＝本节点 boundary 第(1)条『金属活动性顺序中银以前的金属(含银)作电极时，由于金属本身可以参与阳极反应，称为金属电极或活性电极(如Zn、Fe、Cu、Ag等)』的展开 ⇒ 判据4 成立；材料自述 boundaryMarkdown『“阳极一定是溶液中的阴离子失电子”是错的』亦属电解易错点 ⇒ 判据2 成立。旁注：词面候选判据 C1′（own-title-alias-only）在本条是假阳性——§4.2 五条不含『标题必须含节点名』的硬条、第4条（boundary 能框住）已成立 ⇒ 维持。源文件：core/data/src/main/resources/knowledge/moe-2025-teaching-support-v2-02.json,slice-03
CHEMISTRY,电解原理易错点,ext-che-3bca327ab1-003,电解原理易错点,,KEEP,正文『1. 在水溶液中，含氧酸根离子（如 NO3-、SO4^2-、CO3^2-）与 F- 一般不放电。』『2. 电解水溶液时，K+~Al3+ 不可能在阴极放电，即不能用电解水溶液的方法得到金属 K、Ca、Na、Mg、Al。』与本节点 boundary 第(3)③条同义；『易错警示：氧化性、还原性的强弱受试剂浓度、反应温度、溶液酸碱性等外界因素的影响，放电顺序并非一成不变、具体应用时要结合试题情境加以分析』正对『易错点』的名；标题《放电顺序的应用限制与易错点》含节点名核心词 ⇒ 判据1/2/4/5 成立。源文件：core/data/src/main/resources/knowledge/moe-2025-teaching-support-v2-07.json,slice-03
CHEMISTRY,电解原理易错点,ext-che-3bca327ab1-005,电解原理易错点,,KEEP,正文『2. 阴极不管是什么材料，电极本身都不反应，一定是电解质溶液（或熔融电解质）中的阳离子放电。』与本节点 boundary 第(3)①条『阴极不管是什么材料，电极本身都不反应，一定是溶液(或熔融电解质)中的阳离子放电』近乎逐字；首句『两项容易漏掉的检查：』及其第1条『电解质溶液中未参与放电的离子，是否会与放电后生成的离子发生反应（即离子共存问题）』也响应 boundary 第(2)条『在溶液中是靠离子移动导电』的邻域；标题《电解分析中易漏的两项检查》＝易错点自述 ⇒ 判据1/2/4 成立。源文件：core/data/src/main/resources/knowledge/moe-2025-teaching-support-v2-07.json,slice-03
CHEMISTRY,电解原理易错点,ext-che-62064c1daf-014b,电解原理易错点,,KEEP,正文『③冶炼铝：2Al₂O₃(熔融、冰晶石)--电解-->4Al+3O₂↑，阳极反应为 2O²⁻-4e⁻=O₂↑，阴极反应为 Al³⁺+3e⁻=Al。④不用 AlCl₃ 冶炼铝的原因：AlCl₃ 为共价化合物，熔融状态下不导电。⑤冰晶石的作用：作助熔剂，节能。』正对本节点 boundary『③电解水溶液时，K＋～Al3＋不可能在阴极放电，即不可能用电解水溶液的方法得到K、Ca、Na、Mg、A1等金属。』的熔融电解侧；type=MISCONCEPTION_GUIDE＋标题《熔融电解冶炼钠镁铝的易错点》含节点名核心词『易错点』⇒ 判据2/4/5 成立。旁注：节点『金属材料和金属的冶炼易错点』亦可承接『冶炼』面、但材料落点在『熔融态导电/电解』（④⑤）而非冶炼方法比较 ⇒ 维持现绑。源文件：core/data/src/main/resources/knowledge/moe-2025-teaching-support-v2-02.json,slice-03
CHEMISTRY,电解原理易错点,ext-che-d70850b5c7-004,电解原理易错点,,NONE,两头都占、拿不准：首句『书写电极反应式、电解方程式的一般步骤：』与第1–3步『1. 首先判断阴、阳极，分析阳极材料是活性电极还是惰性电极。』『2. 再分析电解质水溶液的组成，找全离子并分为阴、阳离子两组，不要忘记水溶液中的H⁺和OH⁻。』『3. 排出阴、阳两极的放电顺序：阳极常用顺序为Cl⁻＞OH⁻，阴极常用顺序为Ag⁺＞Cu2⁺＞H⁺。』近乎逐字落在另一节点『分析电解过程的思维程序』的 boundary（『①首先判断阴、阳极，分析阳极材料是惰性电极还是活性电极。②再分析电解质水溶液的组成，找全离子并分阴、阳两组(不要忘记水溶液中的H＋和OH－)。③然后排出阴、阳两极的放电顺序』）⇒ 判据1/5 指向错绑（标题《电极反应式与电解方程式的书写步骤》无『易错』『原理』核心词、首句动作落在『书写』）；但尾部『易错提醒：①阴极不论是什么材料，电极本身都不反应…③电解水溶液时K⁺至Al3⁺不可能在阴极放电…⑤要检查未参与放电的离子是否与放电后生成的离子反应；』又逐条落在本节点 boundary 的(3)①②③ ⇒ 判据4 成立。两节点同属 topic『化学必修第一册·第三章·铁与金属材料』、且候选目标节点已挂同题材料 ext-che-02e43d3aeb-001d《电解池中电极反应式的书写方法》（373 字）、§4.5 去重是否该整条退场亦无人定 ⇒ 留人工裁。源文件：core/data/src/main/resources/knowledge/moe-2025-teaching-support-v2-07.json,slice-03
CHEMISTRY,硫代硫酸钠,ext-che-004850c1e8-015b,硫代硫酸钠,,KEEP,标题与节点同名、正文即节点的物理与化学性质面：「与酸反应生成单质硫并放出SO₂气体」「Na₂S₂O₃是中等强度的还原剂，能被I₂、Cl₂、KMnO₄等氧化剂氧化」「此反应用于定量测定碘」。｜材料正文原句（materials[17]）,slice-06
CHEMISTRY,铁三角-中的转化关系,chem-hj-lvsanjiao-zhuanhua,铁三角-中的转化关系,铝及其化合物之间的性质与应用,REBIND,全文无一处涉铁：首句『Al3+→Al(OH)3：加适量氨水 Al3++3NH3·H2O=Al(OH)3↓+3NH4+，或加适量强碱 Al3++3OH-=Al(OH)3↓。』末句『双水解：Al3++3AlO2-+6H2O=4Al(OH)3↓。』标题《铝三角的转化关系》；本节点 boundary 全为 Fe3＋/Fe2＋ 的氧化还原（『2Fe3＋＋S2－===2Fe2＋＋S↓』『2Fe2＋＋Cl2===2Fe3＋＋2Cl－』）⇒ 判据1/3/5 均不成立（邻近章节的铝素材挂在铁节点）。建议目标节点 boundary『定位：化学必修第一册·第三章 铁 金属材料·综合。铝及其化合物的转化关系(二维图)』能框住四条转化＋双水解的每条原句。落表前按 §4.5 去重：该目标节点已挂 ext-che-947add6b4a-014《铝三角的转化关系》511 字与 ext-che-edc670dfda-014《铝三角的相互转化关系》425 字；备选目标＝含铝物质的制备和转化。源文件：core/data/src/main/resources/knowledge/moe-2025-teaching-support-v2-03.json,slice-03
CHEMISTRY,铁三角-中的转化关系,chem-hj-tiesanjiao-zhuanhua,铁三角-中的转化关系,,KEEP,正文首句『Fe→Fe2+：与弱氧化剂（HCl、CuSO4）反应。』续『Fe2+→Fe3+：Cl2、H2O2（2Fe2++H2O2+2H+=2Fe3++2H2O）、稀硝酸（3Fe2++4H++NO3-=3Fe3++NO↑+2H2O）。』『Fe3+→Fe2+：加 Fe、Cu 或还原性离子（2Fe3++SO2+2H2O=2Fe2++SO42-+4H+；2Fe3++H2S=2Fe2++S↓+2H+）。』标题《铁三角的转化关系》去节点词后无独立主题（只剩『的转化关系』）、三向转化正是本节点 boundary 的正/逆反应 ⇒ 判据1/4/5 成立。源文件：core/data/src/main/resources/knowledge/moe-2025-teaching-support-v2-03.json,slice-03
CHEMISTRY,铁三角-中的转化关系,chem-kb-iron-triangle-transforms,铁三角-中的转化关系,,KEEP,正文首句『Fe2＋→Fe3＋：2Fe2＋＋Cl2=2Fe3＋＋2Cl－、2Fe2＋＋H2O2＋2H＋=2Fe3＋＋2H2O。』次句『Fe3＋→Fe2＋：2Fe3＋＋Fe=3Fe2＋、Cu＋2Fe3＋=Cu2＋＋2Fe2＋、2Fe3＋＋H2S=2Fe2＋＋S↓＋2H＋。』首句主语＝Fe2＋/Fe3＋ 的相互转化、逐条落在本节点 boundary『Fe3＋具有较强的氧化性，可以氧化H2S、S2－、I－、SO2、SO、Fe、Cu 等物质』与『2Fe2＋＋Cl2===2Fe3＋＋2Cl－；2Fe2＋＋H2O2＋2H＋===2Fe3＋＋2H2O』；type=METHOD_MODEL 给的正是本节点的方法（各转化选什么氧化剂/还原剂＋除杂试剂）⇒ 判据1/2/5 成立。源文件：core/data/src/main/resources/knowledge/moe-2025-teaching-support-v2-03.json,slice-03
CHEMISTRY,铁三角-中的转化关系,ext-che-500c33e244-016,铁三角-中的转化关系,,KEEP,正文『1. 硫化氢通入氯化铁溶液产生淡黄色沉淀：$2Fe^{3+}+H_2S=2Fe^{2+}+S \downarrow +2H^+$。』『4. 过氧化氢滴入酸性氯化亚铁溶液：$2Fe^{2+}+H_2O_2+2H^+=2Fe^{3+}+2H_2O$。』『三、规律…$Fe^{3+}$ 处于高价态，遇 Fe、Cu、$HI$、$H_2S$、$H_2SO_3$ 等较强还原性物质被还原为亚铁盐；$Fe^{2+}$ 处于中间价态但常表现还原性，遇 $Cl_2$、$Br_2$、$HNO_3$、酸性 $KMnO_4$、$H_2O_2$ 等强氧化剂被氧化为铁盐。』与本节点 boundary『Fe3＋具有较强的氧化性，可以氧化…』『主要表现还原性，易被氧化剂氧化成Fe3＋』逐条对应；标题含节点名核心词『铁三角的转化关系』⇒ 判据4/5 成立。源文件：core/data/src/main/resources/knowledge/moe-2025-teaching-support-v2-07.json,slice-03
CHEMISTRY,铁三角-中的转化关系,ext-che-78beaac7a8-015,铁三角-中的转化关系,,KEEP,第一节标题即『**一、铁三角**』；正文『$Fe^{3+} \rightarrow Fe^{2+}$：与铁、铜、碘离子等还原剂反应，$2Fe^{3+}+Fe=3Fe^{2+}$。』『$Fe \rightarrow Fe^{2+}$：与盐酸、稀硫酸等较弱的氧化剂反应』；第三节应用『（$Fe^{2+}$ 与 $NO_3^-$ 和 $H^+$、$ClO^-$、$MnO_4^-$ 因氧化还原不能共存；$Fe^{3+}$ 与 $S^{2-}$、$I^-$、$SO_3^{2-}$ 不能共存…）』与本节点 boundary『Fe2＋与MnO、NO(H＋)、ClO－等因发生氧化还原反应而不能大量共存』同义 ⇒ 判据1/4 成立；『价类二维图的三类变化』一节虽比节点 boundary 宽、但实例全部铁内化（『$Fe^{2+}$ 与 $Fe^{3+}$ 遇碱生成氢氧化物』）、属该节点内容的应用面 ⇒ 维持。源文件：core/data/src/main/resources/knowledge/moe-2025-teaching-support-v2-07.json,slice-03
CHEMISTRY,铁三角-中的转化关系,ext-che-aaecb28e19-004,铁三角-中的转化关系,,KEEP,正文首句『铁及其化合物的转化可按“铁三角”（Fe、Fe2＋、Fe3＋）掌握。』随后 ①～⑥ 六向转化（『⑤Fe2＋→Fe3＋（加氧化剂）：2Fe2＋＋Cl2==2Fe3＋＋2Cl－、2Fe2＋＋H2O2＋2H＋==2Fe3＋＋2H2O…』『⑥Fe3＋→Fe2＋（加还原剂）：2Fe3＋＋Fe==3Fe2＋…2Fe3＋＋H2S==2Fe2＋＋S↓＋2H＋』）逐条覆盖本节点 boundary 的两组氧化还原反应；标题即节点名核心词 ⇒ 判据1/2/4/5 成立。源文件：core/data/src/main/resources/knowledge/moe-2025-teaching-support-v2-07.json,slice-03
CHEMISTRY,铁三角-中的转化关系,ext-che-d46a1fe501-013,铁三角-中的转化关系,,KEEP,正文首句『向铁粉中加入稀盐酸制取氢气：$Fe+2H^+=Fe^{2+}+H_2\uparrow$；』末段『转化思路：由铁单质出发，与弱氧化剂（盐酸、CuSO4、S、I2）反应得到+2价铁，与强氧化剂（Cl2、Br2、硝酸）反应得到+3价铁；Fe2+与Fe3+之间通过氧化还原反应相互转化。』9 个方程式全为本节点 boundary 的实例（Fe3＋氧化 Cu/H2S/I－、Fe2＋被 Cl2/H2O2/KMnO4 氧化）⇒ 判据1/2/5 成立；标题《铁三角转化关系与核心离子方程式》去节点词后剩『核心离子方程式』＝节点 boundary 的反应本体、非独立主题。源文件：core/data/src/main/resources/knowledge/moe-2025-teaching-support-v2-07.json,slice-03
CHEMISTRY,铁的化学性质,chem-hj-tie-yufeijinshu-fanying,铁的化学性质,,KEEP,四条反应的反应物均为铁单质（原句「与 O2：点燃 3Fe+2O2=Fe3O4」「与 Cl2：2Fe+3Cl2=2FeCl3（点燃，无论用量多少都生成 FeCl3）」）；它是节点「铁单质参与的反应」的一个面（与非金属单质），不是邻近的其它节点内容。,slice-04
CHEMISTRY,铁的化学性质,ext-che-03eac4cd30-001,铁的化学性质,,KEEP,主体 8 条反应均为铁单质参与（原句「1. 与氯气点燃：$2Fe+3Cl_2=2FeCl_3$（生成＋3价）。」「8. 常温下遇浓硝酸、浓硫酸发生钝化，可用铁制容器盛装运输。」）；前两段物理性质与原子结构（约四分之一）为成分前引，未取代化学反应这一主体。,slice-04
CHEMISTRY,铁的化学性质,ext-che-10003de2c3-003b,铁的化学性质,,KEEP,全篇为铁单质的产物价态易错辨析（原句「铁元素性质活泼，主要化合价为 +2 价和 +3 价，产物价态由氧化剂的强弱决定」「铁与 $Cl_2$ 反应只生成 $FeCl_3$，无论氯气是少量还是过量」）；type=MISCONCEPTION_GUIDE 与节点 boundary「主要化学反应及常见易错点」相符。,slice-04
CHEMISTRY,铁的化学性质,ext-che-223c7fdfd7-001,铁的化学性质,,KEEP,四个小标题（与非金属单质、与水蒸气、与酸、与盐溶液）下全部是铁单质反应（原句「- 与 S：加热时 Fe+S=FeS，生成+2价铁。」「- 与稀硝酸：铁少量时 Fe+4H++NO3-=Fe3++NO↑+2H2O；铁过量时 3Fe+8H++2NO3-=3Fe2++2NO↑+4H2O」）。,slice-04
CHEMISTRY,铁的化学性质,ext-che-500c33e244-002,铁的化学性质,,KEEP,标题后半即节点名，正文主体 4 条反应与规律均为铁单质参与（原句「1. 与氯气、硫反应：$2Fe+3Cl_2$ 加热 $2FeCl_3$（生成高价铁），$Fe+S$ 加热 $FeS$（只生成 $+2$ 价铁）。」，材料原文用 xrightarrow 记号）；开篇一句物理性质（「铁具有金属的共性，具有能被磁铁吸引的特性。」）为一句前引。,slice-04
CHEMISTRY,铁的化学性质,ext-che-78beaac7a8-002b,铁的化学性质,,KEEP,四段（氧气、水蒸气、非金属、酸）加规律小结的反应物均为铁单质（原句「**与氧气**：$3Fe+2O_2$ 点燃 $Fe_3O_4$，剧烈燃烧、火星四射、生成黑色固体。」，材料原文用 xrightarrow 记号）；水蒸气实验的三句细节是该反应的过程性说明，仍在本节点范围内。,slice-04
CHEMISTRY,铁的化学性质,ext-che-aaecb28e19-001b,铁的化学性质,,KEEP,全篇为铁单质参与的反应（生锈、O2、Cl2、Br2、I2、S、水蒸气、非氧化性酸、氧化性酸、盐溶液）（原句「与氯气反应 2Fe＋3Cl2==2FeCl3（产生棕褐色烟，无论铁的用量多少产物都是 FeCl3）」）。,slice-04
CHEMISTRY,铁的化学性质,ext-che-d46a1fe501-002b,铁的化学性质,,KEEP,正文五段（非金属、水、酸、盐溶液、变价规律）均为铁单质参与的反应（原句「与盐溶液：$Fe+2FeCl_3=3FeCl_2$；$Fe+CuSO_4=FeSO_4+Cu$」「变价规律：铁与Cl2反应无论用量多少都生成FeCl3，与盐酸反应生成FeCl2」）；仅末尾 1 句铝热反应为延伸（$2Al+Fe_2O_3$ 高温 $Al_2O_3+2Fe$，材料原文用 xrightarrow 记号），不改变材料的对象。,slice-04
CHEMISTRY,铁的化学性质,wusan-chem-b1c3-iron-chemistry,铁的化学性质,,KEEP,三段全部为铁单质参与的反应（原句「与非金属单质：2Fe + 3Cl₂ →Δ 2FeCl₃；Fe + S →Δ FeS——非金属单质的氧化性强弱决定铁显 +3 还是 +2。」「与水和酸：高温下与水蒸气反应生成 Fe₃O₄ 和 H₂」），与节点 boundary「铁单质参与的反应」一致。,slice-04
CHEMISTRY,镁的化学性质,chem-fx-you-yu-neng-gou-zai-zhong-ran-shao-f17x09,镁的化学性质,,NONE,跨节点混合：首句（=标题与摘要）为节点内反应「④由于Mg能够在CO2中燃烧，所以镁着火时不能用干冰灭火器和泡沫灭火器灭火。」，但正文 125/174 字是另一节点内容「(2)铝与酸、碱反应生成氢气的量的关系 ①等物质的量的Al分别与足量的非氧化性酸(H+)和碱(OH-)反应…」；逐字比对：镁句与 ext-che-29b4143ea2-004b 重复、铝①句与 ext-che-29b4143ea2-004c ① 重复 ⇒ 首要对象不唯一、无唯一改绑目标，留人工（拆条/去重）。,slice-04
CHEMISTRY,镁的化学性质,ext-che-29b4143ea2-004b,镁的化学性质,,KEEP,全篇以镁的燃烧为对象（原句「镁在空气中燃烧除了与O2反应生成MgO外，还会与N2反应生成Mg3N2、与CO2反应生成C和MgO。由于Mg能够在CO2中燃烧，所以镁着火时不能用干冰灭火器和泡沫灭火器灭火。」），节点 boundary 亦明列镁燃烧的特点与灭火注意事项；正文无其它主题。,slice-04
CHEMISTRY,镁的化学性质,ext-che-2a6b2482d9-014,镁的化学性质,,KEEP,首句主语即镁单质、全篇为镁的反应（原句「镁是活泼金属，具有很强的还原性。在空气中燃烧时，镁既能与 O₂ 反应生成 MgO，又能与 N₂ 反应生成 Mg₃N₂，所以燃烧产物是 MgO 与 Mg₃N₂ 的混合物」；末句「也能与浓硫酸、浓硝酸反应，常温下不发生类似铝的钝化」）。,slice-04
CHEMISTRY,镁的化学性质,ext-che-8200320f62-001,镁的化学性质,,NONE,跨节点并列：首段为节点内反应（原句「1. 与氧气反应：$2Mg + O_2 → 2MgO$。」），后半整节「## 重要化合物 氧化镁…氢氧化镁…镁元素在水垢中的存在形式是$Mg(OH)_2$」属镁化合物专题（节点 boundary 明写「区别于镁的化合物专题」），且与 ext-che-8200320f62-001b、chem-fx-mei-de-zhong-yao-hua-he-wu-f17x07（现挂「镁的重要化合物」）内容重复 ⇒ 两段并列、无唯一目标，留人工（拆条：化合物段在候选节点上已有同内容材料）。,slice-04
CHEMISTRY,镁的化学性质,ext-che-8200320f62-009,镁的化学性质,,NONE,跨节点混合：标题与首段以化合物（氮化镁）为首要对象（原句「## 氮化镁的性质 $Mg_3N_2$能与水剧烈反应生成$Mg(OH)_2$沉淀并放出氨气：$Mg_3N_2 + 6H_2O = 3Mg(OH)_2↓ + 2NH_3↑$，所以只能在干态下制取。」），后半「关联结论」主体为镁单质（原句「镁在空气中燃烧时能与$O_2$、$N_2$、$CO_2$反应，产物是$MgO$、$Mg_3N_2$和$C$的混合物；因此镁着火时不能用$CO_2$灭火器或泡沫灭火器扑灭」）⇒ 无唯一目标，留人工（拆条；化合物段的候选节点=镁的重要化合物，其别名含「氮化镁的性质」）。,slice-04
CHEMISTRY,镁的化学性质,ext-che-a4da4e924e-001,镁的化学性质,,KEEP,文首即自陈对象「镁的化学性质（要求能写出化学方程式）」，6 条（O2、N2、盐酸或硫酸、CO2、盐溶液、H2O）全部为镁单质参与的反应（原句「4. 与二氧化碳反应：2Mg+CO2 点燃 2MgO+C，故镁着火不能用 CO2 灭火器灭火。」）。,slice-04
CHEMISTRY,镁的化学性质,ext-che-aa594dae5a-002,镁的化学性质,,KEEP,②③④⑤四条为正文主体且均为镁单质反应（原句「2Mg＋O2—→2MgO（耀眼白光）；3Mg＋N2—→Mg3N2」「2Mg＋CO2—→2MgO＋C（镁着火不能用 CO2 灭火）」）；①原子结构、⑥用途各一句为前引与收尾，不改变材料的对象。,slice-04
CHEMISTRY,镁的化学性质,ext-che-edc670dfda-002,镁的化学性质,,KEEP,第三节「3、化学性质」为主体、六条全部为镁单质反应（原句「- 与 O2：点燃时 2Mg+O2=2MgO，发出耀眼的白光并生成白色固体。」「- 与 CO2：点燃时 2Mg+CO2=2MgO+C，故镁着火不能用二氧化碳灭火器灭火。」）；前两节原子结构与存在、物理性质为成分前引。,slice-04
CHEMISTRY,镁的化学性质,wusan-chem-b1c3-magnesium-chemistry,镁的化学性质,,KEEP,正文四条均为镁单质参与的反应（原句「与 N₂ 点燃生成 Mg₃N₂；与 CO₂ 点燃生成 MgO + C；与 O₂ 点燃生成 MgO；与煮沸的水反应生成 Mg(OH)₂ + H₂」）；末句物理性质为一句前引，节点以镁单质化学性质为主。,slice-04
MATH,不等式的基本性质,math-mo-jiaobing-bu-xingzhi-qingdan,不等式的基本性质,交集与并集,REBIND,材料全篇是集合交并运算性质、与不等式无关：「交集性质：$A\cap B\subseteq A$…并集性质：$A\cup B\supseteq A$…」「由运算结果求参时，若条件含 $A\cup B=B$ 型，转化为包含关系后注意 $A=\varnothing$ 的情况。」；现绑节点「不等式的基本性质」是七条不等式性质（其 boundary 把「交集并集运算性质」写成延伸内容才容下这条材料）；包内 交集与并集（必修一·第一章·集合与常用逻辑用语）边界即「交并运算的基本性质与韦恩图示法」。｜材料正文原句（materials[24]）,slice-06
MATH,函数图象的对称变换,ext-mat-80fe6c0ef5-001l,函数图象的对称变换,,KEEP,材料是该节点的互对称面：「$y=f(x)$ 与 $y=-f(x)$ 的图象关于 $x$ 轴对称」「$y=f(x)$ 与 $y=f(-x)$ 的图象关于 $y$ 轴对称」「$y=a^{x}$…与 $y=\log_{a}x$…的图象关于直线 $y=x$ 对称」；节点边界区分自对称与互对称，本材料属后者（节点别名「两个函数图象之间的对称关系」）。｜材料正文原句（materials[26]）,slice-06
MATH,函数图象的翻折变换,ext-mat-6065724639-001d,函数图象的翻折变换,,KEEP,§4.2-1 首要教学对象｜正文原句「两条翻折规律：一是由函数图象得到“函数值取绝对值”后的图象：把 $x$ 轴下方的部分沿 $x$ 轴翻折到 $x$ 轴上方」「常见错误：把两者混为一谈。」,slice-07
MATH,函数图象的翻折变换,ext-mat-80fe6c0ef5-001x12,函数图象的翻折变换,,KEEP,§4.2-1 首要教学对象｜正文原句「### 一、由 $y=f(x)$ 到 $y=|f(x)|$ 保留 $x$ 轴上及 $x$ 轴上方的图象，将 $x$ 轴下方的图象翻折上去。」标题与节点同名。,slice-07
MATH,函数图象的翻折变换,ext-mat-91e0c2ace8-016b,函数图象的翻折变换,,KEEP,§4.2-1 首要教学对象｜正文原句「**① 下翻上**：以 $g(x)=|f(x)|$ 为例，只需把 $f(x)$ 图象中 $f(x)<0$ 部分的图形沿 $x$ 轴翻折上来」「**② 右翻左**：以 $g(x)=f(|x|)$ 为例」——标题与节点同名；候选行 own-subject-detached 属机械口径把公式首行当主语所致，材料本身正是节点面。,slice-07
MATH,函数图象的翻折变换,ext-mat-a0656377b5-004b,函数图象的翻折变换,,KEEP,§4.2-1 首要教学对象｜正文原句「**两种翻折**：① $y=|f(x)|$：先画 $y=f(x)$，保留 $x$ 轴及其上方的部分，把 $x$ 轴下方的部分沿 $x$ 轴翻折到上方」「② $y=f(|x|)$：先画 $y=f(x)$ 在 $y$ 轴右侧的部分并去掉左侧，再把右侧部分沿 $y$ 轴翻折到左侧，所得图象关于 $y$ 轴对称，函数为偶函数。」后两段（含绝对值方程、四个根成对）落在节点边界明写的【含参数时注意水平直线与翻折图象相切】范围内。,slice-07
MATH,函数极值与最值的关系,ext-mat-04db4c6b00-003,函数极值与最值的关系,,KEEP,标题与节点同轴、正文即节点的核心辨析：「函数的极值是局部概念…函数的最值是整体概念…极大值不一定比极小值大，极大值也不一定是最大值」，与节点边界(1)(2)（整体概念、开区间唯一极值即最值）逐句对应。｜材料正文原句（materials[29]）,slice-06
MATH,函数极值与最值的关系,math-hj-s35-param-extreme,函数极值与最值的关系,,KEEP,材料是含参最值讨论的操作面：「按参数分类确定单调区间并画草图」「由最值（值域）条件列关于参数的方程或不等式」「检验解是否落在对应讨论分支内」；同节点既有「含参数函数最值的讨论」「由最值求参数（最值在极值点处取到）」「条件最值的消参法与换元法」同类材料。｜材料正文原句（materials[23]）,slice-06
MATH,利用奇偶性求值-将待求函数值或不等式利用奇偶性转化为已知区间上的函数值求解,ext-mat-ad72a3be75-002,利用奇偶性求值-将待求函数值或不等式利用奇偶性转化为已知区间上的函数值求解,利用奇偶性求解析式,REBIND,§4.2-1/5 首要教学对象+首句动作｜正文原句「已知奇函数在一侧的解析式，可以利用 $f(x)=-f(-x)$ 求另一侧对称区间上的表达式。」——首段即求对称区间解析式，与目标节点边界【用 $f(-x)=-f(x)$ 时要先确认 $-x$ 落在已知解析式的区间内】逐句对应；第三段才延伸到零点个数。,slice-07
MATH,利用奇偶性求值-将待求函数值或不等式利用奇偶性转化为已知区间上的函数值求解,math-derivative-closed-interval-max-min-endpoints,利用奇偶性求值-将待求函数值或不等式利用奇偶性转化为已知区间上的函数值求解,利用导数研究函数的最值,REBIND,§4.2-1/5 首要教学对象+首句动作｜正文原句「1. 求出区间内的所有极值点及极值。2. 计算区间端点处的函数值。3. 比较各值大小，最大者为最大值，最小者为最小值。」——全篇与奇偶性无关；目标节点已收 4 条同型《闭区间上求（函数）最值的步骤》，同页同源材料 math-derivative-monotonicity-three-steps 亦现绑该节点。,slice-07
MATH,利用奇偶性求值-将待求函数值或不等式利用奇偶性转化为已知区间上的函数值求解,math-even-function-opposite-interval-monotonicity,利用奇偶性求值-将待求函数值或不等式利用奇偶性转化为已知区间上的函数值求解,利用奇偶性与单调性解不等式,REBIND,"§4.2-1/5 首要教学对象+首句动作｜正文原句「1. 偶函数 $f(x)$ 在 $(-b,-a)$ 与 $(a,b)$ 上单调性相反。2. 若 $f(x)$ 在 $[0,+\infty)$ 上递增，则 $f(A)<f(B)\Leftrightarrow|A|<|B|$；递减时不等号反向。3. 解绝对值不等式得自变量范围。」——全篇动作落在解不等式（脱 f、去绝对值），不是求值；目标节点已收同型材料《用奇偶性加单调性解抽象不等式》。",slice-07
MATH,利用奇偶性求值-将待求函数值或不等式利用奇偶性转化为已知区间上的函数值求解,math-fx-geijiao-qiuzhi-chaiteshu,利用奇偶性求值-将待求函数值或不等式利用奇偶性转化为已知区间上的函数值求解,三角恒等变换,REBIND,"§4.2-1 首要教学对象｜正文原句「1. 拆分：找目标角与特殊角（$30°,45°,60°,90°$ 等）的和差倍半关系，如 $15°=45°-30°$、$75°=45°+30°$」——对象是非特殊角的求值拆分；目标节点已收《给角求值的三个处理方向》《给角求值的拆分与凑角》（该节点 55 条材料，已远超 §4.4 的 4 条上限，旁车登记）。",slice-07
MATH,利用奇偶性求值-将待求函数值或不等式利用奇偶性转化为已知区间上的函数值求解,math-fx-jidi-youxian-sixiang,利用奇偶性求值-将待求函数值或不等式利用奇偶性转化为已知区间上的函数值求解,平面向量基本定理,REBIND,§4.2-1/5 首要教学对象+首句动作｜正文原句「1. 基底选择原则：选已知长度、夹角的向量（如矩形邻边、菱形边）」「2. 唯一性转化：若 $x\vec{e_1}+y\vec{e_2}=x'\vec{e_1}+y'\vec{e_2}$（基底不共线），则 $x=x'$ 且 $y=y'$，由此列方程组求参数。」——全篇讲平面向量的基底表示与表示唯一性，与奇偶性无关。,slice-07
MATH,利用奇偶性求值-将待求函数值或不等式利用奇偶性转化为已知区间上的函数值求解,math-fx-qiou-qioujiexi-buquan,利用奇偶性求值-将待求函数值或不等式利用奇偶性转化为已知区间上的函数值求解,利用奇偶性求解析式,REBIND,§4.2-1/5 首要教学对象+首句动作｜正文原句「1. 奇函数：$x>0$ 时 $f(x)=g(x)$，则 $x<0$ 时 $f(x)=-g(-x)$；偶函数时 $f(x)=g(-x)$。2. 补全：奇函数定义域含 0 时补 $f(0)=0$」——对象是求解析式与补全定义；目标节点已收同型《用奇偶性求对称区间的解析式》。,slice-07
MATH,利用奇偶性求值-将待求函数值或不等式利用奇偶性转化为已知区间上的函数值求解,math-hj-fenshi-budengshi-jiefa,利用奇偶性求值-将待求函数值或不等式利用奇偶性转化为已知区间上的函数值求解,分式不等式的解法,REBIND,§4.2-1 首要教学对象｜正文原句「$\frac{f(x)}{g(x)}>0(<0)\Leftrightarrow f(x)g(x)>0(<0)$；$\frac{f(x)}{g(x)}\ge 0(\le 0)\Leftrightarrow f(x)g(x)\ge 0(\le 0)$ 且 $g(x)\ne 0$。」——全篇只讲分式不等式化整式，与奇偶性无关；来源（数学讲义《第5节 一元二次方程、不等式》）属不等式章。,slice-07
MATH,利用奇偶性求值-将待求函数值或不等式利用奇偶性转化为已知区间上的函数值求解,math-hj-s16-fraction-ineq,利用奇偶性求值-将待求函数值或不等式利用奇偶性转化为已知区间上的函数值求解,分式不等式的解法,REBIND,§4.2-1 首要教学对象｜正文原句「1. $\dfrac{f(x)}{g(x)}>0\Leftrightarrow f(x)g(x)>0$」「2. 带等号：$\dfrac{f(x)}{g(x)}\ge0\Leftrightarrow f(x)g(x)\ge0$ 且 $g(x)\ne0$。」与上一条同题同源（《第一章 §1.6 一元二次方程、不等式》）；同域近重复节点【分式不等式与绝对值不等式的解法】并列登记，选定按 8 条材料的【分式不等式的解法】。,slice-07
MATH,利用奇偶性求值-将待求函数值或不等式利用奇偶性转化为已知区间上的函数值求解,math-hj-s23-parity-param,利用奇偶性求值-将待求函数值或不等式利用奇偶性转化为已知区间上的函数值求解,,KEEP,§4.2-1/5 首要教学对象+首句动作｜正文原句「1. 用对称性把待求点转到已知解析式的区间。2. 求参数：将 $f(-x)=\pm f(x)$ 展开，对比同次项系数」——首句动作正是【利用奇偶性求值】这一节点动作，第 2 步落在节点边界明写的延伸（用奇偶性恒等式求解析式参数）。,slice-07
MATH,利用奇偶性求值-将待求函数值或不等式利用奇偶性转化为已知区间上的函数值求解,math-hj-s24-period-transform,利用奇偶性求值-将待求函数值或不等式利用奇偶性转化为已知区间上的函数值求解,函数的周期性,REBIND,§4.2-1 首要教学对象｜正文原句「1. 由对称、奇偶关系先求出周期 $T$。2. 大数 $n$ 化为 $n\bmod T$ 对应的已知区间点。3. 零点、图象问题只需研究一个周期内的情形再平铺。」——对象是周期 $T$ 的转化用法；同源同节（数学讲义《第二章 §2.4 函数的周期性和对称性》）的兄弟条 math-hj-s24-period-formulas《常见的周期性结论》现绑【函数的周期性】。,slice-07
MATH,利用奇偶性求值-将待求函数值或不等式利用奇偶性转化为已知区间上的函数值求解,math-mo-geizhi-qiuzhi-silu,利用奇偶性求值-将待求函数值或不等式利用奇偶性转化为已知区间上的函数值求解,给值求值问题,REBIND,§4.2-1 首要教学对象｜正文原句「给值求值问题的一般思路：1. 确定已知式子中的角与要求式子中的角是否有关系（能否用已知角表示）」「4. 代入已知的值求出结果。」——对象是三角函数给值求值；目标节点已收《给值求值：角的拆分与符号判断》。,slice-07
MATH,利用奇偶性求值-将待求函数值或不等式利用奇偶性转化为已知区间上的函数值求解,math-mo-qiou-yingyong-sanyong,利用奇偶性求值-将待求函数值或不等式利用奇偶性转化为已知区间上的函数值求解,,KEEP,§4.2-1/5 首要教学对象+首句动作｜正文原句「1. 求函数值：把待求值经奇偶性转化到已知解析式的区间上。」首条即节点核心动作，后两条（求解析式、求参数）在节点边界明写的延伸内。,slice-07
MATH,利用奇偶性求值-将待求函数值或不等式利用奇偶性转化为已知区间上的函数值求解,math-mo-xingzhi-jie-budengshi,利用奇偶性求值-将待求函数值或不等式利用奇偶性转化为已知区间上的函数值求解,利用奇偶性与单调性解不等式,REBIND,§4.2-1/5 首要教学对象+首句动作｜正文原句「把已知不等式利用奇偶性、周期性转化成 $f(A)<f(B)$（或 $>$）的形式，再根据“奇函数在对称区间上单调性相同、偶函数在对称区间上单调性相反”列出关于自变量的不等式（组）」——对象是解抽象不等式（标题即「利用奇偶性与单调性解抽象不等式」，目标节点已收同型《用奇偶性加单调性解抽象不等式》）。,slice-07
MATH,利用奇偶性求值-将待求函数值或不等式利用奇偶性转化为已知区间上的函数值求解,math-teshudian-siyu1-zhuanhua-dao-x,利用奇偶性求值-将待求函数值或不等式利用奇偶性转化为已知区间上的函数值求解,三角函数中ω的取值范围问题,REBIND,"§4.2-1 首要教学对象｜正文原句「利用 $y=\sin t$ 的性质写出对应的特殊点，并反解出 $y=\sin(\omega x+\varphi)$ 的特殊点 $x_1,x_2,\cdots$（用 $\omega$ 表示）」「进而列出不等式（组），从而解得 $\omega$ 的取值范围。」——对象是三角函数中 ω 的取值范围；目标节点已收《利用零点个数求ω的范围》等 5 条同型材料（另有两个近重复节点【三角函数中ω的取值范围的确定方法】【三角函数中ω的求解】，旁车登记）。",slice-07
MATH,对勾函数,ext-mat-1b429dbe88-002b,对勾函数,,KEEP,§4.2-1 首要教学对象｜正文原句「**结论**：函数 $y=x+\dfrac{1}{x}$ 的单调递增区间为 $(-\infty，-1]$ 和 $[1，+\infty)$」「**理解**：这类函数叫对勾函数」——即对勾函数的单调区间面。,slice-07
MATH,对勾函数,ext-mat-3312adec25-006,对勾函数,,KEEP,§4.2-1 首要教学对象｜正文原句「用对勾函数模型解决实际问题时，有两点必须注意：1. 一定要注意函数的定义域。」——对象是【对勾函数模型的应用】（概括）。,slice-07
MATH,对勾函数,ext-mat-34fa3535bf-014,对勾函数,,KEEP,§4.2-1 首要教学对象｜正文首句原句「对勾函数指形如「变量加上常数除以变量」的函数，当两项同号时其图象形如两个对称的勾。」,slice-07
MATH,对勾函数,ext-mat-36955442fd-001b,对勾函数,,KEEP,§4.2-1 首要教学对象｜正文原句「**函数形式**：$y=x+\dfrac{a}{x}$（$a>0$），是最适合用基本不等式直接处理的函数模型。」其后三条性质（值域、单调区间、最值）全部以该函数为对象。,slice-07
MATH,对勾函数,ext-mat-47f6cc7b06-001c,对勾函数,解三角形中的最值与范围问题,REBIND,§4.2-1/5 首要教学对象+首句动作｜正文原句「**流程**：1. **化边为角并求比例系数**：由外接圆半径 $R=\sqrt3$ 与正弦定理得 $a=\frac{b}{\sin B}=2\sqrt3$」「4. **用对勾函数单调性求值域**」——题目主体是解三角形中 $\frac{b^2+a^2}{b}$ 的取值范围，对勾函数只在末步作工具；同源 PDF（培优7 解三角形中的最值和范围问题）的兄弟块 47f6cc7b06-001/-001b/-002、c0a639908a-001/-002b 现绑该节点，其节点边界亦明写【化为角的函数后若出现 $\sin\theta$ 与 $\frac{1}{\sin\theta}$ 同现，用对勾函数单调性】。,slice-07
MATH,对勾函数,ext-mat-47f6cc7b06-005,对勾函数,解三角形中的最值与范围问题,REBIND,§4.2-1/5 首要教学对象+首句动作｜正文原句「3. **化边比**：$\frac ac=\frac{\sin A}{\sin C}=\frac{\sin\left(C+\frac\pi3\right)}{\sin C}=\frac12+\frac{\sqrt3}{2\tan C}$」「4. **换元求值域**：$\frac{a^2+c^2}{ac}=\frac ac+\frac ca$，令 $t=\frac ac\in\left(\frac12，2\right)$」——四步中前三步与结论都在求「比值型代数式」的解三角形取值范围；材料自身 boundaryMarkdown 也只谈化角、消 $\sin A$、端点开闭，未以对勾函数为对象。,slice-07
MATH,对勾函数,ext-mat-80fe6c0ef5-005c,对勾函数,,KEEP,§4.2-1 首要教学对象｜正文原句「### 一、对勾函数 $y=ax+\dfrac{b}{x}$（$a>0、b>0$）图象分两支：第一象限有最低点 $\left(\sqrt{\dfrac{b}{a}}、2\sqrt{ab}\right)$」——第一节以对勾函数为对象；第二节飘带函数包内无对应节点（§4.1 只绑已有节点），维持现绑并在旁车登记。,slice-07
MATH,对勾函数,ext-mat-91e0c2ace8-007,对勾函数,,KEEP,§4.2-1 首要教学对象｜正文原句「**定义**：形如 $f(x)=ax+\frac{b}{x}$（$ab>0$）的函数，当 $a>0$、$b>0$ 时其图象关于原点对称，称为对勾函数。」——定义面材料，节点概念即其对象。,slice-07
MATH,对勾函数,ext-mat-9e525e1bfc-007,对勾函数,,KEEP,§4.2-1/2 首要教学对象+type｜正文原句「函数 $f(x)=x+\dfrac kx$（$k>0$）在 $(0，+\infty)$ 上的最小值取决于 $\sqrt{k}$ 与所给区间 $[a，b]$ 的位置关系」——METHOD_MODEL 给的是对勾函数在给定区间上求最值的分情况步骤。,slice-07
MATH,对勾函数,ext-mat-a0656377b5-001,对勾函数,根据零点个数求参数的方法,REBIND,§4.2-1/5 首要教学对象+首句动作｜正文原句「**换元**：在 $f(x)=2^x+2^{2x}-m$ 中令 $t=2^x$」「**化归**：方程 $t+\frac{4}{t}=m$ 有两个不同的正实根，等价于对勾函数 $g(t)=t+\frac{4}{t}$（$t>0$）的图象与水平直线 $y=m$ 有两个交点。」「**结论**：当 $m>4$ 时直线与函数图象有两个交点，即原方程有两个不同实根，所以 $m$ 的取值范围是 $m>4$。」——材料解的是【由实根个数求参数范围】（本代理概括），对勾函数只在中间一步作工具；同节（2.4 函数的零点与方程的根）讲解册材料《由零点个数求参数范围的三种方法》现绑该节点。,slice-07
MATH,对勾函数,ext-mat-b1b2d080b9-004b,对勾函数,,KEEP,§4.2-1 首要教学对象｜正文首句原句「形如 $f(x)=ax+\frac{b}{x}$（$ab>0$）的函数称为对勾函数，它的图象由两支曲线组成，关于原点对称。」,slice-07
MATH,对勾函数,ext-mat-c0a639908a-002,对勾函数,解三角形中的最值与范围问题,REBIND,§4.2-1/5 首要教学对象+首句动作｜正文首句原句「沿用上一问：$A=\frac{\pi}{3}$，外接圆半径 $\sqrt3$，求 $\frac{b^2+a^2}{b}$ 的取值范围。」其后 1–3 步为「**边化角**」「**确定角的范围**」「**换元**」，第 4 步才「**用对勾函数求值域**」——材料是解三角形题目的解答链。,slice-07
MATH,对勾函数,ext-mat-fea029b401-011,对勾函数,,KEEP,§4.2-1 首要教学对象｜正文首句原句「基本形式 $y=x+\frac{a}{x}$（$a>0$）的性质：（1）是奇函数，图象关于原点对称。」（2）（3）与「图象特征」段均以该函数为对象。,slice-07
MATH,对勾函数,math-mo-duigou-coupei-quzui,对勾函数,,KEEP,"§4.2-1/2 首要教学对象+type｜正文首句原句「对勾型结构 $y=ax+\dfrac{b}{x}$（$a,b>0$）求最值：凑配出对勾后用 $ax+\dfrac{b}{x}\ge2\sqrt{ab}$，取等点 $x=\sqrt{\dfrac{b}{a}}$。」首句主语即对勾结构；METHOD_MODEL 给的就是该结构凑配求最值的步骤。",slice-07
MATH,平方和与立方和公式,ext-mat-91e0c2ace8-066,平方和与立方和公式,,KEEP,正文首句即该节点的推导对象：“因为 $(n+1)^3-n^3=3n^2+3n+1$，所以 $n^2=\frac13\left[(n+1)^3-n^3\right]-n-\frac13$”，全篇收于 $\sum n^2=\frac{n(n+1)(2n+1)}{6}$ 与 $\sum n^3=\left[\frac{n(n+1)}{2}\right]^2$；与节点 boundary「高阶差公式（$(n+1)^3-n^3$ 或 $(n+1)^4-n^4$）并按次数分组、系数容易算错」逐条对应。,slice-08
MATH,指数不等式,math-hj-s15-cauchy,指数不等式,柯西不等式与权方和不等式,REBIND,材料只有柯西不等式本体、与指数不等式解法无关：「$(a^2+b^2)(c^2+d^2)\ge(ac+bd)^2$（实数范围内成立），取等条件 $\dfrac{a}{c}=\dfrac{b}{d}$。」；现绑节点「指数不等式」讨论底数确定/含参时去指数求解与同构变换；包内 柯西不等式与权方和不等式（必修一·第二章·不等式）边界即「…柯西不等式的取等条件 $ad=bc$…都必须验证能取到」，别名含「二维柯西不等式」。｜材料正文原句（materials[28]）,slice-06
MATH,指数函数的常用技巧,math-mo-teshu-hua-changshuhanshu,指数函数的常用技巧,,NONE,材料全文不含指数函数内容：「在利用『特殊化』思想求解某些特定问题（如判断『单调函数』『奇偶函数』命题真假、构造反例）时，不要忘记『常数函数』的妙用」⇒ 判为不以现绑节点为对象；但包内检索未见「特殊化/常数函数/反例构造」类节点（该技巧的同类材料如「排列组合的常用技巧」「四类函数的常用切线放缩不等式清单」也被收进同一节点，属节点成桶），§4.1 只绑已有节点、不新建 ⇒ 无合格 suggested_node_slug，交人工裁定目标节点。｜材料正文原句（materials[25]）,slice-06
MATH,数列的单调性与最值问题,ext-mat-03f08fdd41-002d,数列的单调性与最值问题,,KEEP,正文“**方法二：作差法**　比较相邻两项的大小：计算 $a_{n+1}-a_n$ 的符号，符号变化处即为最大项或最小项所在的位置”——以最大项、最小项的求法为对象。,slice-08
MATH,数列的单调性与最值问题,ext-mat-03f08fdd41-003b,数列的单调性与最值问题,,KEEP,正文“1. 若 $a_n$ 为最大项，则 $a_n\geq a_{n-1}$ 且 $a_n\geq a_{n+1}$”——即本节点 boundary“可比较相邻两项两边夹地定出最值项”的判据面。,slice-08
MATH,数列的单调性与最值问题,ext-mat-139eda59d2-006,数列的单调性与最值问题,,KEEP,正文“**方法一：作差比较法**。计算 $a_{n+1}-a_n$，若对一切正整数 $n$ 都有 $a_{n+1}-a_n>0$，则数列为递增数列”“**由单调性求参数**：把‘递增’转化为 $a_{n+1}-a_n>0$ 对一切 $n$ 恒成立”——以数列增减的判断（本节点 boundary“用作差法或作商法判断其增减”）为首要对象。,slice-08
MATH,数列的单调性与最值问题,ext-mat-139eda59d2-007,数列的单调性与最值问题,,KEEP,正文“**方法一：函数图象法**。把数列视为函数当 $x\in N^{*}$ 时所对应的一列函数值……**方法三：比较法（相邻项比较）**”——以数列最大项与最小项的求法为对象。,slice-08
MATH,数列的单调性与最值问题,ext-mat-298a51ae15-001b,数列的单调性与最值问题,,KEEP,正文“求最大（小）项的方法：① 构造函数并确定其单调性，由函数单调性求出数列的最大项或最小项；② 由不等式组 $a_n\ge a_{n-1}$ 且 $a_n\ge a_{n+1}$ 解出 $n$”——单调性判断与最值项两条主轴均在本节点 boundary 内。,slice-08
MATH,数列的单调性与最值问题,ext-mat-498fe37868-005,数列的单调性与最值问题,,KEEP,正文“令 $f(x)=-\dfrac{1}{3}x^3+2x^2+2x+\dfrac{2}{3}\ (x>0)$……计算相邻整数点的值：$f(6)>0>f(7)$……第 $7$ 项最大”——即节点 boundary“把数列看作定义在正整数集上的函数”下求最值项的手法。,slice-08
MATH,数列的单调性与最值问题,ext-mat-66cdd05410-006b,数列的单调性与最值问题,,NONE,正文“设等比数列各项非零、公比为 $q$：……3. $0<q<1$：$a_1>0$ 时递减；$a_1<0$ 时递增。4. $q<0$：摆动数列，既不递增也不递减”“**判据来源**：由 $a_{n+1}-a_n=a_n(q-1)$”——对象是等比数列自身的单调性判定；包内无该节点（见同轴条 math-fx-dengbi-zengjian-fuhao 的说明），需人工决定建点／改绑／并点。,slice-08
MATH,数列的单调性与最值问题,ext-mat-7f3d9b6870-036,数列的单调性与最值问题,,KEEP,正文“判断数列单调性时有三个关键提醒。1. 作商法的前提……2. 函数与数列的区别……必须逐项比较 $a_{n+1}$ 与 $a_n$ 的大小”——以数列单调性判据的易错提醒为对象，正对本节点的判据轴。,slice-08
MATH,数列的单调性与最值问题,ext-mat-91e0c2ace8-077,数列的单调性与最值问题,,KEEP,正文“数列的最大、最小项或项的取值范围的实质是求函数最值问题”“解不等式组 $a_n\ge a_{n-1}$ 且 $a_n\ge a_{n+1}$（$n\ge 2$）”——即本节点 boundary 的“确定最大项或最小项、单峰时两边夹定最值项”方法面。,slice-08
MATH,数列的单调性与最值问题,ext-mat-982c247417-002,数列的单调性与最值问题,,NONE,正文“数列可以看作关于 $n$（$n\in\mathbf{N}^{*}$）的函数，因此具备函数的某些性质——(1) 单调性……(2) 周期性”＋“两个常用结论：① ……$a_n=S_n-S_{n-1}$（$n\ge2$）……② 若 $a_n$ 最大，则 $a_n\ge a_{n-1}$ 且 $a_n\ge a_{n+1}$”——综述型，跨「数列与函数的关系」「周期数列」「由前n项和求通项」与本节点，讲得比任何单点宽，需人工拆分定归属。,slice-08
MATH,数列的单调性与最值问题,ext-mat-9e21a7e47c-005c,数列的单调性与最值问题,,KEEP,正文“3. **判增减**：注意 $y=\left(\frac12\right)^{n-1}$ 关于 $n$ 递减……当 $a-4<0$（即 $a<4$）时，$\{a_n\}$ 为递增数列，符合题意”——以“由数列的增减性求参数范围”为对象，判增减是本节点的核心动作。,slice-08
MATH,数列的单调性与最值问题,ext-mat-a56cce28f2-003,数列的单调性与最值问题,,KEEP,正文“**两条要求（缺一不可）**　1. **各段分别单调**……2. **衔接处满足不等关系**：左段的末项要小于右段的首项（如 $a_7<a_8$）”“只检验每段递增而不检验衔接处，是分段数列单调性最常见的错误”——以分段数列的单调性（递增条件与参数范围）为对象。,slice-08
MATH,数列的单调性与最值问题,ext-mat-a56cce28f2-005b,数列的单调性与最值问题,,KEEP,正文“1. **作差**：算 $a_{n+1}-a_n$ 并判号……2. **作商**：正项数列中比较 $\dfrac{a_{n+1}}{a_n}$ 与 $1$”“**用途**：判断出的单调性常用于求最值”——判增减再求最值，即本节点的两条主轴。,slice-08
MATH,数列的单调性与最值问题,ext-mat-b5910b42d5-004b,数列的单调性与最值问题,,KEEP,正文“故 $T_n=a_1a_2\cdots a_n$ 最大时需满足 $a_n>1>a_{n+1}$”“**要点**：连乘积的最值由各项与 $1$ 的大小决定”——以数列（前 $n$ 项积 $T_n$）的最值判断为对象，与各项用 $1$ 比较的单调性论证同轴。,slice-08
MATH,数列的单调性与最值问题,ext-mat-b625d39ddf-003,数列的单调性与最值问题,,NONE,正文“数列性质问题的解题流程：1. **分析题目、明确所求**：是单调性？最值？范围？还是证明不等式？……涉及‘对所有 $n$ 成立’的不等式或范围 → 常需分离参数”——综述型元流程，跨单调性／最值／恒成立／不等式证明，包内无对应节点，讲得比本节点宽，需人工定归属。,slice-08
MATH,数列的单调性与最值问题,ext-mat-efa31ffedb-004,数列的单调性与最值问题,,KEEP,正文“第三，两边夹法：由 $a_n$ 不小于前一项且不小于后一项求出最大项对应的项号，最小项同理；该方法适用于‘单峰’型数列”——三种求法即本节点 boundary 的最值判定面。,slice-08
MATH,数列的单调性与最值问题,ext-mat-f3f5f6748c-001,数列的单调性与最值问题,,KEEP,正文“**定义**：数列的单调性是指数列的项随着序号的增加而呈现递增、递减或常数的规律”“**三种判断方法**……1. 作差法……2. 作商法……3. 函数法”——直接以数列单调性的定义与判断为对象。,slice-08
MATH,数列的单调性与最值问题,math-fx-dandiao-dingyi-dengjia,数列的单调性与最值问题,函数的单调性,REBIND,正文“1. 定义：$x_1<x_2$ 时 $f(x_1)<f(x_2)$ 为增函数；$f(x_1)>f(x_2)$ 为减函数（区间 $I\subseteq D$）。2. 等价形式：$\dfrac{f(x_1)-f(x_2)}{x_1-x_2}>0\iff$ 单调递增”——主语是 $f(x)$ 与区间，通篇不出现数列；「函数的单调性」boundary“给出单调性的定义及其两种等价形式”逐字对应（函数单调性↔数列单调性是相邻概念误绑的典型）。,slice-08
MATH,数列的单调性与最值问题,math-fx-dengbi-zengjian-fuhao,数列的单调性与最值问题,,NONE,正文“1. $q>1$：$a_1>0$ 时递增，$a_1<0$ 时递减。……3. $q<0$：各项正负交替，是摆动数列，不具单调性。”——对象是等比数列自身的增减分类；包内没有「等比数列的单调性」节点（「等比数列」boundary 只到定义／判定／证明，「等比数列的常用性质」boundary 五条均不含此），需人工决定建点或并入某等比节点。,slice-08
MATH,数列的单调性与最值问题,math-fx-dengcha-danyan-zuizhi,数列的单调性与最值问题,等差数列前n项和最值问题,REBIND,正文“2. 二次函数法：把 $S_n$ 看成 $n$ 的二次函数（无常数项），由对称轴定最值附近的正整数 $n$。3. 符号法：$S_n$ 最大当且仅当满足 $a_k\ge 0$ 且 $a_{k+1}\le 0$ 的 $k$（$d<0$ 时）”——正是「等差数列前n项和最值问题」boundary 的两条途径（配方转二次函数／由相邻两项的符号变化定位置），材料只谈等差数列的 $S_n$。,slice-08
MATH,数列的单调性与最值问题,math-fx-geizhi-qiuzhi-sanbufa,数列的单调性与最值问题,给值求值问题,REBIND,正文“1. 看角：分析已知角与未知角的关系，确定拆分、组合方式（如 $\beta=(\alpha+\beta)-\alpha$）……4. 变式：目标为 $\sin\alpha\pm\cos\alpha$、$\sin\alpha\cos\alpha$ 型时用和差积关系整体代换。”——是三角恒等变换，与数列无关；包内「给值求值问题」boundary“拆角后的每个角都必须是已知角或特殊角……不判断符号只取正值”与之逐条对应（另有「三角给值求值的换元法」，归属二者需人工择一）。,slice-08
MATH,数列的单调性与最值问题,math-fx-yansheng-shulie-shandai,数列的单调性与最值问题,数列的插项与去项问题,REBIND,正文“1. 插入型：在 $a_n$ 与 $a_{n+1}$ 之间插入 $m$ 个数（等差或等比），新数列共 $n+(n-1)m$ 项（前 $n$ 项原项），分段求和。……3. 删减（公共项）型：剔除与另一数列相同的项”——讲的是插项／去项的项数计算与分组求和；本节点 boundary 只讲增减与最值项，框不住。（同条含公共项，包内另有「数列的公共项问题」，是否拆条留人工）,slice-08
MATH,数列的单调性与最值问题,math-hj-s61-period-mono,数列的单调性与最值问题,,NONE,正文两条“1. 周期：计算前若干项，发现循环后用周期取模定位。2. 单调性：$a_{n+1}-a_n$ 的符号（正项数列也可作商）”——一半讲周期性（属「周期数列的常见形式／周期数列的周期确认与求和要点」轴）、一半讲单调性判断、且全篇不涉及最值，单一归属不成立，留人工决定拆分或改绑。,slice-08
MATH,数列的单调性与最值问题,math-hj-s810-range-extreme,数列的单调性与最值问题,圆锥曲线中的最值或范围问题,REBIND,正文“1. 设参数（斜率 $k$ 或点坐标 $t$）。2. 由联立关系把目标写成参数函数。3. 用函数单调性、均值不等式或几何意义（如 $d\ge0$、判别式）定范围。”——通篇是解析几何（联立、斜率、判别式），零数列内容；包内有「圆锥曲线中的最值或范围问题」（数学选择性必修第一册·第二三章·解析几何），其 boundary“代数法要注意参数范围由判别式和曲线自身的范围共同决定”与之对应。,slice-08
MATH,数列的单调性与最值问题,math-kb-sequence-monotonic-extremum-function-view,数列的单调性与最值问题,,KEEP,正文“将 $a_n=f(n)$ 视为函数在 $n\in\mathbf{N^*}$ 上的取值，分析图象求最值；也可用作差或作商判断单调性；单峰情形可解 $a_n\ge a_{n-1}$ 且 $a_n\ge a_{n+1}$（两边夹）求最大（小）项”——是节点 boundary（正整数集上的函数＋作差作商＋两边夹定最值项）的原句级复述。,slice-08
MATH,数列的单调性与最值问题,math-mo-gonggongxiang-zengjianxiang,数列的单调性与最值问题,数列的公共项问题,REBIND,正文“1. 公共项：两个等差数列的公共项是等差数列，且公差为两公差的最小公倍数；两个等比数列的公共项是等比数列，公比为两公比的最小公倍数次幂。”——首条即公共项的结构，对应「数列的公共项问题」boundary“同一项只能算一次（剔除而不是相加）”；本节点 boundary 不含公共项／插项。（条内另有插项计数，是否拆条留人工）,slice-08
MATH,数列的单调性与最值问题,math-mo-sanyuan-duoyuan-jianyuan,数列的单调性与最值问题,多变量最值问题的解题方法,REBIND,正文“1. 从元的个数角度——关键在于减元处理（代入消元、整体换元、三角换元等）……3. ……把问题转化为整体元的和、积、差、平方和、倒数和等并列结构，再利用均值不等式求解，注意等号取到的条件。”——是多元最值的减元方法，与数列无关；「多变量最值问题的解题方法」boundary“消元或换元后必须写明新变量的取值范围……每种方法的等号成立条件都要单独验证”与之对应（另有「三元均值不等式」，归属二者需人工择一）。,slice-08
MATH,斐波那契数列,ext-mat-11b718ab0f-023,斐波那契数列,,KEEP,正文“**定义**：从第三项起每一项都等于它前面两项之和的数列……称为斐波那契数列，也叫兔子数列、黄金分割数列”，随后给出比奈公式与构造推导——通篇主语是斐波那契数列。,slice-08
MATH,斐波那契数列,ext-mat-11b718ab0f-023b,斐波那契数列,,KEEP,正文“设 $F_1=F_2=1$，则有以下常用恒等式。**前 $n$ 项和**：$\sum\limits_{i=1}^{n}F_i=F_{n+2}-1$”——斐波那契数列的恒等式集，以该节点为对象。,slice-08
MATH,斐波那契数列,ext-mat-11b718ab0f-023c,余数列周期性,,KEEP,候选由词面（标题含“斐波那契数列”）提出；读正文：“斐波那契数列逐项取余后的余数列具有周期性……除以 2：余数列 1，1，0，… 的周期为 3；除以 3：……周期为 8；除以 4：……周期为 6”——与现绑「余数列周期性」boundary 的三条余数列周期逐字一致，且该条的可迁移部分（“先确定周期长度 $T$，再用项数 $n$ 除以 $T$”）正是该节点的通法；本节点「斐波那契数列」boundary（递推／平方和下标／通项含无理数）框不住余数周期 ⇒ 不建议改指（两节点在斐波那契余数事实上重叠，已在旁车 md 登记）。,slice-08
MATH,斐波那契数列,ext-mat-11b718ab0f-024,斐波那契数列,,KEEP,正文“把杨辉三角沿斜对角线方向逐条求和，所得的和依次为 1，1，2，3，5，8，… 正好是斐波那契数列”“相邻两项之比 $\dfrac{F_{n+1}}{F_n}$ 随 $n$ 增大逐渐趋近黄金分割比”——以斐波那契数列与杨辉三角、黄金分割的联系为对象。,slice-08
MATH,斐波那契数列,ext-mat-cf783367fa-009,斐波那契数列,,KEEP,正文“由递推公式给出的这个数列称为斐波那契数列，也称兔子数列”“## 常用结论　……2. $F_1^2+F_2^2+\cdots+F_n^2=F_nF_{n+1}$。3. 通项公式……”——全篇以斐波那契数列为对象。,slice-08
MATH,斐波那契数列,ext-mat-f609e50b38-001,斐波那契数列,,KEEP,正文“把数列 $1$、$1$、$2$、$3$、$5$、$8$、$13$、$21$、$34$、$55$、$89$、$144$、$\cdots$ 称为斐波那契数列，一般记为 $\{F_n\}$”——定义＋递推＋通项＋两条结论，均以该节点为对象。,slice-08
MATH,斐波那契数列,math-kb-fibonacci-sequence-properties,斐波那契数列,,KEEP,"正文“定义：$F_1=F_2=1$，$F_n=F_{n-1}+F_{n-2}$（$n\ge 3$），即 $1,\ 1,\ 2,\ 3,\ 5,\ 8,\ 13,\dots$”——首句主语即节点概念，末句余数周期为附带结论。",slice-08
MATH,斐波那契数列,math-mo-feibonaqi-shulie,等差数列的常用性质,斐波那契数列,REBIND,"候选正确：正文“1. 定义：$a_1=a_2=1$，$a_{n+2}=a_{n+1}+a_n$，前若干项为 $1,1,2,3,5,8,13,21,34,55,\dots$；通项（比内公式）$a_n=\dfrac{1}{\sqrt5}\left[\left(\dfrac{1+\sqrt5}{2}\right)^n-\left(\dfrac{1-\sqrt5}{2}\right)^n\right]$。2. 求和：$S_n=a_{n+2}-1$。3. 余数列的周期性……4. 相邻项平方关系 $a_{n+1}^2-a_na_{n+2}=(-1)^n$”——四条全部是斐波那契数列，零等差数列内容，现绑「等差数列的常用性质」完全不成立。",slice-08
MATH,方程组法-主要解决已知与-的方程-求解析式,ext-mat-b1aceeb4bf-006b,方程组法-主要解决已知与-的方程-求解析式,,KEEP,§4.2-1/2 首要教学对象+type｜正文原句「适用情形：题目给出的关系式中出现了 $f(x)$ 与 $f(-x)$ 的关系式、$f(x)$ 与 $f(\frac{1}{x})$ 的关系式」「再构造出另外一个等式组成方程组，通过解方程组求出 $f(x)$。」标题《构造方程组法求函数解析式》与节点同名同义。,slice-07
MATH,方程组法-主要解决已知与-的方程-求解析式,math-mo-jiexishi-sifa-buchong,方程组法-主要解决已知与-的方程-求解析式,求函数解析式的常用方法,REBIND,§4.2-4 材料比节点宽（专题综述型不合格）｜正文原句「1. 待定系数法：已知函数类型时，设一般式后由恒等条件列方程求系数。」「4. 方程组法：条件含 $f(x)$ 与 $f(-x)$、$f(-x)$ 与 $f(x)$ 等两个式子时，用 $-x$ 代换得第二式联立消元。」——四种方法并列，方程组法只占第 4 条；目标节点已收 4 条同型《求函数解析式的常用方法／四种方法》（【函数解析式的常用求法】为近重复节点，旁车登记）。,slice-07
MATH,由图象确定y=Asin（ωx+φ）的解析式,ext-mat-aea9ac4cd1-015,由图象确定y=Asin（ωx+φ）的解析式,,KEEP,材料是节点的「由周期求 ω」面：「第二步：求 $\omega$。由 $T=\frac{2\pi}{\omega}$ 得 $\omega=\frac{2\pi}{T}$」，与节点别名「由图象的周期求角频率」同一面，其余步骤属读图定参数。｜材料正文原句（materials[20]）,slice-06
MATH,离散型随机变量的方差,ext-mat-ec95317cfd-002d,离散型随机变量的方差,,KEEP,材料首句即节点对象（随机变量的方差）：「方差：$D(X)=(x_1-E(X))^2p_1+\cdots+(x_n-E(X))^2p_n$，它衡量随机变量取值偏离期望的程度」，并给出性质 $D(aX+b)=a^2D(X)$ 与二项分布方差，全在节点边界内。｜材料正文原句（materials[27]）,slice-06
MATH,等比数列的常用性质,ext-mat-66cdd05410-007,等比数列的常用性质,,KEEP,正文“1. 下标和性质：若 $m+n=p+k$……则 $a_ma_n=a_pa_k$。特别地 $a_1a_n=a_2a_{n-1}=\cdots$；$a_n^2=a_{n-1}a_{n+1}$”＋“## 由它导出的结论”（等距抽取／运算／取对数／片段和）——与本节点 boundary（1）—（5）逐条对应。,slice-08
MATH,等比数列的常用性质,ext-mat-89e05e8765-002,等比数列的常用性质,等比数列前项和的常用性质,REBIND,正文“2. 项数奇偶的性质：若数列的项数为 2n，则偶数项之和与奇数项之和的比等于公比 q”“3. 前 n 项和的形式：等比数列 {an} 的前 n 项和可以写成 $S_n=Aq^n-A$（A≠0，q≠1）”——讲的是前 $n$ 项和（含前 $n$ 项积）的性质，本节点 boundary（下标和／等距抽取／运算／取对数）一条都框不住；「等比数列前项和的常用性质」boundary 正含奇偶项和与 $S_n$ 形式两条。,slice-08
MATH,等比数列的常用性质,ext-mat-89e05e8765-003,等比数列的常用性质,,KEEP,正文“1. 若数列 {an} 为等比数列，且 $m_1+m_2+\cdots+m_n=k_1+k_2+\cdots+k_n$，则 $a_{m_1}a_{m_2}\cdots a_{m_n}=a_{k_1}a_{k_2}\cdots a_{k_n}$”——即本节点 boundary（3）所列的“推广”。,slice-08
MATH,等比数列的常用性质,ext-mat-973c5acede-007b,等比数列的常用性质,,KEEP,正文“## 下标和性质　等比数列 $\{a_n\}$ 中，若 $m+n=p+q$（各下标均为正整数），则 $a_m\cdot a_n=a_p\cdot a_q$”——以本节点下标和性质为首要对象（中项性质为连带面）。,slice-08
MATH,等比数列的常用性质,ext-mat-9e21a7e47c-002b,等比数列的常用性质,,KEEP,正文“（1）若 ${a_n}$ 是等比数列，且 $m+n=p+q$，则 $a_m a_n=a_p a_q$……（2）……$a_k$、$a_{k+m}$、$a_{k+2m}$、…是等比数列，公比为 $q^m$。（3）若数列 ${a_n}$、${b_n}$ 是两个项数相同的等比数列，则……”——三条即本节点 boundary（3）（1）（2）。,slice-08
MATH,等比数列的常用性质,ext-mat-b30577bc40-001c,等比数列的常用性质,,KEEP,正文“1. **下标和性质**：若 $m+n=p+q$（$m$、$n$、$p$、$q\in\mathbf{N}^*$），则 $a_m\cdot a_n=a_p\cdot a_q$。”＋派生数列／间隔取项／连续项和积／取对数——六条中五条落在本节点 boundary（1）—（5）。,slice-08
MATH,等比数列的常用性质,ext-mat-b5910b42d5-003,等比数列的常用性质,,KEEP,正文“**性质**：等比数列 $\{a_n\}$ 中若 $m+n=p+q$（各项下标为正整数），则 $a_m\cdot a_n=a_p\cdot a_q$”，并由它化简出 $a_2=1$、$a_7=-2$——首句主语即本节点概念。,slice-08
MATH,等比数列的常用性质,ext-mat-b5910b42d5-004,等比数列的常用性质,,KEEP,正文“由 $a_5a_6+a_4a_7=18$ 及 $a_4a_7=a_5a_6$（下标和 $11=11$）得 $2a_5a_6=18$”“等比数列中与首末等距的两项之积都相等”——方法完全建立在本节点下标和性质上（对数为后续手段）。,slice-08
MATH,等比数列的常用性质,ext-mat-d1097fb408-003,等比数列的常用性质,,KEEP,正文“性质一（下标和）：若 $m+n=p+q$，则 $a_ma_n=a_pa_q$……性质二（等距离抽取）……性质三（线性组合）”——与本节点 boundary 逐条对应。,slice-08
MATH,等比数列的常用性质,ext-mat-d149ea2916-001b,等比数列的常用性质,,NONE,正文“通项公式 $a_n=a_1q^{n-1}$，推广形式 $a_n=a_mq^{n-m}$……前 $n$ 项和：当 $q\neq1$ 时 $S_n=\frac{a_1(1-q^n)}{1-q}$……单调性由首项与公比共同决定”——综述型，跨「等比数列的有关公式」（通项／求和）、本节点（下标和／衍生结论）与包内无归属的等比单调性，讲得比本节点宽，需人工拆分。,slice-08
MATH,等比数列的常用性质,ext-mat-d69c03597e-010,等比数列的常用性质,,KEEP,正文“## 下标和性质　在等比数列中，若 $m+n=p+q$，则 $a_ma_n=a_pa_q$。”＋有穷等比数列与首末等距两项之积相等——以本节点下标和性质为对象。,slice-08
MATH,等比数列的常用性质,ext-mat-efa31ffedb-003c,等比数列的常用性质,,KEEP,正文“第一，相隔等距离的项组成的数列仍是等比数列……第二，下标和性质：若 $m＋n＝p＋q$，则有 $a_m\cdot a_n＝a_p\cdot a_q$——口诀‘下标和相等，项的积也相等’。”——与本节点 boundary（1）（3）（4）对应。,slice-08
MATH,等比数列的常用性质,math-hj-s63-gp-props,等比数列的常用性质,,KEEP,正文“1. $m+n=p+q\Rightarrow a_ma_n=a_pa_q$。”——首条即本节点 boundary（3）下标和性质，为该材料的首要对象（后两条为中项／片段和，属连带面）。,slice-08
MATH,等比数列的常用性质,math-kb-geometric-subscript-sum-property,等比数列的常用性质,,KEEP,正文“若 $m+n=p+q$，则 $a_ma_n=a_pa_q$；特别地 $m+n=2p$ 时 $a_ma_n=a_p^2$”——即本节点 boundary（3）的下标和性质（口诀“下标和相等，项的积也相等”）。,slice-08
MATH,等比数列的常用性质,math-kb-geometric-subsequence-property,等比数列的常用性质,,KEEP,"正文“相隔等距离的项 $a_k,\ a_{k+m},\ a_{k+2m},\dots$ 仍成等比数列，公比为 $q^m$；若 $\{a_n\}$、$\{b_n\}$ 均为等比数列，则 $\{\lambda a_n\}$、$\{a_nb_n\}$、$\left\{\dfrac{a_n}{b_n}\right\}$ 仍是等比数列”——即本节点 boundary（1）（2）。",slice-08
MATH,类周期函数,ext-mat-881c18b644-003b,类周期函数,,KEEP,标题与节点同名、正文即节点定义与处理：「类周期函数是指具有类似周期性，但又不完全遵循周期性规律的函数」「处理方法：①分析类周期函数的形式，找到函数的近似周期…」；节点别名含「类周期函数的定义与处理」。｜材料正文原句（materials[21]）,slice-06
MATH,频率分布直方图,math-hj-s91-frequency-hist,频率分布直方图,,KEEP,标题与节点同名、正文即该图的作法与读数：「步骤：求极差、决定组距与组数、将数据分组、列频率分布表、画图」「每组频率=矩形面积=纵坐标×组距；所有面积之和为1」，与节点边界（纵轴是频率与组距的比值、忘记乘组距是常见错误）同轴（该节点 topic/边界指到必修一第三章，属节点元数据问题，已记 notes）。｜材料正文原句（materials[22]）,slice-06
PHYSICS,φ-x图像-反映了电势随位移变化的规律,ext-phy-b6bd732b19-109,φ-x图像-反映了电势随位移变化的规律,,KEEP,材料即节点边界的两个要点：「画线方法为按单调区间分段，每一段电场线由高电势指向低电势」「过 $\varphi-x$ 图线上某点切线的斜率的绝对值表示电场强度的大小」，与节点边界(1)(2)逐条对应，别名含「φ-x 图像的两步处理」。｜材料正文原句（materials[33]）,slice-06
PHYSICS,万有引力定律的应用,ext-phy-206fb04353-114b,万有引力定律的应用,,KEEP,材料是节点的方法面：「万有引力提供向心力时 有 $G\dfrac{Mm}{r^2}=m\dfrac{v^2}{r}=…$」「(1) 天体质量和密度的估算…(2) 卫星运行参量分析…即『越高越慢』」，与节点边界「把天体的运动看成是匀速圆周运动，其所需向心力由万有引力提供」一致。｜材料正文原句（materials[30]）,slice-06
PHYSICS,力的分解,ext-phy-2fa8d008b4-002,力的分解,,KEEP,「力的分解是力的合成的逆运算…分解的常用方法有两种：按力产生的实际作用效果分解与正交分解」加按效果分解的步骤。,slice-02
PHYSICS,力的分解,ext-phy-3910ec24ef-007,力的分解,,KEEP,「## 定义与法则 求一个已知力的分力，叫作力的分解；它与力的合成互为逆运算」加方法一（按实际作用效果分解三步）与方法二（正交分解建系）。,slice-02
PHYSICS,力的分解,ext-phy-3a8af85e91-007,力的分解,正交分解法,REBIND,通篇正交分解：「## 方法 将已知力按相互垂直的两个方向分解，求出沿每个坐标轴方向的合力」加「## 建系原则」「分解时各力都要带符号（与坐标轴同向为正）」；同文档同型材料『正交分解法的步骤与建系原则』『正交分解建轴原则：尽量多的力落在坐标轴上』现绑『正交分解法』。,slice-02
PHYSICS,力的分解,ext-phy-3a8af85e91-007b,力的分解,,KEEP,「## 三步操作 1. 根据力的实际作用效果确定两个分力的方向。2. 依据两个分力的方向画出平行四边形」——效果分解法（节点两法之一），且全库无独立的『效果分解法』节点可承接。,slice-02
PHYSICS,力的分解,ext-phy-3a8af85e91-008,力的分解,,KEEP,「## 选择原则 1. 物体受到的力在三个及以下时，常按力的效果进行分解；若这几个力中有两个互相垂直，优先选用正交分解法」——正对节点边界的「两种方法的适用情形」。,slice-02
PHYSICS,力的分解,ext-phy-3cf6eab2f0-002,力的分解,,KEEP,「**分解的本质**：力的分解是力的合成的逆运算…**方法一：按实际作用效果分解**…**方法二：正交分解法** 1. 建系原则」——本质加两法。,slice-02
PHYSICS,力的分解,ext-phy-40c49b3ca6-009,力的分解,斜面上圆周运动的类型与处理,REBIND,落点是斜面圆周运动：「物体在斜面上做圆周运动时…把重力沿垂直斜面和沿斜面两个方向分解」而以「这样处理后，斜面内的圆周运动与水平面内的圆周运动形式相同…问题就得到简化」收束；源为《第23讲 圆周运动的临界问题》，重力分解只是手段（『斜面上圆周运动的类型与处理』边界即「必须先把手画或题给的立体图投影到斜面所在的平面内再作受力分析」）。,slice-02
PHYSICS,力的分解,ext-phy-445f88143b-007,力的分解,,KEEP,效果分解步骤加斜面示例，末句「这与正交分解（按选定的坐标轴分解）是两种不同的分解思路」——节点两法之一（效果分解）。,slice-02
PHYSICS,力的分解,ext-phy-445f88143b-008,力的分解,力的分解的多解问题,REBIND,整条为解数讨论：「两个力的合力唯一确定，但一个力的两个分力不一定唯一确定…当 $F_2<F\sin\theta$ 时无解；当 $F_2=F\sin\theta$ 或 $F_2\ge F$ 时有一组解；当 $F\sin\theta<F_2<F$ 时有两组解」；同章已有『力的分解的多解问题』节点承接这一面。,slice-02
PHYSICS,力的分解,ext-phy-485c4ea6f5-018,力的分解,,KEEP,「**正交分解法**…**效果分解法**…**二者的关系** 两种分解都遵从平行四边形定则，分解结果不同但都与原力等效」——两法并列并给选用依据。,slice-02
PHYSICS,力的分解,ext-phy-4d75a98fb3-001b,力的分解,,KEEP,两法并列：「**1. 正交分解法** ① 建系原则…② 步骤…」与「**2. 按实际作用效果分解（以重力为例）**」三实例表；登记：正文第 3 段是完整例题（轻杆/细线/4m 小球），属来源政策（例题不抽）与内容面问题，不属绑定问题。,slice-02
PHYSICS,力的分解,ext-phy-59dd10c06b-006b,力的分解,,KEEP,「1.力的分解是力的合成的逆运算…只有按实际作用效果或按互相垂直的方向分解才有确定结果」加 2 效果分解法、3 正交分解法两法，为节点主体。,slice-02
PHYSICS,力的分解,ext-phy-67e356d572-001c,力的分解,,KEEP,「**定义**：求一个已知力的分力的过程叫做力的分解…**两种分解方法**：1. 按照解决问题需要（按力的作用效果）分解…2. 正交分解」加分解的原则。,slice-02
PHYSICS,力的分解,ext-phy-67e356d572-006,力的分解,,KEEP,「**一、按解决问题需要（按效果）分解**…**二、正交分解法**…**三、方法选取原则**」——两法加选取原则，节点边界。,slice-02
PHYSICS,力的分解,ext-phy-7c281e2eb1-004,力的分解,,KEEP,「## 分解的本质 力的分解是力的合成的**逆运算**…一个力在没有限制条件时可以有无数种分解方式」加「## 两条常见思路（按效果分解／正交分解）」；同章虽有空的『力的分解的本质』节点，但本条还覆盖两条思路与与合成的关系，比该节点宽。,slice-02
PHYSICS,力的分解,ext-phy-7c281e2eb1-005,力的分解,,KEEP,「## 方法一：按力产生的效果分解…## 方法二：正交分解…## 选择建议 物体受三个力且效果明确时用按效果分解更快」——两法加选择，节点边界。,slice-02
PHYSICS,力的分解,ext-phy-9142eeb79f-002c,力的分解,,KEEP,讲的是分解的适用情形：「处理斜面上的平衡问题，一般把力沿斜面方向与垂直斜面方向分解，这样做可以避免解斜三角形」，在节点边界「沿选定坐标轴分解的适用情形」内；登记：同章另有『斜面模型的正交分解建系』（1 条材料）与本条同型，切分粒度留人工。,slice-02
PHYSICS,力的分解,ext-phy-9142eeb79f-025b,力的分解,,KEEP,落点是分解技术：「要点：连续两次分解时第一次得到的垂直分力成为第二次分解的合力，每一步都要重新按平行四边形定则确定方向，不能把两次分解的角度混用」。,slice-02
PHYSICS,力的分解,ext-phy-a91c25d249-003b,力的分解,,KEEP,「力的分解是力的合成的逆运算…（1）按力产生的效果分解…（2）正交分解…建立坐标系的原则」——两法加建系原则，节点边界。,slice-02
PHYSICS,力的分解,ext-phy-c7c6166552-011,力的分解,,KEEP,「①定义：求一个已知力的分力的过程，力的分解是力的合成的逆运算」加②按力产生的效果分解③正交分解两段，正是节点边界声明的定义与两法。,slice-02
PHYSICS,力的分解,ext-phy-d95af4f7b3-003,力的分解,,KEEP,「**按效果分解的步骤** 1. 依据力的实际作用效果确定两个分力的方向。2. 以原力为对角线…作平行四边形」——效果分解法面；正文开头的「分解必须依据力的实际作用效果来确定分力的方向」同属分解自身的依据问题。,slice-02
PHYSICS,力的分解,ext-phy-db2f426334-016,力的分解,,KEEP,「1. 效果分解法…2. 正交分解法…选择依据：分力方向明确、有明显实际作用效果时用效果分解法；多个共点力的问题用正交分解法」——两法与适用情形。,slice-02
PHYSICS,力的分解,ext-phy-eaffbd3f7f-007,力的分解,,KEEP,「**力的分解遵循的规律**：平行四边形定则，它与力的合成互为逆运算」加「**分力方向的确定**：根据力的实际作用效果确定分力的方向」——节点法则与方向确定。,slice-02
PHYSICS,力的分解,ext-phy-eaffbd3f7f-010,力的分解,,NONE,两读并存：首句「题目中存在一个大小和方向都已经确定的力，另有一个方向已知的力，要求施加的第三个力或某个分力的最小值」既读作分力最小值（分解面），也读作三力平衡极值（同章『共点力的平衡临界极值问题——临界条件』可承接）；本条出自《第06讲 力的合成与分解》，落点留人工。,slice-02
PHYSICS,力的分解,ext-phy-eed17c1c1b-005b,力的分解,,KEEP,「定义：求一个已知力的分力的过程叫做力的分解，力的分解是力的合成的逆运算。遵循的原则：平行四边形定则或三角形定则」——节点定义与法则。,slice-02
PHYSICS,力的分解,ext-phy-eed17c1c1b-006,力的分解,,KEEP,「方法一：按力产生的效果分解…方法二：正交分解…合力的大小 $F=\sqrt{F_x^2+F_y^2}$」——两法并列，节点边界内容。,slice-02
PHYSICS,力的分解,ext-phy-f26b1b9e49-007,力的分解,,KEEP,「## 实例一：斜向拉力…## 实例二：绳拉球靠墙…## 实例三：三角支架…先判断力的实际作用效果…两个分力方向就确定了」——按效果分解的实例表征（类型 REPRESENTATION_GUIDE 与内容相符）。,slice-02
PHYSICS,力的分解,ext-phy-f9c8d091e9-003b,力的分解,,NONE,双面材料跨两节点：「**运算法则** 力的分解是力的合成的逆运算」属本节点，「**分解种数的讨论**…必须要有约束条件…**多解与唯一解**」属『力的分解的多解问题』；主体偏解数讨论，落点留人工。,slice-02
PHYSICS,力的分解,ext-phy-f9c8d091e9-004,力的分解,,KEEP,驳 own-title-alias-only：正文即节点面——「**选定分力方向的依据** 1. 题目要求…2. 作用效果…3. 运动状态」讲分解方向如何定，属分解自身的操作判据（标题与节点名零词面只是措辞差异，不是错绑）。,slice-02
PHYSICS,力的分解,ext-phy-f9c8d091e9-004b,力的分解,,KEEP,驳 own-title-alias-only：正文即节点面——「把一个确定的力分解为对称的两个分力时，两个分力的夹角越大，分力越大」与「由 $F_2=F-F_1=F+(-F_1)$ 可知…因此 $|F-F_1|\le F_2\le F+F_1$」讲分力的大小关系与范围，是分解自身的性质。,slice-02
PHYSICS,力的分解,ext-phy-ff426b02e4-009,力的分解,,KEEP,「定义：求一个已知力的分力的过程叫做力的分解；力的分解是力的合成的逆运算」加按效果分解三步与斜面例——节点定义与效果分解面。,slice-02
PHYSICS,力的分解,ext-phy-ff426b02e4-009b,力的分解,正交分解法,REBIND,全条无一句效果分解：「方法：将力沿相互垂直的两个坐标轴分解，进而求出沿坐标轴方向的合力，用于列平衡方程或牛顿第二定律方程」加计算式、建系原则与应用；同文档同型材料『正交分解法求合力的步骤』现绑『正交分解法』。,slice-02
PHYSICS,力的分解,phys-hj2-li-fenjie-duojie-taolun,力的分解,力的分解的多解问题,REBIND,整条为解数判定：「已知合力 $F$、一分力大小 $F_1$ 及另一分力方向（与合力成 $θ$）：$F_1=Fsinθ$ 或 $F_1>F$ 有一组解；$F_1<Fsinθ$ 无解；$Fsinθ<F_1<F$ 有两组解」；同章已有『力的分解的多解问题』节点（边界：讨论解的个数时要检查交点是否落在合力的作用方向一侧），同族材料即绑在那里。,slice-02
PHYSICS,力的分解,phys-hj2-zhi-lianghua-fenlei-xingzhili-xiaoguoli,力的分解,,NONE,首要对象是力的分类而非分解：「1. 性质力：按力的性质分类…2. 效果力：按力的作用效果分类…3. 受力分析只画性质力，效果力由性质力（或其合力、分力）充当」；全库无『力的分类』节点，落点需人工（最接近的是『受力分析多力漏力——受力分析方法』）。,slice-02
PHYSICS,力的分解,phys-kb-force-decomposition-orthogonal,力的分解,,KEEP,两法并列即本条主体：「按效果分解：如斜面上重力分解为 $mg\sin\theta$…」与「正交分解：建立坐标系使尽量多的力落在坐标轴上」，正对节点边界「给出效果分解法与正交分解法两种方法」。,slice-02
PHYSICS,力的分解,phys-mo-l06-force-composition-b-3,力的分解,,KEEP,首句即节点主体：「遵循原则：平行四边形定则、三角形定则；同一力可有无数组分解」，紧接「常用方法：按实际作用效果分解（效果分解法）；正交分解法将力沿互相垂直的两个方向分解」。,slice-02
PHYSICS,力的分解,phys-zhengjiao-zhun-que-jiaodu,力的分解,正交分解法,REBIND,原句「找准角度：分解时，明确力与坐标轴的夹角 $\theta$，避免混淆 $\sin\theta$ 和 $\cos\theta$，同时注意区分力的正负，避免符号错误」——全条只讲正交分解的投影与符号环节；同章『正交分解法』节点边界即「坐标轴方向选定后，各分力的正负号要与所设正方向一致」，同型材料『正交分解法的步骤与建系原则』现绑该节点。,slice-02
PHYSICS,动态平衡问题,ext-phy-18c0d3dd54-009,动态平衡问题,,KEEP,驳 own-subject-detached：首句即节点自身的定义句式——「## 什么是动态平衡 通过控制某些物理量使物体的状态发生缓慢变化，而在此过程中物体始终处于一系列的平衡状态」加「## 图解法的做法」，主语落在节点概念上。,slice-02
PHYSICS,动态平衡问题,ext-phy-1f98dda32f-003,动态平衡问题,,KEEP,「## 五种方法与适用情形 1. **解析法**…2. **图解法（矢量三角形法）**…3. **相似三角形法**…4. **正弦定理法（拉密定理）**…5. **辅助圆法**」——节点方法总表。,slice-02
PHYSICS,动态平衡问题,ext-phy-6137d43959-015,动态平衡问题,,KEEP,「解析法…图解法：适用于物体只受三个力作用，且其中一个力大小方向均不变（恒力）…相似三角形法…」——节点三法。,slice-02
PHYSICS,动态平衡问题,ext-phy-7fc0771aeb-002,动态平衡问题,,KEEP,驳 own-subject-detached：首句即节点自身的定义句——「## 什么是动态平衡 动态平衡是指研究对象的某些参量在变化…变化过程中每一个时刻都可以认为物体处于平衡状态」，后接识别标志与处理方法。,slice-02
PHYSICS,动态平衡问题,ext-phy-b7f7769a5d-003,动态平衡问题,,KEEP,「一力恒定、另一力方向不变的动态平衡问题分两种情形处理。一个力恒定、另一个力始终与恒定的力垂直时，三个力可构成直角三角形」——一力恒定、另一力方向不变类。,slice-02
PHYSICS,动态平衡问题,ext-phy-b7f7769a5d-004,动态平衡问题,,KEEP,「相似三角形法适用于一力恒定（如重力）、其他两力的方向均变化的情形…即 $\frac{F_1}{l_1}=\frac{F_2}{l_2}=\frac{G}{h}$」——相似三角形法面。,slice-02
PHYSICS,动态平衡问题,ext-phy-b7f7769a5d-005,动态平衡问题,,KEEP,「当一力恒定，另外两个力的方向均变化、但这两个力的方向夹角保持不变时，可利用正弦定理或辅助圆分析」——夹角不变类动态平衡。,slice-02
PHYSICS,动态平衡问题,ext-phy-b85d6e94ac-013,动态平衡问题,,KEEP,「动态平衡过程中物体始终处于一系列的平衡状态，即任一位置合力都为零」并按条件分四类（一力恒定另一力方向不变／另两力方向均变／夹角恒定／大Y模型）——节点情形识别。,slice-02
PHYSICS,动态平衡问题,ext-phy-b85d6e94ac-018,动态平衡问题,,NONE,两读并存：「晾衣架（大Y）模型的装置特征是一条轻绳两端固定在两根竖直杆上，挂钩可在绳上无摩擦滑动」——装置实为『活结与死结模型』节点的活结（该节点边界：活结两侧拉力相等的前提是滑轮（挂钩）光滑、不计摩擦）；而「把一个端点沿杆缓慢上下移动时，两段绳的夹角不变，绳中张力不变」又属缓慢移动类动态结论，落点留人工。,slice-02
PHYSICS,动态平衡问题,ext-phy-d7ae747433-001,动态平衡问题,,KEEP,「## 动态平衡 动态平衡就是通过控制某些物理量，使物体的状态发生缓慢的变化…## 图解法的适用条件」——节点定义与图解法适用条件。,slice-02
PHYSICS,动态平衡问题,ext-phy-d7ae747433-002,动态平衡问题,,KEEP,「## 方法 如果物体受到多个力的作用，可进行正交分解，利用解析法建立平衡方程，根据自变量的变化确定因变量的变化」——解析法面。,slice-02
PHYSICS,动态平衡问题,ext-phy-d7ae747433-003,动态平衡问题,,KEEP,驳 own-title-alias-only：正文即节点面——「## 相似三角形法 适用条件：一个力恒定、另外两个力的方向同时变化…## 力的外接圆法与正弦定理法 适用条件：一个力恒定，另外两个力的方向均变化，但这两个力的方向夹角保持不变」两法即节点方法清单成员（源为《第10讲 动态平衡问题 平衡中的临界和极值问题》讲义）。,slice-02
PHYSICS,动态平衡问题,ext-phy-f93808632b-002,动态平衡问题,,KEEP,「动态平衡就是通过控制某一物理量，使物体的状态发生缓慢的变化，但变化过程中的每一个状态均可视为平衡状态」——节点定义。,slice-02
PHYSICS,动态平衡问题,phys-dongtai-pingheng-ding-yi-ti-yan,动态平衡问题,,KEEP,「动态平衡问题指物体在运动过程中某一阶段受力虽变，但始终处于平衡状态（合外力为0）；题干中经常出现'慢慢的''缓慢的'等关键字眼」——节点定义与识别标志。,slice-02
PHYSICS,动态平衡问题,phys-fx-dynamic-equilibrium-graphic,动态平衡问题,,KEEP,「1. 一力恒定、另一力方向不变：按平行四边形（或三角形）边长变化判断各力变化。2. 两力夹角不变：用辅助圆定圆心判断力的旋转与大小变化」——动态平衡的图解与辅助圆面（第 3 条晾衣杆另记）。,slice-02
PHYSICS,动态平衡问题,phys-hj-001-dyn-equilibrium-concept,动态平衡问题,,KEEP,「物体缓慢移动时每一时刻均可视为平衡状态，合力为零，通过比较不同状态下的受力判断各力的变化」——节点定义。,slice-02
PHYSICS,动态平衡问题,phys-hj-002-dyn-vector-triangle,动态平衡问题,,KEEP,「作出不同状态的矢量三角形，观察边长变化判断力的大小变化；若 $F_1$ 恒定、$F_2$ 方向不变，当 $F_3⊥F_2$ 时 $F_3$ 最小」——图解法（矢量三角形法）面。,slice-02
PHYSICS,动态平衡问题,phys-hj-004-dyn-auxiliary-circle,动态平衡问题,,KEEP,「恒力可视为圆的一条弦，变化力的顶点在圆上移动而圆心角不变，结合正弦定理判断各力大小变化」——辅助圆法面。,slice-02
PHYSICS,动态平衡问题,phys-hj2-dongtai-pingheng-zongshu,动态平衡问题,,KEEP,「动态平衡：研究对象的某些参量（如受力）在变化，但变化非常缓慢，任一时刻均可按平衡状态处理」——节点定义与「缓慢」题眼。,slice-02
PHYSICS,动态平衡问题,phys-hj2-jiexifa-dongtai-pingheng,动态平衡问题,,KEEP,「对研究对象受力分析并画出示意图，正交分解后列平衡方程，得到因变量随自变量的函数关系」——解析法面。,slice-02
PHYSICS,动态平衡问题,phys-hj2-liangliang-yuan-fa-zhengxian-dingli,动态平衡问题,,KEEP,驳 own-title-alias-only：正文即节点面——「物体受三个力平衡，其中一个恒力，另外两力方向均变化但两力方向夹角不变：作出不同状态的矢量三角形，两力夹角不变可构成动态圆」是夹角不变类动态平衡的矢量圆（正弦定理）法。,slice-02
PHYSICS,动态平衡问题,phys-hj2-tujiefa-dongtai-pingheng,动态平衡问题,,KEEP,「1. 步骤：受力分析→画出平行四边形或首尾相接的矢量三角形→找出大小方向都不变的力和方向不变的力→由边长变化判断力的大小变化」——图解法步骤。,slice-02
PHYSICS,动态平衡问题,phys-hj3-dynamic-equilibrium-methods,动态平衡问题,,KEEP,「动态平衡是指物体的受力状态缓慢发生变化，但在变化过程中每一个状态均可视为平衡状态」加解析法、图解法、相似三角形法、辅助圆法四法。,slice-02
PHYSICS,动态平衡问题,phys-kb-dynamic-equilibrium-methods,动态平衡问题,,KEEP,「图解法：一力恒定、一力方向不变时，动态画闭合矢量三角形，比较边长变化判断力的变化。解析法：列平衡方程…」——节点分析方法本身。,slice-02
PHYSICS,动态平衡问题,phys-mo-dyn-equilibrium-b,动态平衡问题,,KEEP,「问题类型：研究对象的某些参量缓慢变化，每一时刻都可视为平衡状态。图解法…相似三角形法…矢量圆法」——节点类型与三法。,slice-02
PHYSICS,动态平衡问题,phys-mo-l48-dynamic-circle-b,动态平衡问题,带电粒子在匀强磁场中运动的动态圆模型,REBIND,同名不同物，本条不是力学平衡：「“平移圆”模型：速度大小、方向一定，但入射点在同一直线上移动。“旋转圆”模型：速度大小一定、方向不同。“放缩圆”模型…」；源为《第48讲 动态圆、磁聚焦和磁发散问题》，与『带电粒子在匀强磁场中运动的动态圆模型』节点边界逐字同指（平移圆／旋转圆／放缩圆模型处理方法）。,slice-02
PHYSICS,动态平衡问题,phys-quanfanli-jie-ti-si-bu-zhou,动态平衡问题,,NONE,用的是有独立节点的工具：「2. 确定全反力：全反力 $F_R$ 为 $F_N$ 与 $F_f$ 的合力，方向与接触面法线的夹角为摩擦角 $\varphi$」——『全反力与摩擦角』节点已收『全反力与摩擦角巧解四力平衡』『用摩擦角求拉力的最小值』等同型条；本条又整体以「解动态平衡」为落点，两读并存留人工。,slice-02
PHYSICS,反冲运动,phys-hj-096-recoil-motion,反冲运动,,KEEP,标题与节点同名、正文即节点要点：「反冲是系统内作用力与反作用力的效果；系统不受外力或内力远大于外力时遵循动量守恒，一部分前进另一部分反向后退」，与节点边界（系统一部分抛出、动量守恒、与碰撞相区别）同轴。｜材料正文原句（materials[35]）,slice-06
PHYSICS,平均速度,ext-phy-376443a41a-003,平均速度,,KEEP,首句主语即节点：「平均速度：物体发生的位移与发生这段位移所用时间之比，即 $\bar{v}=\frac{\Delta x}{\Delta t}$，是矢量，方向与对应位移的方向相同」；同篇的瞬时速度/速率/平均速率是节点边界明写的对照面。｜材料正文原句（materials[32]）,slice-06
PHYSICS,平抛运动与斜面的结合分析,ext-phy-3ccc1c7739-006,平抛运动与斜面的结合分析,,KEEP,材料即节点的两类情形：「一是落在斜面上，此时位移方向与斜面的倾角有关，位移的偏角等于斜面倾角；二是垂直击中斜面，此时速度方向与斜面垂直」，与节点别名「平抛与斜面结合的两类问题解法」同面。｜材料正文原句（materials[39]）,slice-06
PHYSICS,杨氏双缝干涉,ext-phy-cf3d1f5a8e-005,杨氏双缝干涉,,KEEP,材料是节点边界(2)的亮暗判据面：「路程差等于波长的整数倍，即 $r_2-r_1=k\lambda$…时，光屏上出现亮条纹」「路程差等于半波长的奇数倍…出现暗条纹」，与节点边界「形成亮、暗条纹的条件」一致。｜材料正文原句（materials[36]）,slice-06
PHYSICS,核心规律-受力分析-力的合成与分解-共点力的平衡,phys-hj3-three-charge-equilibrium,核心规律-受力分析-力的合成与分解-共点力的平衡,三个自由点电荷的平衡模型,REBIND,材料通篇是该模型的结论：「三个自由点电荷平衡的条件及规律：三点共线、两同夹异、两大夹小、近小远大。」「即两侧电荷同号、中间电荷异号；中间电荷电荷量最小；中间电荷靠近电荷量较小的一侧。」；现绑节点是合并残留的桶节点（name=核心规律、slug=核心规律-受力分析-力的合成与分解-共点力的平衡、边界只有「一、受力分析」，靠别名「三个自由点电荷的平衡规律」挂住本材料）；包内该结论有专节点 三个自由点电荷的平衡模型（边界即「三个自由点电荷平衡时两侧电荷同号、中间电荷与它们异号…」），同章另有近重复节点 三个自由点电荷平衡模型（1 条材料）见 notes。｜材料正文原句（materials[31]）,slice-06
PHYSICS,波速v-波长λ和频率f-周期t的关系-v-λf,ext-phy-97b16a8a41-004,波速v-波长λ和频率f-周期t的关系-v-λf,,KEEP,标题与节点同轴、正文即三者关系：「三者关系：$v=\frac{\lambda}{T}=\lambda f$」「频率由波源决定，波速由介质决定，波长由两者共同决定——波从一种介质进入另一种介质时，频率不变、波速改变、波长随之改变」，与节点边界「波速由介质的性质决定…与波源的振动无关」一致。｜材料正文原句（materials[37]）,slice-06
PHYSICS,活结与死结模型,ext-phy-1d6d684ee4-005,活结与死结模型,,KEEP,§4.2-1 首要教学对象｜「## 区分要点」原句「活结（光滑滑轮或可自由滑动的绳结）两侧绳的张力大小相等；死结（绳被打结固定）两侧绳的张力可以不相等，需要分别设为不同的未知量。」对象即本节点；动杆/定杆只出现在答题技巧的一条里。,slice-01
PHYSICS,活结与死结模型,ext-phy-2f9ea8e0cd-002,活结与死结模型,,KEEP,§4.2-1 首要教学对象｜正文首句原句「按结点能否自由滑动分成两类。」下文活结（「绳绕过光滑的滑轮或挂钩，滑轮只改变力的方向、不改变力的大小，因此滑轮两侧绳的拉力大小相等。求活结两侧的力时只需设一个未知数。」）与死结（「结点不是滑轮而是固定点，两侧绳的拉力大小不一定相等，必须分别设为不同的未知力」）两段，并给出判断依据与常见应用。,slice-01
PHYSICS,活结与死结模型,ext-phy-3910ec24ef-013,活结与死结模型,,KEEP,§4.2-1 首要教学对象｜正文原句「由于绳子拐弯处是平滑连接，故 $F_{OA}=F_{OB}=F$。」并给出「竖直方向：$F\cos\theta+F\cos\theta=mg$，故 $F=\dfrac{mg}{2\cos\theta}$」「由几何关系：$\sin\theta=\dfrac{d}{L}$」与端点上下移动不改变 θ 的结论；type=METHOD_MODEL 与节点 boundary「活结两侧拉力相等的前提是滑轮（挂钩）光滑、不计摩擦」一致。,slice-01
PHYSICS,活结与死结模型,ext-phy-485c4ea6f5-002c,活结与死结模型,,KEEP,§4.2-1 首要教学对象｜正文原句「同一条轻绳没有弯折时，绳上各处张力相等。」「轻绳绕过光滑的滑轮或挂钩时，滑轮或挂钩对绳没有约束，绳上的张力处处相等」与「当轻绳某处打有死结时，结点对绳有约束，绳两侧的张力大小可能不相等，必须分别作为独立的力来处理。」讲的正是活结/死结两侧张力是否相等这一节点核心。,slice-01
PHYSICS,活结与死结模型,ext-phy-59dd10c06b-007,活结与死结模型,,KEEP,§4.2-1 首要教学对象｜正文 1./2. 条原句「2.活结：把绳子分为两段且可沿绳移动；活结一般由绳子跨过滑轮或在绳子上挂一光滑挂钩而形成，绳子因活结而弯曲、但实际是同一根绳子，两侧绳子的张力大小处处相等。」第 3 条晾衣架典型分析仍是活结（「两侧绳的张力大小相等为 F」），同轴。,slice-01
PHYSICS,活结与死结模型,ext-phy-67e356d572-011,活结与死结模型,,KEEP,§4.2-1 首要教学对象｜正文两段原句「**死结**：可理解为把绳子分成两段、且绳不能沿结点移动的结点。死结两侧的绳因打结而变成两根独立的绳，因此由死结分开的两段绳子上的弹力不一定相等。」「**活结**：…绳子虽然因活结而弯曲，但实际上仍是同一根绳，所以由活结分开的两段绳子上的弹力大小一定相等」，第三段判断方法同轴。,slice-01
PHYSICS,活结与死结模型,ext-phy-67e356d572-013b,活结与死结模型,,NONE,§4.2-1/4 存疑（留人工）｜正文把两族模型并列教学且份量相当：原句「先判断结点类型：绳能沿结点滑动（光滑挂钩、滑轮）为活结，两段绳拉力大小相等；绳被结住固定为死结，两段绳拉力需要分别设成不同的力」「再判断杆的类型：能绕端点转动的为动杆，弹力沿杆；固定不动的为定杆，弹力方向待求」，且第 2 条「如果题目中同时出现绳与杆，一般情况是“死结”搭配有转轴的杆即动杆，“活结”搭配无转轴的杆即定杆」教的是跨族搭配规则。本节点 boundary 只框「活结两侧拉力相等的前提是滑轮（挂钩）光滑、不计摩擦；死结两侧拉力不等，必须分别设未知量」，节点 活杆与定杆模型 boundary 只框「活杆两端力沿杆的前提是杆端为光滑铰链（或光滑转轴）且杆是轻杆」，两个既有节点各自都框不住该搭配规则，故不判 REBIND、不指定 suggested_node_slug，留人工定夺归属（或拆条）。,slice-01
PHYSICS,活结与死结模型,ext-phy-afa44298fc-001c,活结与死结模型,,KEEP,§4.2-1 首要教学对象｜正文两个小标题原句「**活结模型**：特征是轻绳跨过光滑滑轮或绳上挂一光滑挂钩；受力特点是结点两侧轻绳的拉力大小总是相等。」「**死结模型**：特征是结点不能沿轻绳移动；受力特点是结点两侧轻绳的拉力大小不一定相等。」第三段判断用途同轴。,slice-01
PHYSICS,活结与死结模型,ext-phy-f26b1b9e49-014,活结与死结模型,,KEEP,§4.2-1 首要教学对象｜正文「## 模型区分」原句「1. 死结：结点被固定（三绳打结、结点系在固定点上），两段绳的张力一般大小不相等，方向由各自的绳决定。」「2. 活结：结点可以移动（滑轮、光滑挂钩、可滑动的环），同一根绳绕过滑轮或挂钩时两段的张力大小相等」为主体；动杆/定杆搭配只是「答题要点」三条中的一条（覆盖偏宽，见旁车）。,slice-01
PHYSICS,活结与死结模型,ext-phy-ff426b02e4-010,活结与死结模型,,KEEP,§4.2-1 首要教学对象｜正文主干是活结/死结段与晾衣架（活结）模型的完整推导，原句「晾衣架（活结）模型：轻绳两端固定在两根竖直杆上，挂钩光滑，两段绳的拉力大小相等，设为 $F$」「水平方向 $F\sin\theta_1=F\sin\theta_2$，故两段绳与竖直方向的夹角相等，设为 $\theta$」「竖直方向 $2F\cos\theta=mg$，得 $F=\dfrac{mg}{2\cos\theta}$」「由几何关系 $\sin\theta=\dfrac{d}{L}$，其中 $d$ 为两杆间的水平距离、$L$ 为绳的总长」，动杆/定杆两小段为并列对照；按正文份量主体在本节点（覆盖偏宽，见旁车）。,slice-01
PHYSICS,活结与死结模型,phys-fx-live-knot-dead-knot,活结与死结模型,,KEEP,§4.2-1 首要教学对象｜正文原句「1. 死结：不可沿绳移动，两侧绳成为独立两段，弹力不一定相等。」「2. 活结：可沿绳移动（绳跨滑轮或挂光滑挂钩），实为一根绳，两段弹力大小相等。」第 3 条「活结两段绳的合力方向沿两段夹角的平分线」是同轴补注。,slice-01
PHYSICS,活结与死结模型,phys-hj-015-live-knot-model,活结与死结模型,,KEEP,§4.2-1 首要教学对象｜正文原句「活结由绳跨过滑轮或挂光滑挂钩形成，绳虽弯曲实为同一根绳，两侧张力大小处处相等，一般以结点为研究对象分析。」首句主语即活结，与 boundary「活结两侧拉力相等的前提是滑轮（挂钩）光滑、不计摩擦」一致。,slice-01
PHYSICS,活结与死结模型,phys-hj-016-dead-knot-model,活结与死结模型,,KEEP,§4.2-1 首要教学对象｜正文原句「死结把绳分为不可沿绳移动的两段，两侧绳相当于独立的两根绳，张力一般不相等，需对结点分别列平衡方程。」与 boundary「死结两侧拉力不等，必须分别设未知量」一致。,slice-01
PHYSICS,活结与死结模型,phys-hj2-sijie-huojie-moxing,活结与死结模型,,KEEP,§4.2-1 首要教学对象｜正文两条即对举，原句「1. “死结”特点：结不可沿绳移动，把绳分成两段相互独立的绳，两段张力大小不一定相等。」「2. “活结”特点：结（或跨过光滑滑轮的绳）可沿绳移动，两侧绳中张力大小相等。」,slice-01
PHYSICS,活结与死结模型,phys-hj3-live-dead-knot-model,活结与死结模型,,KEEP,§4.2-1 首要教学对象｜正文首句原句「“活结”由绳跨过滑轮或光滑挂钩形成，绳虽弯曲实为同一根绳，两侧绳上张力大小处处相等。」第二句为死结，两句对象即本节点。,slice-01
PHYSICS,活结与死结模型,phys-mo-l06-force-composition-b-4,活结与死结模型,,KEEP,§4.2-1 首要教学对象｜正文全文即对举定义，原句「活结：绳子上的张力大小处处相等；死结：两侧的绳子上张力不一定相等。」对象正确；正文仅 33 字、含两条命题（碎片级切分，非绑定问题，见旁车）。,slice-01
PHYSICS,滑动摩擦力,ext-phy-142d74029b-010b,滑动摩擦力,,KEEP,§4.2-1/2 首要教学对象｜首个正文块原句「滑动摩擦力 $F=\mu F_N$。注意 $F_N$ 是两物体间的正压力，不一定等于物体的重力：在斜面上 $F_N=mg\cos\theta$」；type=METHOD_MODEL 给的是该节点大小的计算方法（公式法／状态法）。,slice-01
PHYSICS,滑动摩擦力,ext-phy-2a5119abec-005b,滑动摩擦力,,KEEP,§4.2-1 首要教学对象｜正文原句「**大小**：滑动摩擦力的大小跟正压力的大小成正比，即 $F=\mu F_N$，这一规律称为滑动摩擦定律。」以滑动摩擦定律为对象，另四段（产生条件／动摩擦因数／方向／效果）同轴；末句「滑动摩擦力可以是阻力，也可以是动力」属节点 boundary 的辨析面。,slice-01
PHYSICS,滑动摩擦力,ext-phy-485c4ea6f5-008,滑动摩擦力,,KEEP,§4.2-1 首要教学对象｜正文原句「滑动摩擦力的大小用 $F_f=\mu F_N$ 计算。」两条注意（μ 的大小由接触面的材料和粗糙程度决定；$F_N$ 不一定等于物体的重力）与「判断提示」全部落在滑动摩擦力的大小轴上。,slice-01
PHYSICS,滑动摩擦力,ext-phy-548b1275c5-003,滑动摩擦力,,KEEP,§4.2-1 首要教学对象｜正文按「**方向**」「**大小的两种计算方法**」「**三点说明**」组织，首句原句「滑动摩擦力的方向总是沿着接触面，并且与物体间的相对运动方向相反。注意是“相对运动”而不是“运动”。」；末点「滑动摩擦力略小于最大静摩擦力」是补注，不改变对象。,slice-01
PHYSICS,滑动摩擦力,ext-phy-548b1275c5-003,滑动摩擦力,,KEEP,首句即节点的定义面：「滑动摩擦力的方向总是沿着接触面，并且与物体间的相对运动方向相反。注意是『相对运动』而不是『运动』」，后文的正压力/动摩擦因数与三点说明全在节点边界内；本片唯一金标题面对应的材料（金标 expectedSlug=滑动摩擦力，本条绑定正确，MISS 属名次问题，见 notes，不构成改绑理由）。｜材料正文原句（materials[34]）,slice-06
PHYSICS,滑动摩擦力,ext-phy-548b1275c5-005,滑动摩擦力,,NONE,§4.2-1/4 存疑（留人工）｜正文首句原句「在涉及两个及两个以上物体的摩擦力问题中，可运用整体法或隔离法，灵活选取研究对象。」首要教学对象是整体法与隔离法选取研究对象这一方法，而不是滑动摩擦力的概念，现绑不牢；但正文末段又落回多接触面的静/动判断与「同一物体在不同接触面上受到的摩擦力方向可能相反」（含静摩擦，宽于只框滑动的本节点）。候选目标互斥且各有理据：节点 整体法与隔离法在受力分析中的应用（同章，现有 37 条材料）框方法线且与 type=METHOD_MODEL 的语义要求相符，节点 摩擦力（同章·2 摩擦力，现有 21 条）框多接触面线且与材料主词摩擦力相符；两目标难分主次，不擅自定，留人工。,slice-01
PHYSICS,滑动摩擦力,ext-phy-58156e4fa1-004,滑动摩擦力,,KEEP,§4.2-1 首要教学对象｜正文原句「地面给物块的**滑动摩擦力只能是阻力**，其方向由物块相对于地面的运动方向决定，一定与相对运动方向相反。」整条讲的是滑动摩擦力方向与相对运动的关系，末句原句「都说明该方向上的运动假设错误，应重新判断该方向的运动趋势。」（原文该句前半的引号左右反向，故摘句从此处起）仍以滑动摩擦力的方向性质为对象；与 boundary「辨析滑动摩擦力与动力、阻力的关系」一致（标题措辞偏绝对，见旁车观察）。,slice-01
PHYSICS,滑动摩擦力,ext-phy-9142eeb79f-001c,滑动摩擦力,,KEEP,§4.2-1 首要教学对象｜正文结句原句「结论：滑动摩擦力的大小与接触面积无关，只与动摩擦因数和正压力有关。」货箱下滑的情境只是引入，教学对象是滑动摩擦力的大小这一面；正文亦写明「货箱相对木板滑动时受滑动摩擦力」。,slice-01
PHYSICS,滑动摩擦力,ext-phy-b6f8cbe195-014,滑动摩擦力,,KEEP,§4.2-1/2 首要教学对象｜四个小标题（公式法／状态法／方向判断／两个“无关”）全部以滑动摩擦力为对象，首句原句「$F_{f}=\mu F_{N}$，其中 $F_{N}$ 是两接触面间的正压力，要通过受力分析求出，不一定等于重力。」type=METHOD_MODEL 与节点的大小计算轴一致。,slice-01
PHYSICS,滑动摩擦力,ext-phy-db2f426334-007b,滑动摩擦力,,KEEP,§4.2-1 首要教学对象｜正文首句原句「滑动摩擦力的方向与物体相对运动的方向相反，但与物体运动的方向不一定相反，例如传送带上由静止被带动的物体，所受滑动摩擦力可以与运动方向相同。」首句主语即节点概念；传送带例只服务方向判断。,slice-01
PHYSICS,滑动摩擦力,ext-phy-e3c0479174-006c,滑动摩擦力,,KEEP,§4.2-1 首要教学对象｜正文首句即定义句原句「定义：一个物体在另一个物体的表面滑动时，会受到阻碍它滑动的力，这种力叫做滑动摩擦力。」即节点的定义面，其后方向、大小（$F=\mu F_N$）与 $F_N$ 说明同轴。,slice-01
PHYSICS,滑动摩擦力,ext-phy-e3c0479174-007c,滑动摩擦力,,KEEP,§4.2-1 首要教学对象｜三条均以滑动摩擦力公式为对象，原句「滑动摩擦力 $F$ 的大小与物体的运动速度无关，与接触面的大小也无关。所以把纸片拉得快一些，并不会使纸片受到的滑动摩擦力变大。」type=MISCONCEPTION_GUIDE 正对公式的常见误解。,slice-01
PHYSICS,滑动摩擦力,phys-fx-friction-calculation-notes,滑动摩擦力,,KEEP,§4.2-1/2 首要教学对象｜三条注意中第 2、3 条以滑动摩擦力为对象（原句「$F_N$ 为接触面间正压力，与重力无必然联系（斜面、外力作用下不同）。」「滑动摩擦力大小与速度大小、接触面积大小无关。」），第 1 条「静摩擦力由平衡条件或牛顿第二定律求，滑动摩擦力才用公式。」是「只有滑动才用公式」的前置辨析，不是拿邻居概念顶替本节点；type=METHOD_MODEL 给的是该节点的计算清单。,slice-01
PHYSICS,滑动摩擦力,phys-hj-014-friction-kinetic-to-kinetic,滑动摩擦力,摩擦力的突变类问题,REBIND,§4.2-1 首要教学对象｜正文原句「物体在滑动摩擦力作用下达到共同速度后，若静摩擦力不足以维持相对静止，则仍受滑动摩擦力但方向发生改变。」教学对象是共速时刻（达到共同速度后）摩擦力方向突变这一事件，不是滑动摩擦力的定义/大小/方向本身。旁证（同包内容，非金标）：本包已把同题材料 ext-phy-f88d1938f5-015（同名《动—动突变》，正文「例如物块沿足够长的传送带下滑，当物块速度超过传送带速度后，滑动摩擦力由沿传送带向上变为沿传送带向下」）绑在「摩擦力的突变类问题」；该节点下四个细类节点（静→动／动→静／N 突变／斜面倾角突变）无一覆盖动→动，故改指其伞节点。注：权威表 material_bindings.csv:380 已裁定同目标（当前包未生效，待 promote）。,slice-01
PHYSICS,滑动摩擦力,phys-kb-sliding-friction-formula,滑动摩擦力,,KEEP,§4.2-1/2 首要教学对象｜正文原句「$f=\mu F_N$，$\mu$ 由接触面材料和粗糙程度决定，与接触面积和相对速度无关。」「$F_N$ 是垂直于接触面的正压力，不一定等于重力。」两句均以滑动摩擦力公式为对象（μ 与 $F_N$ 各一句），落点在节点的大小计算轴上。,slice-01
PHYSICS,等时圆使用条件,ext-phy-7849f072e7-009,等时圆使用条件,,KEEP,标题与节点同名、正文即条件与结论：「细杆（斜面）必须光滑，不考虑摩擦」「物体由静止开始下滑（初速度为零）」「各弦的端点必须在同一个竖直圆上」「时间与弦的倾角无关，只由圆的半径决定」，与节点边界三条条件逐条对应。｜材料正文原句（materials[38]）,slice-06
PHYSICS,轻绳、轻弹簧与轻质弹性绳的对比,ext-phy-4df1f6659a-004,轻绳、轻弹簧与轻质弹性绳的对比,,KEEP,§4.2-1 首要教学对象｜正文首行即三模型对比表，表头原样「| 项目 | 轻绳 | 轻弹簧 | 轻质弹性绳 |」，判断要点原句「凡涉及“剪断瞬间”“瞬时加速度”的问题，先分清是轻绳还是弹簧（弹性绳）：轻绳的弹力可以突变，剪断后立即消失；弹簧与弹性绳的弹力由形变决定，不能突变。」首句主语落在节点三概念上；type=CONCEPT_EXPLANATION 与节点「对比/辨析」语义相符，boundary（轻绳形变极小可忽略→可突变；轻绳不存储弹性势能）正框住本条正文。,slice-01
