subject,slug,name,bound_materials,figure_verbalized,hit,sample_content
MATH,函数的对应关系,函数的对应关系,4,yes,交点,函数的概念与三要素 函数是从非空数集 A 到 B 的确定对应，三要素为定义域、对应关系、值域。 判断两函数是否为同一函数、理解函数记号 y=f(x)。 1. $
MATH,函数的对称性,函数的对称性,24,yes,横坐标,"拓展判定：$f(a\pm x)$ 为奇函数 $\Rightarrow$ $f(x)$ 的图象关于点 $(a,0)$ 对称 若 $f(a+x)$（或 $f(a-x"
MATH,关于线对称,关于线对称,4,yes,对称轴,轴对称判定：$f(a+x)=f(b-x)\Leftrightarrow$ 图象关于直线 $x=\dfrac{a+b}{2}$ 对称 函数在 $a+x$ 与 $b
MATH,关于点对称,关于点对称,4,yes,斜率,"点对称判定：$f(a+x)+f(b-x)=2c\Leftrightarrow$ 图象关于点 $\left(\dfrac{a+b}{2},c\right)$ 对称"
MATH,配方法-主要用于二次函数或可化为二次函数的函数-要特别注意自变量的取值范围,配方法：主要用于二次函数或可化为二次函数的函数，要特别注意自变量的取值范围．,5,yes,曲线,抽象函数模型：二次函数型对应 $f(x+y)=f(x)+f(y)+2axy-c$ 满足 $f(x+y)=f(x)+f(y)+2axy-c$ 的抽象函数可联想二次
MATH,待定系数法-若已知函数的类型-如一次函数-二次函数等-可用待定系数法,待定系数法：若已知函数的类型（如一次函数、二次函数等），可用待定系数法．,12,yes,开口,决定系数 R² $R^2$ 越大拟合效果越好。 比较模型拟合优度。 决定系数 $R^2=1-rac{\sum (y_i-\hat{y}_i)^2}{\sum (
MATH,换元法-主要用于解决已知的解析式-求函数的解析式的问题,换元法：主要用于解决已知的解析式，求函数的解析式的问题．,16,yes,极值,"换元法：令新元为满足条件的式子整体替代，破解直接配凑困难 直接配凑困难或需平方开根号时，把某式设为新元（如 x²+y²=5 令 a=x²,b=y²），化为定值的"
MATH,幂函数的定义-一般地-函数y-xα叫做幂函数-其中x是自变量-α是常数,幂函数的定义：一般地，函数y＝xα叫做幂函数，其中x是自变量，α是常数．,3,yes,单调,幂函数的定义与常见图象 形如 y=x^α（α为常数）的函数是幂函数，五类基本幂函数为 x、x²、x³、x^½、1/x。 识别幂函数、画幂函数图象。 幂函数 $y
MATH,对数函数图象的常用结论,对数函数图象的常用结论,20,yes,对称轴,偶函数加轴对称求周期：偶函数图象关于 $x=a\ (a\neq 0)$ 对称 $\Rightarrow 2|a|$ 为一个周期 偶函数已有对称轴 $x=0$，若
MATH,幂函数的图象与性质,幂函数的图象与性质,0,no,,
MATH,指数函数的图象与性质应用,指数函数的图象与性质应用,2,yes,由图,"指数函数的图象与性质 y=a^x（a>0 且 a≠1）恒过 (0,1)，值域为 (0,+∞)，a>1 递增、0<a<1 递减。 指数函数图象识别、解指数不等式。"
MATH,对数函数的图象与性质应用,对数函数的图象与性质应用,1,no,,"对数函数的图象与性质 y=log_a x（a>0 且 a≠1）恒过 (1,0)，定义域 (0,+∞)，a>1 增、0<a<1 减。 对数函数图象识别、解对数不等"
MATH,定理法-利用零点存在定理-函数的图象在区间上是连续不断的曲线-且,定理法：利用零点存在定理，函数的图象在区间上是连续不断的曲线，且，,1,yes,交点,确定零点所在区间的方法 用零点存在定理逐段检验端点函数值符号，或画图象观察与 x 轴交点位置。 求函数零点所在的大致区间。 1. 定理法：对候选区间逐一计算 $
MATH,图象法,图象法：,0,no,,
MATH,性质法-利用函数性质-若能确定函数的单调性-则其零点个数不难得到,性质法：利用函数性质，若能确定函数的单调性，则其零点个数不难得到；,16,yes,交点,确定零点个数方法一：令 $f(x)=0$ 直接求解，由方程根的个数定零点个数 能直接求解的方程令 $f(x)=0$ 解出全部实根，不同实根的个数即零点个数。 方
MATH,直接法-利用零点存在的判定定理构建不等式求解,直接法：利用零点存在的判定定理构建不等式求解；,6,yes,由图,利用零点求解析式时先区分上升/下降零点 把零点代入求 φ 时要先判断零点是上升还是下降型，直接代入 kπ 会产生增根。 由图象零点坐标求 $y=A\sin(\o
MATH,同角三角函数的基本关系,同角三角函数的基本关系,15,yes,面积,解三角形最值：转化为角的三角函数路径 选一角为基本量，把目标式化成该角的三角函数求范围。 求周长、边长、面积的最值或范围。 转化为角四步：1.提取题干信息将某一
MATH,三角函数的图象与性质,三角函数的图象与性质,19,yes,交点,拓展判定：$f(a\pm x)$ 为偶函数 $\Rightarrow$ $f(x)$ 的图象关于直线 $x=a$ 对称 若 $f(a+x)$（或 $f(a-x)
MATH,函数y-asin-ωx-φ-的图象,函数y=Asin(ωx+φ)的图象,2,yes,横坐标,y=sinx 到 y=Asin(ωx+φ) 的两种变换途径 先平移后伸缩或先伸缩后平移，平移量不同。 由变换关系作图或还原。 由 $y=\sin x$ 变换到 
MATH,三角形面积公式,三角形面积公式,39,yes,面积,切线长公式：直角三角形勾股定理求切线长 过圆外一点的两切线长相等，切线长 $=\sqrt{|PC|^2-r^2}$。 求切线长、两切线夹角、切点弦相关问题。 过
MATH,解三角形的实际应用,解三角形的实际应用,11,yes,曲线,解三角形隐含条件：两边之和大于第三边 求边（和）范围时不能忽略两边之和大于第三边的隐含约束。 解三角形求边长和、周长范围的题目。 解三角形求范围时注意隐含条件：
MATH,不等式恒成立,不等式恒成立,6,yes,开口,"端点效应四类型：$f(x)\ge 0$ 恒成立且 $f(m)=0$ 则 $f'(m)\ge 0$（其余三型对应） 若 $f(x)$ 在 $[m,n]$ 上恒有 "
MATH,在求函数的最值时-一定要在定义域-使实际问题有意义的自变量的取值范围-内求解,在求函数的最值时，一定要在定义域（使实际问题有意义的自变量的取值范围）内求解．,19,yes,曲线,自变量差 $2a$ 等值式：$f(x+a)=f(x-a)\Rightarrow T=2a$ 自变量相差 $2a$ 的函数值相等，即周期 $T=2a$。 函数方程
MATH,端点取值需谨慎-在求参数范围时-要注意边界或区间端点值的检验-从而确定取舍,端点取值需谨慎：在求参数范围时，要注意边界或区间端点值的检验，从而确定取舍．,8,yes,单调,连续型集合含参问题：数轴画出区间→解不等式组→注意端点取舍 连续型集合用数轴表示端点大小关系，列不等式组求参数范围；先讨论空集，再考虑端点能否取等。 区间集合含
MATH,数列的单调性与最值问题,数列的单调性与最值问题,10,yes,单调,用函数观点求数列最值 把数列视为函数，借助图象、作差作商或两边夹求数列的最值。 通项已知或含参的数列最值问题。 将 $a_n=f(n)$ 视为函数在 $n\in
MATH,等差数列含绝对值问题,等差数列含绝对值问题,6,yes,曲线,"a,b 不都为正时系数最值：比较 |A_k| 再按奇偶定号 系数有正有负时先解 $|A_k|$ 的不等式组定候选，再按 k 的奇偶确定最大正值与最小负值。 $("
MATH,2025-广东佛山-三模-已知数列满足-且是关于的方程的两个根,（2025·广东佛山·三模）已知数列满足，且是关于的方程的两个根．,9,yes,极值,"双中心对称求周期：图象关于 $(a,0)$ 与 $(b,0)\ (a\neq b)$ 对称 $\Rightarrow 2|a-b|$ 为一个周期 图象关于 $x"
MATH,导数与函数的单调性的关系,导数与函数的单调性的关系,12,yes,单调,三个“二次”的关系 二次函数图象、二次方程的根、二次不等式的解集通过判别式 Δ 联系。 解一元二次不等式、由解集反求参数。 对 $y=ax^2+bx+c\ (a
MATH,函数极值与最值的关系,函数极值与最值的关系,12,yes,极值,三次函数极值由判别式 $\Delta=4(b^2-3ac)$ 决定：$\Delta>0$ 两个极值点，$\Delta\le 0$ 无极值点 三次函数 $f(x)
MATH,对导数正负与函数图象升降关系理解不准确致错,对导数正负与函数图象升降关系理解不准确致错,12,yes,对称轴,"奇函数加轴对称求周期：奇函数图象关于 $x=a\ (a\neq 0)$ 对称 $\Rightarrow 4|a|$ 为一个周期 奇函数已有对称中心 $(0,0)"
MATH,导数定义在极限中的计算,导数定义在极限中的计算,3,no,,导数的定义（极限式） f′(x₀) 是平均变化率当 Δx→0 时的极限，即瞬时变化率。 用定义求导、求相关极限的变形。 $f′(x_0)=\displaysty
MATH,曲线-在-某点处的切线问题,曲线“在”某点处的切线问题,7,yes,斜率,求“在”某点处的切线方程 切点已知，斜率即该点导数，用点斜式写方程。 切点给定的切线问题。 第一步：求 $f′(x_0)$ 得斜率；第二步：点斜式写 $y-f(
MATH,曲线-过-某点的切线问题,曲线“过”某点的切线问题,6,yes,曲线,"过圆 x²+y²=r² 上一点的切线方程公式 过单位形式圆上一点 $P(x_0,y_0)$ 的切线为 $x_0x+y_0y=r^2$。 点在圆上时快速写切线方程"
MATH,两曲线的公切线问题,两曲线的公切线问题,11,yes,斜率,公切线问题四步法：设两切点→求斜率→写切线方程→联立消元 求两曲线公切线时，在两曲线上各设一个切点，分别求斜率与切线方程，由斜率相等且截距相等联立求解。 两条曲
MATH,直线与平面所成角,直线与平面所成角,4,yes,交点,方程解（交点）个数讨论中不可遗漏直线与曲线相切的情形 直线与曲线相交求交点个数时，相切（方程判别式为零）也提供一个解，讨论时不可只按相交或相离二分。 含参方程解
MATH,点到直线的距离,点到直线的距离,9,yes,曲线,点到直线的距离向量公式 $d=\sqrt{|\vec{PM}|^2-\left(\frac{\vec{m}\cdot\vec{PM}}{|\vec{m}|}\r
MATH,利用空间向量解决最值范围问题,利用空间向量解决最值范围问题,3,yes,曲线,向量法解最值与范围问题 以参数表示动点建立目标函数求最值，或利用几何特征直观判断。 空间角、距离随动点变化的范围问题。 函数法：设参数，写出所求角的三角函数值或
MATH,空间向量新定义问题,空间向量新定义问题,5,yes,曲线,空间动态问题——定义法化归为平面轨迹 条件满足线段、圆、椭圆等定义时，用曲线定义直接确定动点轨迹。 动点距离和、距离比、距离差满足特殊曲线定义的轨迹问题。 当题
MATH,复数的四则运算,复数的四则运算,8,yes,曲线,"导数的四则运算法则 和差积商导数：$[fg]'=f'g+fg'$，$\left[rac{f}{g}ight]'=rac{f'g-fg'}{g^2}$。 求复杂"
MATH,复数的几何意义,复数的几何意义,10,yes,纵轴,"复数、复平面点、平面向量三者一一对应 复数 $z=a+b\mathrm{i}$、点 $Z(a,b)$、向量 $\vec{OZ}$ 一一对应。 复数问题转化为几何"
MATH,三视图与直观图,三视图与直观图,2,yes,面积,"直观图与原图的面积关系 $S_{直观图}=\frac{\sqrt2}{4}S_{原图}$，即 $S_{原图}=2\sqrt2\,S_{直观图}$。 由直观图面积"
MATH,表面积与体积,表面积与体积,1,yes,面积,表面积计算的轴截面与展开图要点 旋转体抓轴截面与侧面展开图，多面体逐面求和，组合体注意衔接。 求柱、锥、台及组合体的表面积。 1. 旋转体表面积问题注意轴截面及
MATH,空间向量与立体几何,空间向量与立体几何,2,no,,相等向量与相反向量 相等向量同长同向；相反向量同长反向。 辨析向量相等与相反。 长度相等且方向相同的向量叫相等向量；长度相等且方向相反的向量叫相反向量，如 $\
MATH,点-方法技巧-点拨解题方法-练一题通一类,点·方法技巧：点拨解题方法，练一题通一类,5,yes,曲线,非对称问题方法一：配凑半代换 把非对称式配凑变形，能代换的部分先用根与系数关系代换再化简。 目标式含 $\frac{x_1}{x_2}$、$mx_1+nx_2$
MATH,空间几何体的直观图,空间几何体的直观图,1,yes,斜率,解析几何勿漏斜率为 0 与不存在的直线 与坐标轴平行的直线斜率为 0 或不存在，综合问题单列防漏解。 直线与圆锥曲线综合问题中的设线讨论。 与坐标轴平行的直线，
MATH,在棱长为的正四面体中-高-外接球半径-内切球半径,在棱长为的正四面体中，高，外接球半径，内切球半径.,32,yes,顶点,墙角型四面体的外接球半径 三条棱两两垂直的四面体（可补形为长方体）：$R=\frac{\sqrt{a^2+b^2+c^2}}{2}$。 有公共顶点的三条棱两两垂
MATH,直线与直线的位置关系,直线与直线的位置关系,4,yes,交点,设而不求思想：设坐标与直线，用根与系数关系解题 设出点的坐标、直线方程，联立后用根与系数的关系整体代换，不求出交点。 圆锥曲线中弦长、中点、定点、定值、范围等综
MATH,平面与平面平行,平面与平面平行,1,no,,球面与平面相交：交线为圆，勾股定理求截面圆半径 球面与平面相交，交线是圆，其半径满足 $r=\sqrt{R^2-d^2}$。 球被平面所截求交线形状、长度或其上
MATH,空间几何体中的截面问题,空间几何体中的截面问题,8,yes,顶点,内切球问题作轴截面将空间问题平面化 几何体与球相切问题作出轴截面是关键，可把空间问题平面化。 圆柱、圆锥、圆台与球的相切（内切）问题。 对于空间几何体与球相切问
MATH,对命题条件探索的三种方法,对命题条件探索的三种方法：,12,yes,图示,有限制条件的排列组合：三种考虑途径 有限制条件的计数可从特殊元素、特殊位置入手，或用间接法总数减不符。 带限制条件的排列数、组合数计算题。 解有限制条件的元素或
MATH,求体积的常用方法,求体积的常用方法,6,yes,单调,作二面角平面角的常用方法 定义法、垂面法、三垂线法三种作平面角的途径。 综合法求二面角。 定义法：在棱上取点，在两半平面内分别作棱的垂线；垂面法：作垂直于棱的平
MATH,垂线法求线面角-也称直接法,垂线法求线面角（也称直接法）：,6,yes,交点,二面角的几何法（垂线法作平面角） 过一面内一点作另一面垂线，再作棱垂线，连接得二面角平面角。 存在明显线面垂直关系的二面角问题。 二面角·几何法：①过半平面 $
MATH,直线与圆的位置关系,直线与圆的位置关系,11,yes,斜率,过点作圆切线的条数由点与圆的位置关系决定 点在圆上切线一条，点在圆外切线两条，点在圆内无切线。 求过定点的圆的切线方程、判断切线是否存在。 求过某点的圆的切线方
MATH,双曲线,双曲线,6,yes,曲线,双曲线中 e 与 b/a 的互化公式 双曲线中 $e=\sqrt{1+(b/a)^2}$，即 $b/a=\sqrt{e^2-1}$。 双曲线离心率与渐近线斜率（
MATH,双曲线的渐近线,双曲线的渐近线,10,yes,曲线,椭圆与双曲线的通径长 2b²/a 倾斜角 90° 的过焦点弦即通径，椭圆与双曲线通径长均为 2b²/a。 通径计算、焦点弦最短问题（双曲线同支情形）。 当倾斜角
MATH,双曲线的离心率,双曲线的离心率,2,yes,曲线,离心率取值范围——圆锥曲线自身性质与坐标范围 用曲线上点坐标的范围、焦半径范围等曲线自身性质列不等式。 动点在曲线上、由坐标或焦半径限制求离心率范围。 利用圆锥
MATH,抛物线的焦点与准线,抛物线的焦点与准线,13,yes,曲线,圆锥曲线的第二定义（到焦点与准线距离之比） 到定点距离与到定直线距离之比为常数 e 的轨迹：0<e<1 椭圆，e>1 双曲线。 用第二定义转化距离、证明轨迹、处
MATH,抛物线焦半径,抛物线焦半径,4,yes,横轴,"椭圆焦半径公式（口诀：左加右减、下加上减） 椭圆上点 P(x₀,y₀) 到左焦点 $a+ex_0$、到右焦点 $a-ex_0$；竖轴型把 x₀ 换成 y₀。 求"
MATH,曲线的轨迹方程,曲线的轨迹方程,3,yes,曲线,空间动态问题——建系法求动点轨迹方程 图形规则时建空间直角坐标系，求动点轨迹方程以确定轨迹。 几何图形规则（如正方体、正棱柱）时的动点轨迹问题。 当几何图形比较
MATH,圆锥曲线的综合问题,圆锥曲线的综合问题,10,yes,曲线,概率与统计综合问题的思路 先确定概率模型再计算，常与频率分布、独立性检验结合。 概率统计综合大题。 概率统计综合问题一般步骤：①由统计图表或频率估计概率；②识别
PHYSICS,物体看作质点的条件-物体的大小和形状对研究问题的影响可以忽略,物体看作质点的条件：物体的大小和形状对研究问题的影响可以忽略。,10,yes,面积,斜面板块受向上牵引力保持相对静止的条件 F作用在M上时保持相对静止向上滑动的条件为 $(M+m)g(\mu_2\cos\theta+\sin\theta)<F<
PHYSICS,时刻与时间间隔区别与联系,时刻与时间间隔区别与联系,5,yes,纵坐标,不连续相等时间间隔位移差的推广式 对不连续的相等时间间隔，位移差公式可推广为 $x_m-x_n=(m-n)aT^2$（m>n）。 相隔若干个相等时间间隔的两段位
PHYSICS,路程-物体运动轨迹的长度-只有大小-没有方向-是标量-其单位就是长度的单位,路程：物体运动轨迹的长度，只有大小，没有方向，是标量，其单位就是长度的单位。,5,yes,曲线,由运动轨迹判断电场力方向与速度方向 电场力指向轨迹凹侧且沿电场线切线（或与等势线垂直），电荷速度方向沿轨迹切线。 由带电粒子运动轨迹和电场线（等势面）图判断受力
PHYSICS,速度定义-位移与发生这段位移所用时间之比-表示物体运动快慢的物理量-是过程量,速度定义：位移与发生这段位移所用时间之比，表示物体运动快慢的物理量，是过程量。,35,yes,斜率,x-t图像斜率表示瞬时速度 x-t图线上某点斜率 $k=\frac{\Delta x}{\Delta t}$ 表示该时刻的瞬时速度。 判断物体速度大小、方向及运
PHYSICS,速度-速度的变化量-加速度的比较,速度、速度的变化量、加速度的比较,23,yes,面积,a-t图像面积表示速度变化量 a-t图线与t轴围成的面积表示速度变化量 $\Delta v=at$。 由加速度图像求某段时间内速度的变化量。 $\Delta v
PHYSICS,初速度为零的几个重点推论,初速度为零的几个重点推论：,11,yes,图线,初速度为零匀变速按时间等分的位移比 连续相等时间间隔内的位移之比为 $1:3:5:\cdots:(2n-1)$。 初速度为零的匀加速运动求各相等时间间隔内位移比
PHYSICS,运动规律,运动规律:,1,no,,传动装置中的运动规律 不打滑的皮带（摩擦、齿轮）传动边缘线速度相等；同轴传动角速度相等。 比较传动装置上各点运动参量时使用。 皮带（摩擦、齿轮）传动：边缘线速度
PHYSICS,x-t图像-v-t图像-a-t图像的对比,x-t图像，v-t图像，a-t图像的对比,14,yes,图线,E-x图像的三条分析要点 E-x图像中图线与x轴围成面积表示电势差，纵坐标乘q可转化为F-x图像，面积乘q表示电场力做功。 非匀强电场中由E-x图像求电势差、做
PHYSICS,非常规运动学图像,非常规运动学图像,13,yes,纵坐标,常规运动图像四步处理法 按'横纵坐标→图像走势→斜率截距面积→交点'四步提取图像信息解题。 一切 x-t、v-t、a-t 等常规运动图像的分析与选择题。 1. 
PHYSICS,追及相遇问题的实质及分析思路,追及相遇问题的实质及分析思路：,24,yes,面积,追及相遇问题的两个关系与速度相等临界点 处理追及相遇问题抓住时间关系和位移关系列式；速度相等是能否追上及距离最大、最小的临界点。 各类两物体追及、相遇、避碰问题
PHYSICS,图象法,图象法,0,no,,
PHYSICS,追及问题的分析和解题思路,追及问题的分析和解题思路,7,yes,纵坐标,电场图像问题的分析关键 电场图像问题先从横、纵坐标直接分析物理量随x的变化关系，再从静电场公式计算相关物理量。 φ-x、E-x、Ep-x等各类电场图像问题的通用
PHYSICS,竖直上抛运动的处理方法,竖直上抛运动的处理方法：,23,yes,图线,斜抛运动的正交分解模型 将斜抛速度按水平和竖直分解：水平以 $v_x=v_0\cos\theta$ 匀速，竖直以 $v_y=v_0\sin\theta$ 做竖直
PHYSICS,对牛顿第三定律的理解,对牛顿第三定律的理解,8,yes,由图,U-I 图像中电阻的理解 由图像求元件电阻 非线性元件 非线性元件的 U-I 图线是曲线，某状态下电阻应按 $R=U/I$ 即该点与原点连线的斜率计算，不能用切
PHYSICS,动力学的两类基本问题的解题步骤,动力学的两类基本问题的解题步骤,14,yes,极值,线框水平穿过磁场的动力学特征 光滑水平面上，线框进入和穿出磁场时做加速度减小的减速运动；完全在磁场中时无感应电流、不受安培力，做匀速直线运动。 水平面光滑、线框
PHYSICS,模型示意图,模型示意图：,2,yes,图示,力的图示与力的示意图 力的图示精确表示三要素，线段长度按标度画；示意图只反映方向和作用点，不需标度。 画受力图、表述力的三要素。 1. 力的图示：用一条带箭头的
PHYSICS,动力学图像法在动力学问题中的应用-数形结合思想,动力学图像法在动力学问题中的应用——数形结合思想,11,yes,斜率,动力学图像法 结合 v-t、a-t、F-t、F-a 图像的斜率、截距、面积提取信息解题。 处理与图像结合的动力学问题时使用。 v-t 图斜率为加速度，a-t 图
PHYSICS,概念-物体运动轨迹是曲线的运动,概念：物体运动轨迹是曲线的运动。,3,yes,曲线,非线性元件伏安特性曲线的电阻判读 伏安特性曲线上某状态的电阻等于该点与原点连线斜率的倒数（U/I），不是切线斜率的倒数。 小灯泡、二极管等非线性元件某工作点电阻
PHYSICS,核心处理思想-运动的合成与分解-约束条件,核心处理思想：运动的合成与分解 + 约束条件：,11,yes,曲线,碰撞速度合理性：同向运动的约束 同向运动碰撞碰前应有v后>v前；碰后原在前物体速度一定增大，若仍同向应有v'前≥v'后。 判断两物体同向碰撞后结果是否物理合理。
PHYSICS,运动性质-匀变速曲线运动-加速度恒为重力加速度-g-大小方向不变,运动性质：匀变速曲线运动，加速度恒为重力加速度 g（大小方向不变）。,40,yes,曲线,三力平衡之矢量三角形法 当F₁大小方向不变、F₂方向不变大小可变、F₃大小方向均可变时，将三力合成闭合三角形图解分析力的变化。 三力动态平衡中只有一个力方向不变
PHYSICS,关联速度的分析-运动分解的核心思想,关联速度的分析——运动分解的核心思想,13,yes,纵坐标,v-x图像结合a=v·Δv/Δx的分析 结合 $a=\frac{\Delta v}{\Delta t}=\frac{\Delta v}{\Delta x}\cd
PHYSICS,分析方法,分析方法,3,yes,并联,含电容电路的分析方法 稳定电路中电容器视为断路，其电压等于所并联部分的电压，充放电电荷量 $ΔQ=CΔU$。 含电容器的直流电路稳态分析。 1. 电路简化：不分
PHYSICS,匀变速直线运动的规律,匀变速直线运动的规律,14,yes,并联,匀变速直线运动位移差公式Δx=aT² 做匀变速直线运动的物体在连续相等时间间隔T内的位移差为恒量 $\Delta x=aT^2$。 纸带处理、连续相等时间间隔求
PHYSICS,曲线运动的基本概念与处理思想,曲线运动的基本概念与处理思想,1,no,,力的概念与基本性质 力是物体间的相互作用，具有物质性、相互性、矢量性、独立性。 理解力的基本概念与特征。 力是物体与物体间的相互作用；作用效果是使物体发生形变或
PHYSICS,平抛运动的临界问题,平抛运动的临界问题,9,yes,极值,平抛运动临界问题的求解 处理恰好不出界类平抛问题 平抛与边界、斜面、圆弧结合 抓住恰好不出界、刚好飞过壕沟、速度方向恰好与斜面平行等关键词，把临界条件转化为位移
PHYSICS,速度时间公式,速度时间公式,4,yes,斜率,v-t 图像的识读 v-t 图像的斜率表示加速度，面积表示位移。 由速度图像分析物体运动、求位移时使用。 斜率表示加速度；纵截距表示初速度；两图线交点表示此时刻
PHYSICS,位移时间公式,位移时间公式,2,yes,斜率,x-t 图像的识读 x-t 图像的斜率表示速度，交点表示相遇。 由位移图像分析物体运动时使用。 斜率表示速度，上倾为正、下斜为负，陡缓表示大小；水平线表示静止。
PHYSICS,速度位移公式,速度位移公式,2,yes,图线,人船模型（零初速系统的位移分配） 初速度为零的系统在某一方向动量守恒时，各部分对地位移与其质量成反比。 人在船上走动、气球上攀爬等系统初始静止、受内力作用的问题
PHYSICS,大小-g-mg-可用弹簧测力计测量,大小：G＝mg，可用弹簧测力计测量．,3,yes,图示,力的合成实验注意事项 规范操作力的合成实验 互成角度力的合成实验 弹簧测力计应与木板平行且沿轴线方向，指针拉杆不与纸面摩擦；细绳套适当长些，沿绳两端描点连线确定
PHYSICS,弹力的方向,弹力的方向,5,yes,斜率,重力的方向与 g 的变化 重力方向竖直向下，大小 $G=mg$，g 随纬度和高度变化。 计算重力、分析重力方向时使用。 重力方向总是竖直向下，不一定指向地心，也
PHYSICS,曲线运动,曲线运动,0,no,,
PHYSICS,卫星发射速度和宇宙速度与运动轨迹的关系,卫星发射速度和宇宙速度与运动轨迹的关系,11,yes,曲线,卫星发射与变轨的基本过程 低圆轨道→近地点点火加速做离心运动进入椭圆轨道→远地点再次点火加速进入高圆轨道。 卫星变轨类问题的过程框架。 1. 卫星在圆轨道Ⅰ上做
PHYSICS,弹力做功与弹性势能变化的关系,弹力做功与弹性势能变化的关系,24,yes,纵轴,微元法求方向变化的变力做功 力大小不变、方向改变但与速度方向夹角不变时，把路程分段求和：$W_f=F_f\cdot 2\pi R$。 圆周运动中摩擦力、空气阻力
PHYSICS,机车启动问题,机车启动问题,7,yes,斜率,机车启动的两种模式 恒功率启动做加速度减小的加速运动；恒加速度启动先匀加速后变加速。 分析机车、汽车启动问题时使用。 最大速度：$v_m=\frac{P_{额}
PHYSICS,图象,图象,0,no,,
PHYSICS,图象信息,图象信息：,0,no,,
PHYSICS,波动图象的特点,波动图象的特点,8,yes,曲线,电场线的特点 电场线从正电荷出发到负电荷终止，不闭合、不相交，疏密表示场强大小。 定性分析电场分布时使用。 电场线上每点切线方向为该点场强方向；疏处场强小、密处
PHYSICS,波动图象的信息,波动图象的信息,4,yes,曲线,简谐运动图像的信息 由 x-t 图像可直接读出振幅、周期及各时刻的速度方向。 振动图像分析时使用。 可直接读出振幅 A、周期 T（或频率）与任意时刻的位移。 曲
PHYSICS,传播方向和振动方向的判断-图像理解,传播方向和振动方向的判断——图像理解,17,yes,图线,波的多解因素：双向性 波的传播方向不确定和质点振动方向不确定是波动问题多解的另一主要因素。 未指明传播方向或质点起振方向的波形图问题。 双向性包括两类：1. 传
PHYSICS,解决波的多解问题的思路和步骤,解决波的多解问题的思路和步骤,5,no,,波的多解因素：周期性 时间间隔与周期、传播距离与波长的关系不明确是波动问题多解的主要因素之一。 由两时刻波形或两位置波形求波速、周期类问题。 造成波传播问题多解
PHYSICS,机械能守恒定律,机械能守恒定律,31,yes,斜率,链条（液柱）类机械能守恒的判断 链条、液柱类物体不能看成质点，但运动中只有重力做功时整体机械能守恒。 链条滑落、液柱流动等形状连续变化且不计摩擦的情境。 链条（
PHYSICS,多普勒效应的成因分析,多普勒效应的成因分析,4,yes,图线,多普勒效应 波源与观察者相对靠近时接收频率变高，远离时变低。 解释测速、测星等应用时使用。 相对静止时接收频率等于波源频率；靠近时接收到的频率变大，远离时变小。
PHYSICS,波的干涉中振动加强点和减弱点的判断方法,波的干涉中振动加强点和减弱点的判断方法：,20,yes,面积,干涉加强点减弱点：同相波源的距离差条件 两波源频率相同、振动情况完全相同时，Δr=nλ振动加强，Δr=(2n+1)λ/2振动减弱。 双波源干涉中判断某质点振动加
PHYSICS,简谐运动,简谐运动,10,yes,曲线,简谐运动的定义与回复力 回复力与位移大小成正比、方向相反的振动是简谐运动。 判断简谐运动、分析振子受力时使用。 动力学定义 $F=-kx$，运动学定义 $x=A
PHYSICS,电场线,电场线,3,yes,曲线,由轨迹判断电性与受力 合力指向轨迹凹侧，结合电场线方向判断电荷电性。 已知运动轨迹和电场线（等势面）时使用。 带电粒子只受电场力时，电场力指向轨迹弯曲的内侧，且
PHYSICS,做直线运动的条件,做直线运动的条件,8,yes,曲线,带电粒子（带电体）做直线运动的条件 合力为0时静止或匀速直线运动；合力不为0但方向不变且与初速度共线时做变速直线运动。 判断带电粒子在电场中能否做直线运动。 1
PHYSICS,求解电偏转问题的两种思路,求解电偏转问题的两种思路,2,yes,由图,交变电场偏转问题的思维方法（ay-t与vy-t图像） 由已知图像和电性比荷画出平行于电场方向的ay-t图像，再画vy-t图像，用周期性综合求解。 由电压（场强）
PHYSICS,e-x图像,E-x图像,0,no,,
PHYSICS,φ-x图像-反映了电势随位移变化的规律,φ-x图像（反映了电势随位移变化的规律）,5,yes,面积,a-x图像面积表示速度平方变化的一半 由 $a=\frac{v^2-v_0^2}{2x}$ 可知 a-x 图线与x轴围成面积表示 $\frac{1}{2}(v^
PHYSICS,ep-x图像,Ep-x图像,0,no,,
PHYSICS,利用电场线和等势面解决带电粒子运动问题的方法,利用电场线和等势面解决带电粒子运动问题的方法,14,yes,曲线,匀强电场的电场线与等势面特征 匀强电场的电场线是平行且等间距的直线，等势面是垂直于电场线的一簇平面。 匀强电场的识别与电场图像判断。 匀强电场：电场线是平行且等
PHYSICS,平行板电容器的动态分析问题的两种情况,平行板电容器的动态分析问题的两种情况,14,yes,面积,电容器与电容 电容表示电容器容纳电荷本领，由电容器本身决定。 电容计算与充放电分析时使用。 定义式 $C=\frac{Q}{U}$，单位法拉；C 与 Q、U 无
PHYSICS,等效法求解电场中圆周运动问题的解题思路,等效法求解电场中圆周运动问题的解题思路,10,yes,斜率,均匀带电圆环缺口的等效法求圆心场强 均匀带电圆环剪掉一小段后，圆心处场强等于补上该小段（视为点电荷）产生场强的反向补齐，E=kQl/(2πr³)。 圆环缺口、不
PHYSICS,电势差与电场强度的关系,电势差与电场强度的关系,17,yes,极值,电场强度的三个公式及适用范围 E=F/q适用于任何电场，E=kQ/r²适用于点电荷电场，E=U/d只适用于匀强电场。 选择电场强度计算公式时判断适用条件。 1.
PHYSICS,电容器,电容器,3,yes,支路,含容电路：电容器稳定后相当于断路 电路稳定后电容器支路无电流、相当于断路，两极板间电压等于该支路（并联电阻）两端电压。 稳定电路中电容器电压与电荷量的确定。 1
PHYSICS,电容器充放电过程,电容器充放电过程,15,yes,支路,电阻表检测不同电学元件时的示数特点 定值电阻正反接阻值相等；二极管正反接阻值差很多；电容器示数逐渐变大（充电）；电感示数逐渐减小（自感）。 用欧姆挡判别元件类型
PHYSICS,带电粒子在电场中的运动,带电粒子在电场中的运动,12,yes,图线,带电粒子只受静电力时v-t图像的判读 由v-t图像确定加速度方向与大小变化，进而判定各点场强方向、大小及电势、电势能变化。 带电粒子在非匀强电场中变速运动的图像
PHYSICS,带电粒子在电场中的平衡问题-受力分析,带电粒子在电场中的平衡问题——受力分析,4,yes,曲线,带电粒子在电场中的两种分析观点 求解电场中直线运动的规律选择 电场直线运动计算 动力学观点：$a=qE/m$、$v^2-v_0^2=2ad$；功能观点：匀强电场
PHYSICS,电源的内阻-电源内部是由导体构成-所以也有电阻-这个电阻叫做电源的内阻,电源的内阻：电源内部是由导体构成，所以也有电阻，这个电阻叫做电源的内阻；,2,yes,支路,电桥法与双电源法测电阻 电桥平衡（灵敏电流计示数为零）时对角线电阻乘积相等；双电源正反两次测量可消除部分系统误差。 高精度或特殊要求的测电阻方法。 1. 电桥法
PHYSICS,路端电压与外电阻的关系,路端电压与外电阻的关系,11,yes,串联,电路故障排查的器材选择原则 电路中有电源时一般用电压表排查，无电源或电源断开时用电阻表排查；示数分为零和很大两种情况。 断路、短路故障的检测方案设计。 无论用什
PHYSICS,程序法-遵循-局部-整体-局部-的思路,程序法: 遵循“局部—整体—局部”的思路,1,yes,支路,动态电路分析的程序法 按局部电阻变化、总电阻变化、总电流和路端电压变化、再分析各支路的顺序递推分析动态电路。 滑动变阻器阻值变化、开关通断引起的电路动态问题。 
PHYSICS,结论法-串反并同-应用条件为电源内阻不为零,结论法：“串反并同”，应用条件为电源内阻不为零．,3,yes,串联,串反并同结论 某一电阻增大时，与它串联或间接串联的电阻的电流、电压、功率都减小；与它并联或间接并联的都增大。 电源有内阻、单一电阻变化的动态电路快速判断。 1.
PHYSICS,特殊值法-对于某些特殊电路问题-可以采取代入特殊值的方法去判定,"特殊值法:对于某些特殊电路问题,可以采取代入特殊值的方法去判定.",2,no,,串反并同法的局限与替代方法 串反并同一般只能用于仅一个电阻变化的情况；两个及以上电阻变化时用计算法、特殊值法、极限法处理。 判断串反并同能否使用并选择替代方案。
PHYSICS,电源输出功率-整个外电路上消耗的电功率,电源输出功率:整个外电路上消耗的电功率.,6,no,,电源输出功率最大的条件与公式 P出=E²R/(R+r)²，当R=r时输出功率最大为E²/4r；外电阻越接近内阻输出功率越大。 可变外电阻求电源最大输出功率及效率
PHYSICS,纯电阻电路和非纯电阻电路的处理,纯电阻电路和非纯电阻电路的处理,6,yes,并联,电表与开关的电阻化处理约定 电压表、电流表可看成定值电阻；断开的开关阻值无穷大、闭合的开关阻值为0。 动态电路与含表电路的结构简化。 1. 可以把电路中的电压表
PHYSICS,数学思想处理电路中的功率和效率问题,数学思想处理电路中的功率和效率问题,1,no,,多次碰撞问题 多次碰撞常用数学归纳法找出每次碰撞后速度（位移）的通项规律。 物体与挡板多次碰撞、连续碰撞问题。 处理方法：数学归纳法。 主要模型：两个物体之间或
PHYSICS,等效电源法处理电路中的功率问题,等效电源法处理电路中的功率问题,7,yes,串联,原线圈含负载的等效电源法：$E'=\frac{U}{k}$，$r'=\frac{R_0}{k^2}$ 原线圈串联定值电阻 $R_0$、匝数比 $k=\frac{
PHYSICS,欧姆定律,欧姆定律,2,yes,曲线,欧姆定律与伏安特性曲线 欧姆定律适用于金属和电解液纯电阻电路，使用时注意同体性和同时性；伏安特性曲线反映元件性质。 欧姆定律的应用与元件特性判断。 1. 内容：
PHYSICS,闭合电路欧姆定律,闭合电路欧姆定律,8,yes,图线,测量电源电动势和内阻的实验原理 实验原理是闭合电路欧姆定律E=U+Ir，其中U为路端电压、I为流过电源的电流。 伏安法测电池电动势与内阻的方案设计与理解。 实验
PHYSICS,电路的故障分析,电路的故障分析,3,yes,串联,热敏电阻与电磁继电器温控电路的分析 热敏电阻随温度改变阻值，控制回路电压达到继电器吸合电压时电路通断，按串联分压列式求设定电阻。 自动温控装置的设计与计算。 1
PHYSICS,电路中的基本概念,电路中的基本概念,0,no,,
PHYSICS,电路中的基本定律,电路中的基本定律,0,no,,
PHYSICS,仪器构造-质谱仪由粒子源-加速电场-偏转磁场和照相底片构成,仪器构造：质谱仪由粒子源、加速电场、偏转磁场和照相底片构成.,9,no,,经同一加速与偏转电场粒子轨迹与比荷无关 经同一加速电场和同一偏转电场后，粒子偏移量与比荷无关，所有粒子轨迹相同。 质子、α粒子、各种离子经相同加速和偏转电场的对
PHYSICS,判断电磁感应现象能否产生的方法,判断电磁感应现象能否产生的方法：,2,yes,图线,判断感应电流有无的方法 先定回路，再看磁通量是否变化、回路是否闭合，两者同时满足才有感应电流。 判断电磁感应现象能否发生。 判断流程：①确定所研究的回路；②看穿
PHYSICS,产生条件-穿过回路的磁通量发生改变-与电路是否闭合无关,产生条件：穿过回路的磁通量发生改变，与电路是否闭合无关。,1,no,,电磁振荡与电磁波：LC 回路振荡、电磁场与电磁波谱 LC 回路中电场能与磁场能周期性转化形成电磁振荡，变化的电场与磁场交替产生并由近及远传播形成电磁波，按频率高
PHYSICS,危害-互感现象能发生在任何两个相互靠近的电路之间-互感现象有时会影响电路的工作,危害：互感现象能发生在任何两个相互靠近的电路之间，互感现象有时会影响电路的工作。,0,no,,
PHYSICS,定义-一个线圈中的电流变化时-它所产生的变化的磁场在它本身激发出感应电动势的现象,定义：一个线圈中的电流变化时，它所产生的变化的磁场在它本身激发出感应电动势的现象。,16,yes,支路,阻碍原电流的变化——自感现象（增反减同） 线圈中电流增大时自感电动势与原电流反向，减小时同向，即阻碍原电流的变化。 通电自感、断电自感及含线圈电路的分析。 阻碍
PHYSICS,带电粒子在交变电磁场中的运动,带电粒子在交变电磁场中的运动：,12,yes,斜率,带电粒子在交变电场中的直线运动类型 常见交变电压分正反向时间相同与不同两类，粒子做单向直线运动或往返运动。 粒子在周期性变化电压的极板间做直线运动的问题。 1.
PHYSICS,电磁感应中的电路问题,电磁感应中的电路问题,8,yes,并联,电磁感应中通过回路的电荷量 $q=\frac{\Delta\Phi}{R}$ 电磁感应过程通过导体截面的电荷量 $q=\frac{\Delta\Phi}{R}$
PHYSICS,电磁感应中的图像问题,电磁感应中的图像问题,9,yes,面积,电场中的图像问题 由场强、电势、电势能随位置变化图像提取电场信息。 处理电场图像类问题时使用。 E-x 图像：与 x 轴围成的面积表示电势差，正负表示场强方向。
PHYSICS,正弦式交变电流的变化规律-线圈在中性面位置时开始计时,正弦式交变电流的变化规律(线圈在中性面位置时开始计时),7,yes,图线,振动图像与波的图像随时间的变化规律 振动图像随时间延伸且已有形状不变；波的图像沿传播方向平移、原有波形周期性变化。 判断经过一段时间后两种图像的形状变化。 1.
PHYSICS,振荡电路过程中各物理量的变化,振荡电路过程中各物理量的变化,3,no,,振幅、周期与振动物理量的变化关系 位移变大则加速度变大、速度变小；一个周期路程为 4A。 分析振子各量变化时使用。 振幅是离开平衡位置的最大距离（标量，表示振动
PHYSICS,电能的远距离输送电路图,电能的远距离输送电路图：,0,no,,
PHYSICS,电磁振荡,电磁振荡,1,no,,LC 振荡电路 电场能与磁场能周期性相互转化，周期由 L 和 C 决定。 分析振荡电路充放电过程时使用。 放电：电场能转化为磁场能，放电完毕时电流最大；充电：磁
PHYSICS,气体实验定律,气体实验定律,2,yes,面积,气体实验图像的面积与斜率 p-V 图线下面积表示做功，等温、等容、等压线在图中可比较参量。 分析气体图像问题时使用。 p-V 图像：图线与 V 轴围成的面积表示
PHYSICS,物理意义-一切自发过程总是沿着分子热运动的无序度增大的方向进行程,物理意义：一切自发过程总是沿着分子热运动的无序度增大的方向进行程。,4,yes,图线,功能图像中图线斜率的物理意义 $E_k-x$ 图线斜率为合外力，$E_p-x$ 为对应的力，$E-x$ 为除重力弹力外的力，$E-t$ 为功率。 能量随位移或时
PHYSICS,变质量问题的处理思想-等效,变质量问题的处理思想——等效,10,yes,面积,变质量问题之充气：整体作为研究对象 充气时把原有气体和即将充入的气体整体作为研究对象，转化为质量不变问题列式。 向容器、轮胎充气类问题。 充气问题：选择原有气体
PHYSICS,误差分析-x1,误差分析,1,yes,图线,a-F 图像异常的原因分析 由截距与弯曲判断实验操作问题 探究 a 与 F 关系实验 图线在 $F$ 轴上有截距说明未平衡摩擦或倾角过小；在 $a$ 轴上有截距
PHYSICS,注意事项-x1,注意事项,13,yes,图线,探究弹簧弹力实验的注意事项 规范完成弹簧弹力实验 悬挂法测劲度系数 钩码不宜过多以防超过弹性限度；用轻质弹簧并尽量多测几组数据；记录时统一单位并注意 $F$ 与
PHYSICS,图像法在处理实验数据方面的应用-x1,图像法在处理实验数据方面的应用,12,yes,图线,测E和r的U-I图像数据分析 U-I图线为直线U=−Ir+E：纵轴截距为电动势E，斜率绝对值表示内阻r=|ΔU/ΔI|。 图像法处理测电源电动势和内阻的实验数据
PHYSICS,热力学第一定律,热力学第一定律,9,yes,图线,热力学第一定律的正负号法则 $\Delta U=Q+W$：$W$ 为正表示外界对系统做功，$Q$ 为正表示系统吸热，$\Delta U$ 为正表示内能增加。 一
PHYSICS,热力学图像问题,热力学图像问题,0,no,,
PHYSICS,分子运动速率分布图像-气体分子速率呈-中间多-两头少-的规律分布-如下图所示,分子运动速率分布图像：气体分子速率呈“中间多、两头少”的规律分布，如下图所示。,1,no,,气体分子运动的特点 气体分子间距大、作用力可忽略，速率呈“中间多、两头少”分布，各方向运动机会均等。 气体分子动理论的统计理解。 1. 气体分子间距远大于分子直
PHYSICS,光电效应的图像问题,光电效应的图像问题,7,yes,斜率,E_km-ν 图像的三要素（横截距、纵截距、斜率） $E_{km}$-$\nu$ 图线：横截距为极限频率 $\nu_0$；纵截距绝对值为逸出功 $W_0$；斜率
PHYSICS,常见的图象,常见的图象,0,no,,
PHYSICS,图象的应用,图象的应用,0,no,,
PHYSICS,动力学三大观点在多体问题和多过程运动中的应用,动力学三大观点在多体问题和多过程运动中的应用,8,yes,斜率,v-t图像法适用于多过程运动问题 用 v-t 图像解题不止适用于追及相遇，遇到多过程问题也可尝试画图求解。 多阶段、多物体交织的运动过程问题。 用 v-t 图像
PHYSICS,必备实验仪器的原理及使用,必备实验仪器的原理及使用,15,yes,图线,回旋加速器的原理与最大动能 交变电压周期等于粒子回旋周期，最大动能由 B 和 D 形盒半径决定。 分析回旋加速器问题时使用。 交变电压周期与粒子圆周运动周期相等
PHYSICS,用力传感器或已知质量的钩码等代替弹簧测力计,用力传感器或已知质量的钩码等代替弹簧测力计。,3,yes,斜率,用压力传感器水平放置弹簧消除自重影响 把弹簧水平放置并用压力（拉力）传感器测弹力，可消除弹簧自重对实验的影响并自动获得图像。 弹簧实验的器材与方案创新。 1. 
PHYSICS,图像法在处理实验数据方面的应用,图像法在处理实验数据方面的应用,0,no,,
CHEMISTRY,氧化物的类型,氧化物的类型,5,yes,曲线,氧化物的类型与判断误区 氧化物分酸性、碱性、两性、不成盐和特殊氧化物，金属或非金属氧化物与酸碱性无必然对应。 氧化物分类判断题。 酸性氧化物与碱反应生成盐和水（
CHEMISTRY,浓度计算的常用方法,浓度计算的常用方法,7,no,,反应热计算的常用依据 反应热可由热化学方程式、盖斯定律、燃烧热、键能、焓等多种途径计算。 选择合适方法计算反应热时使用。 热化学方程式：反应热与化学计量数成正比
CHEMISTRY,在化学研究中-物质的量浓度是使用最广泛的一种表示溶液浓度的方法,在化学研究中，物质的量浓度是使用最广泛的一种表示溶液浓度的方法。,7,yes,纵坐标,配制一定物质的量浓度溶液的步骤与仪器 配制溶液按计算、称量、溶解、冷却移液、洗涤、定容、摇匀七步，用容量瓶定容。 规范描述配制溶液实验、选择仪器时使用。 主要仪
CHEMISTRY,电解质概念和判断的几个-特殊点,电解质概念和判断的几个“特殊点”,7,yes,纵坐标,对数图像的解题策略五步 定型、明轴、抓特殊点、明趋势、联知识五步解读对数图像。 水溶液平衡的对数/负对数图像题。 1. 先确定图像是对数图像还是负对数图像。 2
CHEMISTRY,碱金属元素单质及其化合物有广泛用途,碱金属元素单质及其化合物有广泛用途。,7,no,,元素化合物框图推断三步法 找特征信息、提假设验证、代入全题检验三步完成物质推断。 元素化合物的框图转化推断题。 1. 找信息：圈出特征颜色、气味、溶解性及特殊反
CHEMISTRY,碳酸钠-碳酸氢钠与酸反应的特点,碳酸钠、碳酸氢钠与酸反应的特点,6,yes,横轴,多元弱酸盐与强酸反应的量比规律 酸不足只质子化一步生成酸式盐，酸过量则完全反应生成弱酸。 CO32-、S2-、PO43-等多元弱酸盐与盐酸等强酸的反应。 盐酸不
CHEMISTRY,na2co3-nahco3与酸反应的图像分析,Na2CO3、NaHCO3与酸反应的图像分析,15,yes,顶点,铁与稀硝酸反应的量比规律 硝酸过量生成Fe3+，铁过量（硝酸不足）生成Fe2+。 铁与稀硝酸反应的产物判断与方程式书写。 硝酸过量时：Fe+4HNO3(稀)=F
CHEMISTRY,实验室制取氯气装置的改进,实验室制取氯气装置的改进,7,yes,连接顺序,实验室制氯气的易错点 制氯气须用浓盐酸、控温防挥发、实验结束后先停止反应再拆装置。 装置连接顺序与操作正误判断时使用。 必须用浓盐酸，稀盐酸与 MnO2 不反应
CHEMISTRY,制取cl2装置的创新,制取Cl2装置的创新,4,no,,分离提纯的创新装置 抽滤加快过滤，竖立冷凝管实现回流，双耳球防倒吸，减压蒸馏适于高沸点易分解物。 识别与设计创新分离装置时使用。 抽滤（减压过滤）：水流抽气使系
CHEMISTRY,电子工业常用30-的fecl3溶液腐蚀敷在绝缘板上的铜箔-制造印刷电路板,电子工业常用30%的FeCl3溶液腐蚀敷在绝缘板上的铜箔，制造印刷电路板。,0,no,,
CHEMISTRY,铁与水蒸气反应实验改进前后的装置如图所示,铁与水蒸气反应实验改进前后的装置如图所示：,0,no,,
CHEMISTRY,用如图所示装置-夹持仪器省略-制备氢氧化亚铁,用如图所示装置(夹持仪器省略)制备氢氧化亚铁。,4,no,,Fe(OH)2在空气中白色沉淀先变灰绿后变红褐 Fe(OH)2白色沉淀在空气中迅速变灰绿色，最终变为红褐色Fe(OH)3。 Fe2+的检验与Fe(OH)2制备实
CHEMISTRY,粗铜的电解精炼示意图如图所示,粗铜的电解精炼示意图如图所示。,6,no,,电镀与电解精炼铜 电镀时镀层金属作阳极、镀件作阴极，镀液浓度不变；精炼铜Cu2＋浓度减小。 电解原理应用判断。 电镀：利用电解原理在金属表面镀上其他金属或合金；
CHEMISTRY,某兴趣小组利用电解装置-探究-铁作阳极-时发生反应的多样性-实验过程如图,某兴趣小组利用电解装置，探究“铁作阳极”时发生反应的多样性，实验过程如图。,7,yes,流向,电解时两极的放电顺序 惰性阳极放电顺序Cl－＞OH－，阴极Ag＋＞Cu2＋＞H＋，K＋至Al3＋在水溶液中不放电。 判断电解产物。 活性电极（金属活动性顺序中A
CHEMISTRY,热重分析确定金属化合物的组成,热重分析确定金属化合物的组成,6,yes,曲线,热重分析中固体失重的先后顺序规律 加热失重顺序：先失结晶水，再失去非金属元素形成的气体，金属被氧化时才失O2。 热重法分析含结晶水固体、盐类分解的组成推断。 常
CHEMISTRY,能源与科学-技术-社会密不可分-下列装置或过程能实现电能转化为化学能的是,能源与科学、技术、社会密不可分。下列装置或过程能实现电能转化为化学能的是,4,no,,化学反应中能量转化的形式对应 常见能量转化：光合作用光能转化学能，原电池化学能转电能，电解池电能转化学能。 判断能量转化形式、辨析能量守恒表述时使用。 吸热反应
CHEMISTRY,如图所示是检验某无色气体a是so2和co2的混合气体的装置-按要求回答下列问题,如图所示是检验某无色气体A是SO2和CO2的混合气体的装置，按要求回答下列问题：,11,no,,Fe(OH)2 制备的装置设计与成功关键 Fe(OH)2 极易被氧化，制备须隔绝氧气：覆盖苯或煤油、H2 排空、煮沸除氧等。 设计制备 Fe(OH)2 装置、说
CHEMISTRY,二氧化硫的尾气处理,二氧化硫的尾气处理,4,no,,二氧化硫的性质 SO2具有酸性氧化物通性、氧化性、还原性和漂白性。 SO2性质与现象分析。 无色、有刺激性气味的气体，易溶于水；酸性氧化物：SO2＋H2O⇌H2
CHEMISTRY,下图是检验某无色气体a是so2和co2的混合气体的装置图-按要求回答下列问题,下图是检验某无色气体A是SO2和CO2的混合气体的装置图，按要求回答下列问题：,0,no,,
CHEMISTRY,常见的装置,常见的装置,0,no,,
CHEMISTRY,金属与硝酸反应计算的四种方法,金属与硝酸反应计算的四种方法,8,no,,反应热计算的虚拟路径法（盖斯定律循环） 同一反应不同途径的反应热总和相等，按同向加、反向减列式求ΔH。 有溶解、电离等中间过程或多步循环的反应热计算。 核心：同
CHEMISTRY,现象描述答题模板,现象描述答题模板,4,no,,归因解释类问题的答题模板 摆数据现象、排除无关反应、用速率与平衡理论解释三步作答。 『解释原因』类简答题。 第一步：从图像或表格中找出相关数据与变化趋势（某条件
CHEMISTRY,分析图像书写热化学方程式,分析图像书写热化学方程式。,0,no,,
CHEMISTRY,北京冬奥会期间使用氢燃料清洁能源汽车-其氢氧燃料电池工作示意图如图所示,北京冬奥会期间使用氢燃料清洁能源汽车，其氢氧燃料电池工作示意图如图所示。,0,no,,
CHEMISTRY,o2作为原电池的正极反应物时-其电极反应在不同的介质中有不同的写法,O2作为原电池的正极反应物时，其电极反应在不同的介质中有不同的写法。,5,yes,流向,钢铁的析氢腐蚀与吸氧腐蚀 水膜酸性强时析氢腐蚀，弱酸或中性时吸氧腐蚀，最终生成铁锈。 书写两类腐蚀的电极反应、解释铁生锈时使用。 析氢腐蚀（水膜酸性较强）：负极
CHEMISTRY,已知总方程式-书写电极反应式,已知总方程式，书写电极反应式,8,yes,流向,新型电化学装置分析三步法 按析氧化（电子流向）、定电极、列电极反应式三步分析新装置。 陌生电化学装置（新型电池、电解装置）的分析与计算。 1. 析氧化：分析电子
CHEMISTRY,在浓差电池中-为了限定某些离子的移动-常涉及到-离子交换膜,在浓差电池中，为了限定某些离子的移动，常涉及到“离子交换膜”。,9,no,,离子交换膜的类型与功能判断 阳膜只过阳离子、阴膜只过阴离子、质子膜只过H+、双极膜解离水供H+和OH-。 电解、电渗析及燃料电池中膜的选择与产物判断。 阳离子交
CHEMISTRY,浓差电池-的分析方法,“浓差电池”的分析方法,3,yes,串联,一池两用装置的分析 同一装置接不同电路可分别作原电池或电解池，按电极与电源连接判断。 分析一池两用（K 接 N 或 M）类装置时使用。 接原电池：活泼金属作负极
CHEMISTRY,提高合成氨反应速率和平衡转化率的条件比较,提高合成氨反应速率和平衡转化率的条件比较,5,yes,曲线,平衡转化率的表达式与影响规律 转化率=转化量/起始量×100%，平衡正移不一定使指定反应物转化率增大。 计算转化率、判断条件对转化率影响时使用。 α(A)=n(
CHEMISTRY,工业合成氨的适宜条件,工业合成氨的适宜条件,5,no,,工业合成氨的适宜条件 合成氨采用 10~30 MPa、400~500 ℃、铁触媒，并及时分离氨、循环利用原料。 解答合成氨条件选择及理由说明时使用。 压强：10
CHEMISTRY,速率-时间图像,速率-时间图像,0,no,,
CHEMISTRY,全程速率-时间图像,全程速率—时间图像,3,yes,曲线,“全程”类速率-时间图像的分析 反应先快后慢的全程图像：前期放热升温或生成催化剂使速率增大，后期浓度减小使速率减慢。 解释反应速率先增后减的全程曲线时使用。 O
CHEMISTRY,含量-或转化率-时间-温度-压强-图像,含量(或转化率)-时间-温度(压强)图像,2,yes,拐点,含量-时间-温度（压强）图像：先拐先平数值大 先出现拐点的曲线温度更高、压强更大或使用了催化剂，再由移动方向定 ΔH 或气体分子数变化。 解答转化率-时间-条件
CHEMISTRY,常见图像形式,常见图像形式：,0,no,,
CHEMISTRY,析图关键-关注曲线变化趋势-采取-定一议二-法,析图关键——关注曲线变化趋势，采取“定一议二”法。,0,no,,
CHEMISTRY,含量-转化率-投料比图像,含量/转化率—投料比图像,0,no,,
CHEMISTRY,常规图像解题分析,常规图像解题分析,0,no,,
CHEMISTRY,工业生产中的速率和平衡图像,工业生产中的速率和平衡图像,2,yes,曲线,水溶液离子平衡图像识图四步法 识图像、析微粒、判线段、细验证四步解读水溶液离子平衡图像。 滴定曲线、分布分数图、对数图等水溶液图像题的通用流程。 1. 识图像：
CHEMISTRY,化工生产中的复杂图像分析,化工生产中的复杂图像分析,0,no,,
CHEMISTRY,化学反应速率及表示方法,化学反应速率及表示方法,7,yes,拐点,化学反应速率的定义与表示 化学反应速率用单位时间内反应物浓度减少或生成物浓度增加表示，v＝Δc/Δt。 化学反应速率的计算与理解。 v＝Δc/Δt，常用单位mo
CHEMISTRY,v-t图像分析改变条件对化学平衡的影响,v－t图像分析改变条件对化学平衡的影响,12,yes,斜率,充入惰性气体对化学平衡的影响 恒温恒容充惰气平衡不移动；恒温恒压充惰气相当于减压使平衡向气体分子数增大方向移动。 判断充入不参与反应气体后平衡的移动。 恒温恒容
CHEMISTRY,化学平衡移动方向和转化率的判断,化学平衡移动方向和转化率的判断,7,yes,流向,原电池与电解池中离子移动方向的判断 原电池中阳离子移向正极；电解池中阳离子移向阴极。 电化学装置分析中判断离子迁移与膜的选择。 原电池：阳离子移向正极，阴离子移
CHEMISTRY,化学平衡移动的分析方法,化学平衡移动的分析方法,9,yes,曲线,晶胞投影图分析方法 沿不同方向投影时处于投影线上的微粒相互重合，据此核对微粒位置。 晶体结构与投影图类题目。 投影方向与投影面垂直：沿体对角线投影时，体对角线上
CHEMISTRY,浓度商与化学平衡常数的表达式,浓度商与化学平衡常数的表达式,10,yes,斜率,平衡常数取对数的图像线性化方法 由K表达式取对数得lg c线性关系，用于判断图像中直线斜率与位置。 lg c-lg c型、lg K-1/T型图像分析。 例：某反
CHEMISTRY,物质的量-或浓度-时间图像,物质的量(或浓度)—时间图像,1,yes,纵坐标,此类图像的纵坐标为某物质的平衡浓度或转化率 此类图像的纵坐标为某物质的平衡浓度或转化率，横坐标为温度或压强，解答此类问题，要关注曲线的变化趋势，有多个变量时，注
CHEMISTRY,依据反应条件判断有机反应类型,依据反应条件判断有机反应类型,7,yes,串联,多池串联装置的类型判断与计算依据 有外接电源均为电解池；阳极材料与溶液阳离子相同为电镀池；计算依据电子守恒与串并联电流规律。 分析多池串联装置、进行电化学综合计
CHEMISTRY,假设法判断氧化还原反应能否进行的步骤,假设法判断氧化还原反应能否进行的步骤,4,yes,横坐标,醇能否发生催化氧化与消去的判断 有 α-H 才能催化氧化，有 β-H 才能发生消去反应。 判断给定醇能否氧化或消去、确定产物时使用。 催化氧化：取决于醇分子中是
CHEMISTRY,强酸与弱酸-强碱与弱碱稀释时的ph变化图像,强酸与弱酸、强碱与弱碱稀释时的pH变化图像,5,yes,曲线,强碱滴定弱酸时中性点在计量点之前 弱酸被强碱恰好中和时生成水解显碱性的盐，中性点出现在计量点之前。 滴定曲线中中性点、计量点位置的判断。 NaOH滴定HA恰好完
CHEMISTRY,利用电离常数-k-巧判溶液稀释中有关粒子浓度比值大小,利用电离常数(K)巧判溶液稀释中有关粒子浓度比值大小,6,yes,横坐标,混合溶液中粒子浓度比较的通用方法 先近似处理浓度，再联用电荷守恒、物料守恒与电离/水解常数比较排序。 弱酸与其盐、碱与其盐等混合体系粒子浓度比较。 第一步：近似
CHEMISTRY,解沉淀溶解平衡图像题的三步骤,解沉淀溶解平衡图像题的三步骤,5,yes,曲线,pM-pC沉淀溶解图中直线的含义 pM-pC图中直线为沉淀溶解平衡线，线上点Q=Ksp，偏离方向判饱和与否。 难溶电解质Ksp的对数图像分析。 对MCO3(s)
CHEMISTRY,在不同温度下的沉淀溶解平衡曲线如图所示-下列说法不正确的是,在不同温度下的沉淀溶解平衡曲线如图所示()。下列说法不正确的是,3,yes,曲线,沉淀溶解平衡曲线（c-c 图像）的分析 曲线上各点为饱和状态，上方过饱和有沉淀，下方不饱和可继续溶解。 解答沉淀溶解平衡 c-c 图像题时使用。 曲线上任意一点
CHEMISTRY,25-时-和的沉淀溶解平衡曲线如图-代表或-所示-下列说法不正确的是,25℃时，和的沉淀溶解平衡曲线如图(代表或)所示。下列说法不正确的是,0,no,,
CHEMISTRY,滴定曲线,滴定曲线,0,no,,
CHEMISTRY,巧抓-四点-突破酸碱中和滴定曲线中的粒子浓度关系,巧抓“四点”，突破酸碱中和滴定曲线中的粒子浓度关系,7,yes,曲线,强碱滴定同浓度盐酸与醋酸的曲线对比 起点pH、突跃范围、终点pH三处不同：醋酸起点高、突跃小、终点pH>7。 比较强碱滴定强酸与弱酸的滴定曲线。 ①起点不同：同
CHEMISTRY,水的电离平衡移动的影响因素,水的电离平衡移动的影响因素,8,yes,曲线,影响电离平衡的因素 内因是弱电解质本身性质；温度升高、加水稀释、消耗离子的微粒促进电离。 分析条件改变对电离平衡的影响。 内因：弱电解质本身的性质决定电离程度大
CHEMISTRY,写出下列原子-或离子-核外电子排布的表示方法,写出下列原子(或离子)核外电子排布的表示方法。,3,no,,离子中质子数与核外电子数的关系 阳离子核外电子数＝质子数－电荷数，阴离子核外电子数＝质子数＋电荷数。 原子结构计算与微粒推断。 阳离子Xn＋：核外电子数＝质子数
CHEMISTRY,碳元素的单质有多种形式-下图依次是c60-石墨和金刚石的结构图,碳元素的单质有多种形式，下图依次是C60、石墨和金刚石的结构图：,4,yes,顶点,常见晶体模型的结构要点 熟记金刚石、SiO2、干冰、NaCl、CsCl、石墨等典型晶体结构数据。 由晶胞结构计算粒子数、配位数、键数时使用。 金刚石：每个 C 
CHEMISTRY,下列各图为几种晶体或晶胞的构型示意图,下列各图为几种晶体或晶胞的构型示意图。,1,no,,正八面体空隙与正四面体空隙的构型 正八面体空隙由6个微粒围成、配位数为6；正四面体空隙由4个微粒围成、配位数为4。 填隙型晶体（如CdSe、NaCl）结构的分析
CHEMISTRY,如图所示是实验室干馏煤的装置图-回答下列问题,如图所示是实验室干馏煤的装置图，回答下列问题：,0,no,,
CHEMISTRY,实验室制备溴苯的反应装置如图所示-下列关于实验操作或叙述错误的是,实验室制备溴苯的反应装置如图所示，下列关于实验操作或叙述错误的是(    ),4,yes,连接顺序,有机制备实验的关键操作要点 有机制备须注意加料顺序、冷凝回流、温度控制、防暴沸与尾气防倒吸。 解答乙酸乙酯、溴苯等有机制备实验题时使用。 乙酸乙酯制备：先加乙醇
BIOLOGY,有氧呼吸-x1,有氧呼吸★★★☆☆,29,yes,曲线,消耗 O2 → 一定存在有氧呼吸 只要呼吸过程消耗 O2，就一定存在有氧呼吸（O2 仅在有氧呼吸第三阶段被利用）。 据产物/耗氧判断呼吸方式。 O2 参与有氧呼
BIOLOGY,辨析真正光合速率-净光合速率和呼吸速率,辨析真正光合速率、净光合速率和呼吸速率★★★☆☆,31,yes,曲线,光照为 0 时 CO2 吸收速率为负值→绝对值代表呼吸速率 光照强度为 0 时，曲线 CO2 吸收速率为负值，其绝对值代表细胞呼吸速率。 多速率曲线并存时的定性
BIOLOGY,实验-探究酵母菌细胞呼吸的方式,实验：探究酵母菌细胞呼吸的方式★★★☆☆,52,no,,依据反应场所判断呼吸方式（细胞质基质/线粒体） 仅细胞质基质发生→无氧呼吸；有线粒体参与→存在有氧呼吸（或兼有无氧）。 据场所/细胞器信息判断呼吸方式。 1. 
BIOLOGY,细胞呼吸的影响因素及应用,细胞呼吸的影响因素及应用★★★★☆,51,yes,曲线,O2 浓度升高或 CO2 浓度降低→光呼吸增强 光呼吸强弱由 O2/CO2 相对浓度决定：O2↑或 CO2↓→加氧反应占优→光呼吸↑。 环境条件对光呼吸影响的判
BIOLOGY,光合作用与细胞呼吸过程-物质和能量的关系,光合作用与细胞呼吸过程、物质和能量的关系★★★☆☆,97,yes,曲线,完全抑制光呼吸未必有利：光呼吸可耗散过剩光能 光呼吸能消耗过剩光能与还原力、保护光系统，完全抑制在强光下可能造成光损伤。 '能否通过抑制光呼吸增产'类辩证题。 
BIOLOGY,种子萌发过程中细胞呼吸的变化分析,种子萌发过程中细胞呼吸的变化分析,17,yes,曲线,油料作物种子萌发初期干重增加的原因 油料种子萌发初期脂肪转化为糖类使氧元素增多，干重先增加后减少。 解释种子萌发干重曲线。 1. 种子形成时：非油料种子可溶性糖
BIOLOGY,细胞呼吸的类型判断-规律方法,细胞呼吸的类型判断（规律方法）,13,yes,图示,产生 CO2 的三种可能呼吸组合 产生 CO2 可能是：只有有氧呼吸、只有产酒精的无氧呼吸、或两者同时进行。 据 CO2 判断呼吸方式组合。 产生 CO2 → 
BIOLOGY,有丝分裂-x1,有丝分裂★★★☆☆,9,no,,有丝分裂各时期的特点 前期膜仁消失现两体，中期着丝粒排列在赤道板，后期着丝粒分裂，末期形成两个子细胞。 分裂图像时期判断。 1. 间期：DNA复制和有关蛋白质合
BIOLOGY,自由扩散,自由扩散,10,yes,曲线,自由扩散：脂溶性/小分子顺浓度梯度直接穿膜，不耗能、不需载体 物质直接穿过磷脂双分子层顺浓度梯度扩散，无需载体、不耗能。 被动运输分类判断。 自由扩散：顺浓度梯
BIOLOGY,质壁分离,质壁分离,15,yes,曲线,质壁分离曲线持续下降→细胞失水发生质壁分离 曲线（原生质体长度/液泡体积类）持续下降，表明外界溶液浓度高于细胞液，细胞失水发生质壁分离。 曲线判读题中'下降段'
BIOLOGY,动物细胞的吸水和失水,动物细胞的吸水和失水★★☆☆☆,38,yes,曲线,曲线从起点直接上升→外界低渗、细胞吸水 曲线从起点直接上升表明外界为低渗液，细胞吸水（可能涨破风险视细胞壁限制）。 曲线判读题中'上升段'的含义判定。 从起点直
BIOLOGY,成熟植物细胞的吸水和失水,成熟植物细胞的吸水和失水★★☆☆☆,34,no,,质壁分离只发生于有大液泡的成熟植物细胞 质壁分离需要大液泡与半透的原生质层及细胞壁，动物细胞无细胞壁不发生质壁分离。 质壁分离实验材料选择与概念边界题。 发生质
BIOLOGY,酶的本质,酶的本质,10,yes,流向,酶的本质与产生 酶是活细胞产生的具有催化作用的有机物，绝大多数是蛋白质，少数是RNA。 判断酶的化学本质、合成场所时使用。 绝大多数酶是蛋白质（合成原料为氨基酸
BIOLOGY,探究酶的专一性-高效性相关实验,探究酶的专一性、高效性相关实验★★★★☆,25,yes,曲线,酶的高效性 与无机催化剂相比，酶降低活化能的作用更显著，催化效率是无机催化剂的10的7至13次方倍。 判断高效性相关说法与曲线。 1. 同无机催化剂相比，酶降低
BIOLOGY,与酶有关的曲线分析,与酶有关的曲线分析,7,yes,曲线,电位曲线分段：上升支=Na+ 内流、下降支=K+ 外流、平稳段=Na+-K+ 泵 把电位曲线各段对应到离子流动：上升支去极化（Na+ 内流）、下降支复极化（K+
BIOLOGY,影响酶促反应的因素分析,影响酶促反应的因素分析,46,yes,曲线,影响物质跨膜运输速率的因素分析 浓度曲线有饱和点（受转运蛋白数量限制）；氧气通过呼吸影响主动运输速率。 曲线分析与限制因素判断。 1. 物质浓度：在一定范围内速
BIOLOGY,遗传系谱图和电泳图谱分析,遗传系谱图和电泳图谱分析★★★★☆,6,no,,系谱图判断遗传方式的四步法 先判伴Y，再判显隐性，再判常染色体或X染色体，最后对不能确定的类型判断可能性。 系谱图分析题。 1. 第一步：患者全为男性且其父亲和
BIOLOGY,遗传系谱图的分析及概率的计算,遗传系谱图的分析及概率的计算,13,yes,世代,肽键数与脱去水分子数的计算 链状多肽：肽键数＝脱去水分子数＝氨基酸数－肽链数；环状肽：肽键数＝氨基酸数。 蛋白质相关计算题。 1. n条肽链、m个氨基酸：肽键数
BIOLOGY,程序法分析遗传系谱图-规律方法,程序法分析遗传系谱图（规律方法）,1,no,,遗传系谱图的程序法分析 按先判断伴Y、再判显隐性、再判基因位置的程序分析系谱图。 系谱图分析方法。 1. 伴Y：患者全为男性且父、子皆患者。 2. 显隐性：双亲
BIOLOGY,减数分裂细胞中染色体-dna数量变化规律,减数分裂细胞中染色体、DNA数量变化规律★★★☆☆,66,yes,峰值,真核染色体 DNA 长且链状，多起点+双向复制提高效率 真核生物染色体 DNA 为链状且较长，采用多起点复制和双向复制提高效率。 原核真核复制比较。 真核生物：
BIOLOGY,种群的特征,种群的特征,5,yes,曲线,J 形增长：“J”形曲线：理想条件（食物充足、无天敌）下种群增长 种群在食物充足、空间充裕、无敌害等理想条件下，增长率（指数）恒定，增长呈 J 型曲线。 种群增
BIOLOGY,种群的数量变化,种群的数量变化,10,yes,曲线,动作电位幅度与 Na+ 通道开放的数量有关 动作电位大小取决于开放的 Na+ 通道数量（受刺激强度与通道密度影响）。 电位幅度变化分析。 动作电位的幅度与 Na
BIOLOGY,种群数量的变化,种群数量的变化★★★☆☆,8,yes,曲线,条件骤变时C3和C5含量的变化 光照减弱或CO2增多时C3升高C5下降；光照增强或CO2减少时C3下降C5上升。 快速判断环境改变瞬间C3、C5及NADPH、A
BIOLOGY,植物组织培养,植物组织培养,5,no,,植物体细胞杂交：去壁→融合→杂种细胞→组织培养 酶解去壁得原生质体→诱导融合→杂种细胞→组织培养成植株，克服远缘杂交不亲和。 '打破种间生殖隔离'方案。 流程：
BIOLOGY,探究动植物生命活动调节实验的思路与方法,探究动植物生命活动调节实验的思路与方法★★★☆☆,21,yes,曲线,重力对植物生命活动的调节 根的向地生长和茎的背地生长体现重力调节，分别利于吸水吸肥和进行光合作用。 分析重力在植物适应中的意义时使用。 根的向地生长：可以深扎根
