material_slug,point_slug,subject,reason
math-fangshuo-ln-le-banfangcha,对数,MATH,原绑「配方法：主要用于二次函数或可化为二次函数的函数，要特别注意自变量的取值范围．」与标题零字面重合；标题与「对数」互为整名包含，改指
math-kb-necessary-sufficient-iff,充要条件,MATH,"原绑「重要不等式：,（当且仅当时取号）.」与标题零字面重合；标题与「充要条件」互为整名包含，改指"
math-hj-s87-hyperbola-branch,双曲线,MATH,原绑「等差数列含绝对值问题」与标题零字面重合；标题与「双曲线」互为整名包含，改指
phys-pingpao-luo-hui-xie-mian,位移,PHYSICS,原绑「加速度方向突变：」与标题零字面重合；标题与「位移」互为整名包含，改指
phys-zhuan-huan-dui-xiang-sheng-gong,功,PHYSICS,原绑「内容：一个热力学系统的内能变化量等于外界向它传递的热量与外界对它所做的功的和。」与标题零字面重合；标题与「功」互为整名包含，改指
phys-gong-lv-xian-xing-ping-jun,功率,PHYSICS,原绑「在1T末、2T末、3T末、4T末……n T末的速度比为：1：2：3……：n。」与标题零字面重合；标题与「功率」互为整名包含，改指
phys-electric-work-other-forces-kinetic,动能定理,PHYSICS,原绑「定义：物体在一个过程中所受合外力的冲量等于该物体在这个过程中动量的变化量。」与标题零字面重合；标题与「动能定理」互为整名包含，改指
phys-epx-graph-points,ep-x图像,PHYSICS,原绑「速度定义：位移与发生这段位移所用时间之比，表示物体运动快慢的物理量，是过程量。」与标题零字面重合；标题与「Ep-x图像」互为整名包含，改指
phys-ohmmeter-component-features,电阻,PHYSICS,原绑「电容器充放电过程」与标题零字面重合；标题与「电阻」互为整名包含，改指
phys-bridge-method-resistance,电阻,PHYSICS,原绑「平衡条件： (根本条件) 作用在物体上的所有共点力的合力为零。即 F_合 = 0。」与标题零字面重合；标题与「电阻」互为整名包含，改指
phys-emf-experiment-principle,实验原理-条纹间距δx与光波长λ-双缝间距d及双缝与屏的距离l-有关系式为,PHYSICS,原绑「闭合电路欧姆定律」与标题零字面重合；标题与「实验原理」互为整名包含，改指
phys-cyclotron-resonance-condition,共振,PHYSICS,原绑「带电粒子在交变电磁场中的运动：」与标题零字面重合；标题与「共振」互为整名包含，改指
phys-rod-constant-force-energy,电阻,PHYSICS,原绑「合外力做功与动能的关系」与标题零字面重合；标题与「电阻」互为整名包含，改指
phys-unequal-spacing-rods-constant-force,电流,PHYSICS,原绑「在1T末、2T末、3T末、4T末……n T末的速度比为：1：2：3……：n。」与标题零字面重合；标题与「电流」互为整名包含，改指
phys-kb-boat-man-model,人船模型,PHYSICS,原绑「动量守恒定律」与标题零字面重合；标题与「“人船模型”」互为整名包含，改指
phys-kb-electromotive-force,物理意义-一切自发过程总是沿着分子热运动的无序度增大的方向进行程,PHYSICS,原绑「静电力做功」与标题零字面重合；标题与「物理意义」互为整名包含，改指
phys-kb-electric-work-power-heat,焦耳定律,PHYSICS,原绑「纯电阻电路和非纯电阻电路的处理」与标题零字面重合；标题与「焦耳定律」互为整名包含，改指
phys-kb-pendulum-period-formula,单摆,PHYSICS,原绑「运动性质：匀变速曲线运动，加速度恒为重力加速度 g（大小方向不变）。」与标题零字面重合；标题与「单摆」互为整名包含，改指
phys-kb-gas-pressure-micro-cause,气体压强,PHYSICS,原绑「平均速度与瞬时速度的区别：」与标题零字面重合；标题与「气体压强」互为整名包含，改指
phys-kb-internal-energy-temperature,内能,PHYSICS,原绑「分子的平均动能」与标题零字面重合；标题与「内能」互为整名包含，改指
phys-hj-098-elastic-collision-formulas,弹性碰撞,PHYSICS,原绑「平均速度公式：」与标题零字面重合；标题与「弹性碰撞」互为整名包含，改指
phys-hj-027-force-composition-notes,力的合成,PHYSICS,原绑「大小：G＝mg，可用弹簧测力计测量．」与标题零字面重合；标题与「力的合成」互为整名包含，改指
phys-hj-115-transverse-longitudinal-wave,横波,PHYSICS,原绑「机械波的分类：」与标题零字面重合；标题与「横波」互为整名包含，改指
phys-hj2-jianxie-nengliang-tezheng,简谐运动,PHYSICS,原绑「机械能守恒定律」与标题零字面重合；标题与「简谐运动」互为整名包含，改指
phys-hj2-gonglv-dingyi-fv,功率,PHYSICS,原绑「平均速度与瞬时速度的区别：」与标题零字面重合；标题与「功率」互为整名包含，改指
phys-hj2-san-zhong-chang-bijiao,重力,PHYSICS,原绑「特点：F⊥B，F⊥v，即F垂直于B与v决定的平面，F与v始终垂直，洛伦兹力不做功。」与标题零字面重合；标题与「重力」互为整名包含，改指
phys-hj2-qiujiaoerule-san-fangfa,电磁感应,PHYSICS,原绑「能量转化：导体克服安培力做功，其他形式能转化为电能，最终转化为内能。」与标题零字面重合；标题与「电磁感应」互为整名包含，改指
phys-hj2-neineng-deciding-yinsu,物体的内能,PHYSICS,原绑「分子的平均动能」与标题零字面重合；标题与「物体的内能」互为整名包含，改指
phys-hj2-zheshel-liijie-wudian,折射率,PHYSICS,原绑「条件：①光从光密介质射入光疏介质。②入射角大于或等于临界角。」与标题零字面重合；标题与「折射率」互为整名包含，改指
phys-hj2-dianyuan-dongdongshi-liijie,电动势,PHYSICS,原绑「静电力做功」与标题零字面重合；标题与「电动势」互为整名包含，改指
phys-hj2-dianbiao-neizu-yizhi-jingque-cezu,电阻,PHYSICS,原绑「系统误差：」与标题零字面重合；标题与「电阻」互为整名包含，改指
phys-hj2-shuzhimmian-yuanzhou-jieqtips,圆周运动,PHYSICS,原绑「对牛顿第三定律的理解」与标题零字面重合；标题与「圆周运动」互为整名包含，改指
phys-hj2-pingpao-shiyan-shuju-cantque,数据处理-x1,PHYSICS,原绑「时刻与时间间隔区别与联系」与标题零字面重合；标题与「数据处理」互为整名包含，改指
phys-hj2-renchuan-moxing,人船模型,PHYSICS,原绑「动量守恒定律」与标题零字面重合；标题与「“人船模型”」互为整名包含，改指
phys-hj2-niudun-disan-dinglv-duibi,牛顿第三定律,PHYSICS,原绑「作用力与反作用力」与标题零字面重合；标题与「牛顿第三定律」互为整名包含，改指
phys-hj2-dianchang-zhigongyou-jingdianli-shouheng,电场,PHYSICS,原绑「合外力做功与动能的关系」与标题零字面重合；标题与「电场」互为整名包含，改指
phys-fx-kinetic-theorem-reciprocating,动能定理,PHYSICS,原绑「摩擦力做功与能量关系分析技巧」与标题零字面重合；标题与「动能定理」互为整名包含，改指
phys-fx-boat-man-model,人船模型,PHYSICS,原绑「动量守恒定律」与标题零字面重合；标题与「“人船模型”」互为整名包含，改指
phys-fx-ammeter-ammeter-method,电阻,PHYSICS,原绑「电压表、电流表的改装」与标题零字面重合；标题与「电阻」互为整名包含，改指
phys-fx-voltmeter-voltmeter-method,电阻,PHYSICS,原绑「电压表、电流表的改装」与标题零字面重合；标题与「电阻」互为整名包含，改指
phys-fx-nuclear-particle-field-motion,核反应,PHYSICS,原绑「洛伦兹力」与标题零字面重合；标题与「核反应」互为整名包含，改指
phys-fx-trough-vertical-weightlessness,失重,PHYSICS,原绑「运动性质：匀变速曲线运动，加速度恒为重力加速度 g（大小方向不变）。」与标题零字面重合；标题与「失重」互为整名包含，改指
phys-fx-microscopic-estimation-models,分子模型,PHYSICS,原绑「阿伏加德罗常数」与标题零字面重合；标题与「分子模型」互为整名包含，改指
phys-fx-refraction-law-refractive-index,折射率,PHYSICS,原绑「条件：①光从光密介质射入光疏介质。②入射角大于或等于临界角。」与标题零字面重合；标题与「折射率」互为整名包含，改指
phys-fx-internal-energy-micro-view,内能,PHYSICS,原绑「分子的平均动能」与标题零字面重合；标题与「内能」互为整名包含，改指
phys-fx-f-t-graph-weight-change-judge,失重,PHYSICS,原绑「用力传感器或已知质量的钩码等代替弹簧测力计。」与标题零字面重合；标题与「失重」互为整名包含，改指
phys-mo-l05-three-nature-forces-b-2,重力,PHYSICS,原绑「方向：总是竖直向下（竖直向下是和水平面垂直，不一定和接触面垂直，也不一定指向地心）」与标题零字面重合；标题与「重力」互为整名包含，改指
phys-mo-l05-three-nature-forces-b-3,弹力,PHYSICS,原绑「探究结果：胡克定律（x为形变量）」与标题零字面重合；标题与「弹力」互为整名包含，改指
phys-mo-l09-newton-laws-basic-b-3,牛顿第三定律,PHYSICS,原绑「作用力与反作用力」与标题零字面重合；标题与「牛顿第三定律」互为整名包含，改指
phys-mo-l19-work-power-b,功,PHYSICS,原绑「合力做功的计算方法」与标题零字面重合；标题与「功」互为整名包含，改指
phys-mo-l19-work-power-b-2,功率,PHYSICS,原绑「机车启动问题」与标题零字面重合；标题与「功率」互为整名包含，改指
phys-mo-l20-kinetic-theorem-b,动能,PHYSICS,原绑「时刻：表示某一瞬间。在时间轴上用点表示，是一个状态量。」与标题零字面重合；标题与「动能」互为整名包含，改指
phys-mo-l24-momentum-impulse-b-3,冲量,PHYSICS,原绑「速度定义：位移与发生这段位移所用时间之比，表示物体运动快慢的物理量，是过程量。」与标题零字面重合；标题与「冲量」互为整名包含，改指
phys-mo-l25-momentum-consv-b-5,人船模型,PHYSICS,原绑「动量守恒定律」与标题零字面重合；标题与「“人船模型”」互为整名包含，改指
chem-washing-solvent-selection,晶体,CHEMISTRY,原绑「在饱和溶液中加入少量的溶液产生沉淀，若以Ksp表示的溶度积常数，则平衡后溶液中」与标题零字面重合；标题与「晶体」互为整名包含，改指
chem-vacuum-evaporation-reason,蒸发,CHEMISTRY,原绑「在一定温度下，利用催化剂将NH3分解为N2和H2。相关化学键的键能数据如下：」与标题零字面重合；标题与「蒸发」互为整名包含，改指
chem-enthalpy-of-combustion-definition,燃烧热-x1,CHEMISTRY,原绑「铁的氢氧化物的稳定性」与标题零字面重合；标题与「燃烧热」互为整名包含，改指
chem-kb-concentrated-h2so4-features,浓硫酸,CHEMISTRY,原绑「Na2O2是一种常见的过氧化物，具有强氧化性和漂白性。」与标题零字面重合；标题与「浓硫酸」互为整名包含，改指
chem-kb-van-der-waals-hydrogen-bond,范德华力,CHEMISTRY,原绑「分子间作用力」与标题零字面重合；标题与「范德华力」互为整名包含，改指
chem-hj-jiaoti-xingzhi-juchen,胶体,CHEMISTRY,原绑「丁达尔效应」与标题零字面重合；标题与「胶体」互为整名包含，改指
chem-hj-nongsuan-san-texing,浓硫酸,CHEMISTRY,原绑「Na2O2是一种常见的过氧化物，具有强氧化性和漂白性。」与标题零字面重合；标题与「浓硫酸」互为整名包含，改指
chem-hj-xijin-xiyang-fushi,铁,CHEMISTRY,原绑「O2作为原电池的正极反应物时，其电极反应在不同的介质中有不同的写法。」与标题零字面重合；标题与「铁」互为整名包含，改指
chem-hj-guisuan-guisuanna,玻璃,CHEMISTRY,原绑「以混有SiO2的MgCO3为原料制备氧化镁的实验流程如图：」与标题零字面重合；标题与「玻璃」互为整名包含，改指
chem-hj-lvqi-yongtu-gongye,氯气,CHEMISTRY,原绑「漂白粉」与标题零字面重合；标题与「氯气」互为整名包含，改指
chem-hj-zhengliu-fenliu-ganliu-bijiao,蒸馏,CHEMISTRY,原绑「物理变化与化学变化的两种判断方法」与标题零字面重合；标题与「蒸馏」互为整名包含，改指
chem-hj2-dianjie-dianjiechi-gainian-goucheng,电解池,CHEMISTRY,原绑「能源与科学、技术、社会密不可分。下列装置或过程能实现电能转化为化学能的是」与标题零字面重合；标题与「电解池」互为整名包含，改指
chem-hj2-tongsuyangti-xingcheng-fangshi,同素异形体,CHEMISTRY,原绑「碳元素的单质有多种形式，下图依次是C60、石墨和金刚石的结构图：」与标题零字面重合；标题与「同素异形体」互为整名包含，改指
chem-hj2-qiang-ruo-dianjiezhi-zhouqibiao-jiyi,电解质,CHEMISTRY,原绑「强酸与弱酸、强碱与弱碱稀释时的pH变化图像」与标题零字面重合；标题与「电解质」互为整名包含，改指
chem-hj2-tanglei-tongshi-bufuhe-lizi,乙酸,CHEMISTRY,原绑「mol·L－1 Na2SO4溶液、酚酞溶液。」与标题零字面重合；标题与「乙酸」互为整名包含，改指
chem-hj2-zhi-de-shuijiao-suanjian-tiaojian,酯,CHEMISTRY,原绑「浓硫酸与金属的反应规律」与标题零字面重合；标题与「酯」互为整名包含，改指
chem-gap-esterification,酯化反应,CHEMISTRY,原绑「实验探究乙酸乙酯的制备」与标题零字面重合；标题与「酯化反应」互为整名包含，改指
bio-plasmolysis-curve-dip-recover,水,BIOLOGY,原绑「质壁分离」与标题零字面重合；标题与「水」互为整名包含，改指
bio-lethal-aa-or-bb-6-3-2-1,测交,BIOLOGY,原绑「技巧“实验数据”与“9:3:3:1及其变式”间的转化方法」与标题零字面重合；标题与「测交」互为整名包含，改指
bio-kb-virus-classification-host-specificity,病毒,BIOLOGY,原绑「噬菌体侵染细菌实验★★★☆☆」与标题零字面重合；标题与「病毒」互为整名包含，改指
bio-kb-inorganic-salt-functions,无机盐,BIOLOGY,原绑「酸碱平衡」与标题零字面重合；标题与「无机盐」互为整名包含，改指
bio-kb-sudan-iii-only-stains-fat,脂质,BIOLOGY,原绑「非特异性免疫」与标题零字面重合；标题与「脂质」互为整名包含，改指
bio-kb-nucleic-acid-types-distribution,核酸,BIOLOGY,原绑「DNA、RNA、蛋白质等的水解产物和氧化产物（归纳总结）」与标题零字面重合；标题与「核酸」互为整名包含，改指
bio-kb-ribosome-centrosome-structure,核糖体,BIOLOGY,原绑「蛋白质的功能★★★☆☆」与标题零字面重合；标题与「核糖体」互为整名包含，改指
bio-kb-mitochondria-chloroplast-independence-judgment,线粒体,BIOLOGY,原绑「光合作用与细胞呼吸过程、物质和能量的关系★★★☆☆」与标题零字面重合；标题与「线粒体」互为整名包含，改指
bio-kb-photosystem-electron-transfer-detail,类囊体,BIOLOGY,原绑「用高倍显微镜观察叶绿体和细胞质的流动★★☆☆☆」与标题零字面重合；标题与「类囊体」互为整名包含，改指
bio-kb-gene-recombination-types,基因重组,BIOLOGY,原绑「自由组合定律」与标题零字面重合；标题与「基因重组」互为整名包含，改指
bio-kb-breeding-methods-comparison-table,育种,BIOLOGY,原绑「基因工程」与标题零字面重合；标题与「育种」互为整名包含，改指
bio-kb2-04-nucleic-acid-distribution,核酸,BIOLOGY,原绑「DNA、RNA、蛋白质等的水解产物和氧化产物（归纳总结）」与标题零字面重合；标题与「核酸」互为整名包含，改指
bio-kb2-06-no-membrane-organelles,核糖体,BIOLOGY,原绑「细胞器的结构和功能★★★☆☆」与标题零字面重合；标题与「核糖体」互为整名包含，改指
bio-fj-01-cell-theory-judgments,细胞学说,BIOLOGY,原绑「光学显微镜和电子显微镜」与标题零字面重合；标题与「细胞学说」互为整名包含，改指
bio-fj-01-virus-replication,病毒,BIOLOGY,原绑「基因突变」与标题零字面重合；标题与「病毒」互为整名包含，改指
bio-fj-01-virus-application,病毒,BIOLOGY,原绑「基因工程」与标题零字面重合；标题与「病毒」互为整名包含，改指
bio-fj-02-inorganic-salt-form,无机盐,BIOLOGY,原绑「主动运输」与标题零字面重合；标题与「无机盐」互为整名包含，改指
bio-fj-02-inorganic-salt-functions,无机盐,BIOLOGY,原绑「酸碱平衡」与标题零字面重合；标题与「无机盐」互为整名包含，改指
bio-fj-02-physiological-saline,水,BIOLOGY,原绑「水和无机盐平衡的调节★★★★☆」与标题零字面重合；标题与「水」互为整名包含，改指
bio-fj-02-water-production-processes,水,BIOLOGY,原绑「脱水缩合」与标题零字面重合；标题与「水」互为整名包含，改指
bio-fj-02-antidiuretic-water-transport,水,BIOLOGY,原绑「自由扩散」与标题零字面重合；标题与「水」互为整名包含，改指
bio-fj-02-inorganic-salt-synthesis,无机盐,BIOLOGY,原绑「酸碱平衡」与标题零字面重合；标题与「无机盐」互为整名包含，改指
bio-fj-02-penguin-water-produce,蛋白质,BIOLOGY,原绑「脱水缩合」与标题零字面重合；标题与「蛋白质」互为整名包含，改指
bio-fj-04-peptide-bond-formula,水,BIOLOGY,原绑「氨基酸」与标题零字面重合；标题与「水」互为整名包含，改指
bio-fj-04-nucleic-acid-mistakes,核酸,BIOLOGY,原绑「线粒体」与标题零字面重合；标题与「核酸」互为整名包含，改指
bio-fj-05-cell-wall-features,细胞壁,BIOLOGY,原绑「高尔基体」与标题零字面重合；标题与「细胞壁」互为整名包含，改指
bio-fj-05-membrane-composition-ratio,细胞膜,BIOLOGY,原绑「实验：检测生物组织中的糖类、脂肪和蛋白质★★★☆☆」与标题零字面重合；标题与「细胞膜」互为整名包含，改指
bio-fj-07-ion-transport-modes,无机盐,BIOLOGY,原绑「协助扩散」与标题零字面重合；标题与「无机盐」互为整名包含，改指
bio-fj-07-exocytosis-small-molecules,胞吐,BIOLOGY,原绑「神经递质」与标题零字面重合；标题与「胞吐」互为整名包含，改指
bio-fj-08-enzyme-nature,酶的本质,BIOLOGY,原绑「DNA、RNA、蛋白质等的水解产物和氧化产物（归纳总结）」与标题零字面重合；标题与「酶的本质」互为整名包含，改指
bio-fj-10-light-reaction-process,光反应,BIOLOGY,原绑「ATP的合成和利用」与标题零字面重合；标题与「光反应」互为整名包含，改指
bio-fj-10-dark-reaction-process,暗反应,BIOLOGY,原绑「用高倍显微镜观察叶绿体和细胞质的流动★★☆☆☆」与标题零字面重合；标题与「暗反应」互为整名包含，改指
bio-fj-13-gene-recombination-forms,基因重组,BIOLOGY,原绑「自由组合定律」与标题零字面重合；标题与「基因重组」互为整名包含，改指
bio-fj-21-transcription-process,转录,BIOLOGY,原绑「细胞核的结构和功能★★★☆☆」与标题零字面重合；标题与「转录」互为整名包含，改指
bio-fj-22-gene-recombination-types,基因重组,BIOLOGY,原绑「自由组合定律」与标题零字面重合；标题与「基因重组」互为整名包含，改指
bio-fj-22-breeding-cross,育种,BIOLOGY,原绑「基因重组」与标题零字面重合；标题与「育种」互为整名包含，改指
bio-fj-22-breeding-mutation,育种,BIOLOGY,原绑「基因突变」与标题零字面重合；标题与「育种」互为整名包含，改指
bio-fj-22-polyploid-sterility-reasons,多倍体,BIOLOGY,原绑「同源染色体」与标题零字面重合；标题与「多倍体」互为整名包含，改指
bio-fj-23-population-gene-pool,基因,BIOLOGY,原绑「蛋白质的基本单位——氨基酸」与标题零字面重合；标题与「基因」互为整名包含，改指
bio-fj-06-er-mito-cooperation,线粒体,BIOLOGY,原绑「光合作用与细胞呼吸过程、物质和能量的关系★★★☆☆」与标题零字面重合；标题与「线粒体」互为整名包含，改指
bio-fj-12-tetraploid-cell-plate-formation,细胞壁,BIOLOGY,原绑「高尔基体」与标题零字面重合；标题与「细胞壁」互为整名包含，改指
bio-fj-19-bacteriophage-material-advantage,病毒,BIOLOGY,原绑「DNA是主要的遗传物质★★★☆☆」与标题零字面重合；标题与「病毒」互为整名包含，改指
bio-fj-21-start-stop-codons,密码子,BIOLOGY,原绑「氨基酸」与标题零字面重合；标题与「密码子」互为整名包含，改指
bio-fj-23-selection-acting-levels,自然选择,BIOLOGY,原绑「基因型、表型的推断★★★☆☆」与标题零字面重合；标题与「自然选择」互为整名包含，改指
bio-kb3-f1-s1-1-n05,病毒,BIOLOGY,原绑「细胞是基本的生命系统★★☆☆☆」与标题零字面重合；标题与「病毒」互为整名包含，改指
bio-kb3-f2-s2-1-n10,蛋白质,BIOLOGY,原绑「元素和化合物的相互推断（归纳总结）」与标题零字面重合；标题与「蛋白质」互为整名包含，改指
bio-kb3-f2-s2-2-n02,水,BIOLOGY,原绑「细胞中的无机盐」与标题零字面重合；标题与「水」互为整名包含，改指
bio-kb3-f2-s2-2-n03,水,BIOLOGY,原绑「细胞中的无机盐」与标题零字面重合；标题与「水」互为整名包含，改指
bio-kb3-f2-s2-3-n10,脂质,BIOLOGY,原绑「细胞中的糖类」与标题零字面重合；标题与「脂质」互为整名包含，改指
bio-kb3-f2-s2-4-n07,蛋白质,BIOLOGY,原绑「环境因素参与调节植物的生命活动★★★☆☆」与标题零字面重合；标题与「蛋白质」互为整名包含，改指
bio-kb3-f3-s3-1-n07,水,BIOLOGY,原绑「细胞膜的结构和功能★★★☆☆」与标题零字面重合；标题与「水」互为整名包含，改指
bio-kb3-f3-s3-2-n02,线粒体,BIOLOGY,原绑「细胞器的结构和功能★★★☆☆」与标题零字面重合；标题与「线粒体」互为整名包含，改指
bio-kb3-f3-s3-2-n04,内质网,BIOLOGY,原绑「细胞器的结构和功能★★★☆☆」与标题零字面重合；标题与「内质网」互为整名包含，改指
bio-kb3-f5-s5-2-n05,水,BIOLOGY,原绑「细胞的多样性和统一性」与标题零字面重合；标题与「水」互为整名包含，改指
bio-kb3-f5-s5-2-n07,水,BIOLOGY,原绑「细胞的多样性和统一性」与标题零字面重合；标题与「水」互为整名包含，改指
bio-kb3-f5-s5-2-n12,水,BIOLOGY,原绑「细胞的多样性和统一性」与标题零字面重合；标题与「水」互为整名包含，改指
bio-kb3-f5-s5-3-n07,线粒体,BIOLOGY,原绑「细胞呼吸的影响因素及应用★★★★☆」与标题零字面重合；标题与「线粒体」互为整名包含，改指
bio-kb3-f5-s5-4-1-n03,水,BIOLOGY,原绑「捕获光能的色素和结构★★☆☆☆」与标题零字面重合；标题与「水」互为整名包含，改指
bio-kb3-f5-s5-4-1-n08,光合作用,BIOLOGY,原绑「捕获光能的色素和结构★★☆☆☆」与标题零字面重合；标题与「光合作用」互为整名包含，改指
bio-kb3-f5-s5-4-1-n13,水,BIOLOGY,原绑「捕获光能的色素和结构★★☆☆☆」与标题零字面重合；标题与「水」互为整名包含，改指
bio-kb3-f5-s5-4-2-n02,叶绿体,BIOLOGY,原绑「光合作用的原理★★★☆☆」与标题零字面重合；标题与「叶绿体」互为整名包含，改指
bio-kb3-f5-s5-4-2-n04,叶绿体,BIOLOGY,原绑「光合作用的原理★★★☆☆」与标题零字面重合；标题与「叶绿体」互为整名包含，改指
bio-kb3-f5-s5-4-3-n01,光合作用,BIOLOGY,原绑「细胞呼吸的影响因素及其应用」与标题零字面重合；标题与「光合作用」互为整名包含，改指
bio-kb3-f5-s5-4-3-n02,光合作用,BIOLOGY,原绑「细胞呼吸的影响因素及其应用」与标题零字面重合；标题与「光合作用」互为整名包含，改指
bio-kb3-f5-s5-4-3-n11,光合作用,BIOLOGY,原绑「细胞呼吸的影响因素及其应用」与标题零字面重合；标题与「光合作用」互为整名包含，改指
bio-kb3-f2-s2-3-n03x2,脱水缩合,BIOLOGY,原绑「细胞中的糖类」与标题零字面重合；标题与「脱水缩合」互为整名包含，改指
bio-kb3-f2-s2-3-n11,脂质,BIOLOGY,原绑「细胞中的糖类」与标题零字面重合；标题与「脂质」互为整名包含，改指
bio-kb3-f2-s2-5-n08,核酸,BIOLOGY,原绑「遗传信息的翻译★★★☆☆」与标题零字面重合；标题与「核酸」互为整名包含，改指
bio-kb3-f3-s3-1-n13,流动镶嵌模型,BIOLOGY,原绑「细胞膜的结构和功能★★★☆☆」与标题零字面重合；标题与「流动镶嵌模型」互为整名包含，改指
bio-kb3-f3-s3-2-n06,核糖体,BIOLOGY,原绑「细胞器的结构和功能★★★☆☆」与标题零字面重合；标题与「核糖体」互为整名包含，改指
bio-kb3-f5-s5-2-n06,atp的结构,BIOLOGY,原绑「细胞的多样性和统一性」与标题零字面重合；标题与「ATP的结构」互为整名包含，改指
bio-kb3-f4-s08-n01,水,BIOLOGY,原绑「细胞中的水★★★☆☆」与标题零字面重合；标题与「水」互为整名包含，改指
bio-kb3-f4-s08-n02,水,BIOLOGY,原绑「细胞中的水★★★☆☆」与标题零字面重合；标题与「水」互为整名包含，改指
bio-kb3-f4-s08-n03,水,BIOLOGY,原绑「细胞中的水★★★☆☆」与标题零字面重合；标题与「水」互为整名包含，改指
bio-kb3-f4-s08-n07,水,BIOLOGY,原绑「细胞中的水★★★☆☆」与标题零字面重合；标题与「水」互为整名包含，改指
bio-kb3-f4-s08-n08,水,BIOLOGY,原绑「细胞中的水★★★☆☆」与标题零字面重合；标题与「水」互为整名包含，改指
bio-kb3-f4-s46-n01,光合作用,BIOLOGY,原绑「捕获光能的色素和结构★★☆☆☆」与标题零字面重合；标题与「光合作用」互为整名包含，改指
bio-kb3-f4-s47-n01,叶绿体,BIOLOGY,原绑「光合作用与细胞呼吸过程、物质和能量的关系★★★☆☆」与标题零字面重合；标题与「叶绿体」互为整名包含，改指
bio-kb3-f4-s47-n02,叶绿体,BIOLOGY,原绑「光合作用与细胞呼吸过程、物质和能量的关系★★★☆☆」与标题零字面重合；标题与「叶绿体」互为整名包含，改指
bio-kb3-f4-s47-n03,叶绿体,BIOLOGY,原绑「光合作用与细胞呼吸过程、物质和能量的关系★★★☆☆」与标题零字面重合；标题与「叶绿体」互为整名包含，改指
bio-kb3-f4-s47-n04,叶绿体,BIOLOGY,原绑「光合作用与细胞呼吸过程、物质和能量的关系★★★☆☆」与标题零字面重合；标题与「叶绿体」互为整名包含，改指
bio-kb3-f4-s47-n05,叶绿体,BIOLOGY,原绑「光合作用与细胞呼吸过程、物质和能量的关系★★★☆☆」与标题零字面重合；标题与「叶绿体」互为整名包含，改指
bio-kb3-f4-s47-n06,叶绿体,BIOLOGY,原绑「光合作用与细胞呼吸过程、物质和能量的关系★★★☆☆」与标题零字面重合；标题与「叶绿体」互为整名包含，改指
bio-kb3-f4-s47-n07,叶绿体,BIOLOGY,原绑「光合作用与细胞呼吸过程、物质和能量的关系★★★☆☆」与标题零字面重合；标题与「叶绿体」互为整名包含，改指
bio-kb3-f4-s49-n11,光反应,BIOLOGY,原绑「光合作用的原理★★★☆☆」与标题零字面重合；标题与「光反应」互为整名包含，改指
bio-vacuole-function,渗透压,BIOLOGY,原绑「成熟植物细胞的吸水和失水★★☆☆☆」与标题零字面重合；标题与「渗透压」互为整名包含，改指
bio-fx-virus-materials-from-host,病毒,BIOLOGY,原绑「光合作用与细胞呼吸过程、物质和能量的关系★★★☆☆」与标题零字面重合；标题与「病毒」互为整名包含，改指
bio-fx-recombination-two-sources,基因重组,BIOLOGY,原绑「同源染色体」与标题零字面重合；标题与「基因重组」互为整名包含，改指
bio-fx-pcr-gene-detection,基因,BIOLOGY,原绑「非特异性免疫」与标题零字面重合；标题与「基因」互为整名包含，改指
bio-fx-judge-plasma-osmotic-ions,渗透压,BIOLOGY,原绑「细胞中的无机盐」与标题零字面重合；标题与「渗透压」互为整名包含，改指
bio-fx-judge-antibody-location,抗体,BIOLOGY,原绑「体液免疫」与标题零字面重合；标题与「抗体」互为整名包含，改指
bio-fx-hybrid-breeding,育种,BIOLOGY,原绑「基因重组」与标题零字面重合；标题与「育种」互为整名包含，改指
bio-fx-mutation-breeding,育种,BIOLOGY,原绑「基因突变」与标题零字面重合；标题与「育种」互为整名包含，改指
bio-fx-albumin-edema-mechanism,水,BIOLOGY,原绑「渗透压」与标题零字面重合；标题与「水」互为整名包含，改指
bio-fx-ecosystem-concept-components,生态系统,BIOLOGY,原绑「光合作用与细胞呼吸过程、物质和能量的关系★★★☆☆」与标题零字面重合；标题与「生态系统」互为整名包含，改指
bio-fx-info-functions-ecosystem,信息传递,BIOLOGY,原绑「环境因素参与调节植物的生命活动★★★☆☆」与标题零字面重合；标题与「信息传递」互为整名包含，改指
bio-fx-membrane-protein-asymmetry,细胞膜,BIOLOGY,原绑「膜的流动镶嵌模型」与标题零字面重合；标题与「细胞膜」互为整名包含，改指
bio-mo-internal-environment-013,水,BIOLOGY,原绑「内环境的稳态★★★☆☆」与标题零字面重合；标题与「水」互为整名包含，改指
bio-mo-fermentation-035,发酵工程,BIOLOGY,原绑「细胞呼吸的影响因素及其应用」与标题零字面重合；标题与「发酵工程」互为整名包含，改指
bio-mo-fermentation-036,发酵工程,BIOLOGY,原绑「细胞呼吸的影响因素及其应用」与标题零字面重合；标题与「发酵工程」互为整名包含，改指
bio-mo-population-009,样方法,BIOLOGY,原绑「种群的数量特征★★★☆☆」与标题零字面重合；标题与「样方法」互为整名包含，改指
bio-mo-cell-011,水,BIOLOGY,原绑「细胞的多样性和统一性」与标题零字面重合；标题与「水」互为整名包含，改指
bio-mo-heredity-004,分离定律,BIOLOGY,原绑「孟德尔的豌豆杂交实验过程分析」与标题零字面重合；标题与「分离定律」互为整名包含，改指
bio-mo-heredity-005,分离定律,BIOLOGY,原绑「孟德尔的豌豆杂交实验过程分析」与标题零字面重合；标题与「分离定律」互为整名包含，改指
bio-mo-heredity-006,基因,BIOLOGY,原绑「孟德尔的豌豆杂交实验过程分析」与标题零字面重合；标题与「基因」互为整名包含，改指
bio-mo-heredity-011,基因,BIOLOGY,原绑「孟德尔的豌豆杂交实验过程分析」与标题零字面重合；标题与「基因」互为整名包含，改指
bio-mo-heredity-015,基因,BIOLOGY,原绑「孟德尔的豌豆杂交实验过程分析」与标题零字面重合；标题与「基因」互为整名包含，改指
bio-mo-heredity-020,自由组合定律,BIOLOGY,原绑「孟德尔的豌豆杂交实验过程分析」与标题零字面重合；标题与「自由组合定律」互为整名包含，改指
bio-mo-heredity-021,自由组合定律,BIOLOGY,原绑「孟德尔的豌豆杂交实验过程分析」与标题零字面重合；标题与「自由组合定律」互为整名包含，改指
bio-mo-heredity-024,基因,BIOLOGY,原绑「孟德尔的豌豆杂交实验过程分析」与标题零字面重合；标题与「基因」互为整名包含，改指
bio-mo-heredity-026,基因,BIOLOGY,原绑「孟德尔的豌豆杂交实验过程分析」与标题零字面重合；标题与「基因」互为整名包含，改指
bio-mo-gene-010,四分体,BIOLOGY,原绑「减数分裂细胞中染色体、DNA数量变化规律★★★☆☆」与标题零字面重合；标题与「四分体」互为整名包含，改指
bio-mo-gene-027,伴性遗传,BIOLOGY,原绑「基因位于染色体上的实验证据★★★☆☆」与标题零字面重合；标题与「伴性遗传」互为整名包含，改指
bio-mo-nerve-012,反射,BIOLOGY,原绑「神经调节的基本方式★★★☆☆」与标题零字面重合；标题与「反射」互为整名包含，改指
bio-mo-nerve-014,反射,BIOLOGY,原绑「神经调节的基本方式★★★☆☆」与标题零字面重合；标题与「反射」互为整名包含，改指
bio-mo-nerve-017,反射,BIOLOGY,原绑「神经调节的基本方式★★★☆☆」与标题零字面重合；标题与「反射」互为整名包含，改指
bio-mo-nerve-021,神经递质,BIOLOGY,原绑「兴奋的产生和传导★★★☆☆」与标题零字面重合；标题与「神经递质」互为整名包含，改指
bio-mo-nerve-028,突触,BIOLOGY,原绑「兴奋的产生和传导★★★☆☆」与标题零字面重合；标题与「突触」互为整名包含，改指
bio-mo-nerve-029,神经递质,BIOLOGY,原绑「兴奋的产生和传导★★★☆☆」与标题零字面重合；标题与「神经递质」互为整名包含，改指
bio-mo-nerve-037,神经递质,BIOLOGY,原绑「人脑的高级功能★★★☆☆」与标题零字面重合；标题与「神经递质」互为整名包含，改指
bio-mo-cell-018,蛋白质,BIOLOGY,原绑「组成细胞的元素」与标题零字面重合；标题与「蛋白质」互为整名包含，改指
bio-mo-cell-021,蛋白质,BIOLOGY,原绑「组成细胞的元素」与标题零字面重合；标题与「蛋白质」互为整名包含，改指
bio-mo-cell-027,水,BIOLOGY,原绑「细胞中的无机盐」与标题零字面重合；标题与「水」互为整名包含，改指
bio-mo-cell-033,水,BIOLOGY,原绑「细胞中的无机盐」与标题零字面重合；标题与「水」互为整名包含，改指
bio-mo-cell-037,脂质,BIOLOGY,原绑「细胞中的糖类」与标题零字面重合；标题与「脂质」互为整名包含，改指
bio-mo-cell-049,蛋白质,BIOLOGY,原绑「组成细胞的元素」与标题零字面重合；标题与「蛋白质」互为整名包含，改指
bio-mo-cell-052,蛋白质,BIOLOGY,原绑「组成细胞的元素」与标题零字面重合；标题与「蛋白质」互为整名包含，改指
bio-mo-cell-054,胰岛素,BIOLOGY,原绑「组成细胞的元素」与标题零字面重合；标题与「胰岛素」互为整名包含，改指
bio-mo-cell-055,氨基酸,BIOLOGY,原绑「组成细胞的元素」与标题零字面重合；标题与「氨基酸」互为整名包含，改指
bio-mo-cell-056,氨基酸,BIOLOGY,原绑「组成细胞的元素」与标题零字面重合；标题与「氨基酸」互为整名包含，改指
bio-mo-cell-058,脱水缩合,BIOLOGY,原绑「组成细胞的元素」与标题零字面重合；标题与「脱水缩合」互为整名包含，改指
bio-mo-cell-059,核酸,BIOLOGY,原绑「组成细胞的元素」与标题零字面重合；标题与「核酸」互为整名包含，改指
bio-mo-cell-064,核酸,BIOLOGY,原绑「组成细胞的元素」与标题零字面重合；标题与「核酸」互为整名包含，改指
bio-mo-cell-067,核苷酸,BIOLOGY,原绑「组成细胞的元素」与标题零字面重合；标题与「核苷酸」互为整名包含，改指
bio-mo-cell-engineering-006,单倍体,BIOLOGY,原绑「成熟植物细胞的吸水和失水★★☆☆☆」与标题零字面重合；标题与「单倍体」互为整名包含，改指
bio-mo-community-018,生态位,BIOLOGY,原绑「群落的主要类型及群落的演替★★★☆☆」与标题零字面重合；标题与「生态位」互为整名包含，改指
bio-mo-hormone-005,激素,BIOLOGY,原绑「内分泌系统」与标题零字面重合；标题与「激素」互为整名包含，改指
bio-mo-hormone-006,激素,BIOLOGY,原绑「内分泌系统」与标题零字面重合；标题与「激素」互为整名包含，改指
bio-mo-hormone-012,激素,BIOLOGY,原绑「体液调节和神经调节的区别与联系★★★☆☆」与标题零字面重合；标题与「激素」互为整名包含，改指
bio-mo-hormone-014,胰岛素,BIOLOGY,原绑「体液调节和神经调节的区别与联系★★★☆☆」与标题零字面重合；标题与「胰岛素」互为整名包含，改指
bio-mo-hormone-019,激素,BIOLOGY,原绑「体液调节和神经调节的区别与联系★★★☆☆」与标题零字面重合；标题与「激素」互为整名包含，改指
bio-mo-nerve-044,激素,BIOLOGY,原绑「体液调节和神经调节的区别与联系★★★☆☆」与标题零字面重合；标题与「激素」互为整名包含，改指
bio-mo-genetic-engineering-004,dna连接酶,BIOLOGY,原绑「转基因生物的安全性」与标题零字面重合；标题与「DNA连接酶」互为整名包含，改指
bio-mo-genetic-engineering-006,载体,BIOLOGY,原绑「转基因生物的安全性」与标题零字面重合；标题与「载体」互为整名包含，改指
bio-mo-genetic-engineering-022,密码子,BIOLOGY,原绑「转基因生物的安全性」与标题零字面重合；标题与「密码子」互为整名包含，改指
bio-mo-genetic-engineering-026,蛋白质工程,BIOLOGY,原绑「转基因生物的安全性」与标题零字面重合；标题与「蛋白质工程」互为整名包含，改指
bio-mo-genetic-engineering-028,蛋白质工程,BIOLOGY,原绑「转基因生物的安全性」与标题零字面重合；标题与「蛋白质工程」互为整名包含，改指
bio-mo-gene-043,蛋白质,BIOLOGY,原绑「DNA是主要的遗传物质★★★☆☆」与标题零字面重合；标题与「蛋白质」互为整名包含，改指
bio-mo-gene-048,基因突变,BIOLOGY,原绑「DNA是主要的遗传物质★★★☆☆」与标题零字面重合；标题与「基因突变」互为整名包含，改指
bio-mo-gene-057,dna的复制,BIOLOGY,原绑「基因的本质★★★☆☆」与标题零字面重合；标题与「DNA的复制」互为整名包含，改指
bio-mo-gene-063,核苷酸,BIOLOGY,原绑「基因的本质★★★☆☆」与标题零字面重合；标题与「核苷酸」互为整名包含，改指
bio-mo-ecosystem-004,营养级,BIOLOGY,原绑「生态系统的结构」与标题零字面重合；标题与「营养级」互为整名包含，改指
bio-mo-ecosystem-006,生产者,BIOLOGY,原绑「生态系统的结构」与标题零字面重合；标题与「生产者」互为整名包含，改指
bio-mo-ecosystem-008,能量流动,BIOLOGY,原绑「生态系统的稳定性」与标题零字面重合；标题与「能量流动」互为整名包含，改指
bio-mo-ecosystem-012,同化量,BIOLOGY,原绑「生态系统的稳定性」与标题零字面重合；标题与「同化量」互为整名包含，改指
bio-mo-ecosystem-013,同化量,BIOLOGY,原绑「生态系统的稳定性」与标题零字面重合；标题与「同化量」互为整名包含，改指
bio-mo-ecosystem-014,能量传递效率,BIOLOGY,原绑「生态系统的稳定性」与标题零字面重合；标题与「能量传递效率」互为整名包含，改指
bio-mo-ecosystem-015,营养级,BIOLOGY,原绑「生态系统的稳定性」与标题零字面重合；标题与「营养级」互为整名包含，改指
bio-mo-ecosystem-016,能量传递效率,BIOLOGY,原绑「生态系统的稳定性」与标题零字面重合；标题与「能量传递效率」互为整名包含，改指
bio-mo-ecosystem-018,物质循环,BIOLOGY,原绑「生态系统的稳定性」与标题零字面重合；标题与「物质循环」互为整名包含，改指
bio-mo-ecosystem-020,物质循环,BIOLOGY,原绑「生态系统的稳定性」与标题零字面重合；标题与「物质循环」互为整名包含，改指
bio-mo-ecosystem-022,生物群落,BIOLOGY,原绑「生态系统的稳定性」与标题零字面重合；标题与「生物群落」互为整名包含，改指
bio-mo-ecosystem-026,信息传递,BIOLOGY,原绑「生态系统的稳定性」与标题零字面重合；标题与「信息传递」互为整名包含，改指
bio-mo-ecosystem-029,信息传递,BIOLOGY,原绑「生态系统的稳定性」与标题零字面重合；标题与「信息传递」互为整名包含，改指
bio-mo-ecosystem-041,反馈调节,BIOLOGY,原绑「生态系统的稳定性」与标题零字面重合；标题与「反馈调节」互为整名包含，改指
bio-mo-cell-070,蛋白质,BIOLOGY,原绑「细胞膜的结构和功能★★★☆☆」与标题零字面重合；标题与「蛋白质」互为整名包含，改指
bio-mo-cell-075,水,BIOLOGY,原绑「细胞膜的结构和功能★★★☆☆」与标题零字面重合；标题与「水」互为整名包含，改指
bio-mo-cell-076,脂质,BIOLOGY,原绑「细胞膜的结构和功能★★★☆☆」与标题零字面重合；标题与「脂质」互为整名包含，改指
bio-mo-cell-079,蛋白质,BIOLOGY,原绑「细胞膜的结构和功能★★★☆☆」与标题零字面重合；标题与「蛋白质」互为整名包含，改指
bio-mo-cell-085,线粒体,BIOLOGY,原绑「细胞器的结构和功能★★★☆☆」与标题零字面重合；标题与「线粒体」互为整名包含，改指
bio-mo-cell-093,叶绿体,BIOLOGY,原绑「细胞器的结构和功能★★★☆☆」与标题零字面重合；标题与「叶绿体」互为整名包含，改指
bio-mo-cell-095,溶酶体,BIOLOGY,原绑「细胞器的结构和功能★★★☆☆」与标题零字面重合；标题与「溶酶体」互为整名包含，改指
bio-mo-cell-108,核糖体,BIOLOGY,原绑「细胞核的结构和功能★★★☆☆」与标题零字面重合；标题与「核糖体」互为整名包含，改指
bio-mo-immunity-005,抗体,BIOLOGY,原绑「免疫系统的组成和功能★★★☆☆」与标题零字面重合；标题与「抗体」互为整名包含，改指
bio-mo-immunity-006,抗体,BIOLOGY,原绑「免疫系统的组成和功能★★★☆☆」与标题零字面重合；标题与「抗体」互为整名包含，改指
bio-mo-immunity-021,抗原,BIOLOGY,原绑「免疫失调」与标题零字面重合；标题与「抗原」互为整名包含，改指
bio-mo-immunity-026,疫苗,BIOLOGY,原绑「免疫学的应用★★★☆☆」与标题零字面重合；标题与「疫苗」互为整名包含，改指
bio-mo-immunity-030,疫苗,BIOLOGY,原绑「免疫学的应用★★★☆☆」与标题零字面重合；标题与「疫苗」互为整名包含，改指
bio-mo-immunity-034,疫苗,BIOLOGY,原绑「免疫学的应用★★★☆☆」与标题零字面重合；标题与「疫苗」互为整名包含，改指
bio-mo-gene-072,核糖体,BIOLOGY,原绑「基因的表达」与标题零字面重合；标题与「核糖体」互为整名包含，改指
bio-mo-gene-075,中心法则,BIOLOGY,原绑「基因的表达」与标题零字面重合；标题与「中心法则」互为整名包含，改指
bio-mo-gene-076,细胞核,BIOLOGY,原绑「基因的表达」与标题零字面重合；标题与「细胞核」互为整名包含，改指
bio-mo-gene-077,转录,BIOLOGY,原绑「基因的表达」与标题零字面重合；标题与「转录」互为整名包含，改指
bio-mo-gene-078,核糖体,BIOLOGY,原绑「基因的表达」与标题零字面重合；标题与「核糖体」互为整名包含，改指
bio-mo-gene-081,密码子,BIOLOGY,原绑「基因的表达」与标题零字面重合；标题与「密码子」互为整名包含，改指
bio-mo-gene-083,中心法则,BIOLOGY,原绑「基因的表达」与标题零字面重合；标题与「中心法则」互为整名包含，改指
bio-mo-gene-087,转录,BIOLOGY,原绑「基因的表达」与标题零字面重合；标题与「转录」互为整名包含，改指
bio-mo-cell-111,水,BIOLOGY,原绑「被动运输」与标题零字面重合；标题与「水」互为整名包含，改指
bio-mo-cell-112,水,BIOLOGY,原绑「被动运输」与标题零字面重合；标题与「水」互为整名包含，改指
bio-mo-cell-114,蛋白质,BIOLOGY,原绑「被动运输」与标题零字面重合；标题与「蛋白质」互为整名包含，改指
bio-mo-cell-120,胞吞,BIOLOGY,原绑「主动运输」与标题零字面重合；标题与「胞吞」互为整名包含，改指
bio-mo-cell-124,水,BIOLOGY,原绑「主动运输」与标题零字面重合；标题与「水」互为整名包含，改指
bio-mo-gene-122,多倍体,BIOLOGY,原绑「染色体变异」与标题零字面重合；标题与「多倍体」互为整名包含，改指
bio-mo-gene-127,单倍体,BIOLOGY,原绑「染色体变异」与标题零字面重合；标题与「单倍体」互为整名包含，改指
bio-mo-gene-130,单倍体,BIOLOGY,原绑「染色体变异」与标题零字面重合；标题与「单倍体」互为整名包含，改指
bio-mo-gene-131,单倍体,BIOLOGY,原绑「染色体变异」与标题零字面重合；标题与「单倍体」互为整名包含，改指
bio-mo-gene-138,基因,BIOLOGY,原绑「人类遗传病★★★☆☆」与标题零字面重合；标题与「基因」互为整名包含，改指
bio-mo-gene-143,基因,BIOLOGY,原绑「人类遗传病★★★☆☆」与标题零字面重合；标题与「基因」互为整名包含，改指
bio-mo-plant-hormone-005,生长素,BIOLOGY,原绑「探究动植物生命活动调节实验的思路与方法★★★☆☆」与标题零字面重合；标题与「生长素」互为整名包含，改指
bio-mo-plant-hormone-006,生长素,BIOLOGY,原绑「探究动植物生命活动调节实验的思路与方法★★★☆☆」与标题零字面重合；标题与「生长素」互为整名包含，改指
bio-mo-plant-hormone-008,生长素,BIOLOGY,原绑「探究动植物生命活动调节实验的思路与方法★★★☆☆」与标题零字面重合；标题与「生长素」互为整名包含，改指
bio-mo-plant-hormone-009,生长素,BIOLOGY,原绑「探究动植物生命活动调节实验的思路与方法★★★☆☆」与标题零字面重合；标题与「生长素」互为整名包含，改指
bio-mo-plant-hormone-015,生长素,BIOLOGY,原绑「探究动植物生命活动调节实验的思路与方法★★★☆☆」与标题零字面重合；标题与「生长素」互为整名包含，改指
bio-mo-plant-hormone-016,生长素,BIOLOGY,原绑「探究动植物生命活动调节实验的思路与方法★★★☆☆」与标题零字面重合；标题与「生长素」互为整名包含，改指
bio-mo-cell-161,水,BIOLOGY,原绑「ATP的合成和利用」与标题零字面重合；标题与「水」互为整名包含，改指
bio-mo-cell-179,色素,BIOLOGY,原绑「光合作用与细胞呼吸过程、物质和能量的关系★★★☆☆」与标题零字面重合；标题与「色素」互为整名包含，改指
bio-mo-cell-180,叶绿体,BIOLOGY,原绑「光合作用与细胞呼吸过程、物质和能量的关系★★★☆☆」与标题零字面重合；标题与「叶绿体」互为整名包含，改指
bio-mo-cell-187,光反应,BIOLOGY,原绑「光合作用与细胞呼吸过程、物质和能量的关系★★★☆☆」与标题零字面重合；标题与「光反应」互为整名包含，改指
bio-mo-evolution-007,自然选择,BIOLOGY,原绑「协同进化与生物多样性的形成★★★☆☆」与标题零字面重合；标题与「自然选择」互为整名包含，改指
bio-mo-evolution-019,基因,BIOLOGY,原绑「协同进化与生物多样性的形成★★★☆☆」与标题零字面重合；标题与「基因」互为整名包含，改指
bio-mo-evolution-021,基因频率,BIOLOGY,原绑「协同进化与生物多样性的形成★★★☆☆」与标题零字面重合；标题与「基因频率」互为整名包含，改指
bio-mo-evolution-023,自然选择,BIOLOGY,原绑「协同进化与生物多样性的形成★★★☆☆」与标题零字面重合；标题与「自然选择」互为整名包含，改指
bio-mo-evolution-024,自然选择,BIOLOGY,原绑「协同进化与生物多样性的形成★★★☆☆」与标题零字面重合；标题与「自然选择」互为整名包含，改指
bio-mo-cell-237,激素,BIOLOGY,原绑「细胞中的糖类」与标题零字面重合；标题与「激素」互为整名包含，改指
bio-mo-segregation-law-008,基因,BIOLOGY,原绑「分离定律」与标题零字面重合；标题与「基因」互为整名包含，改指
phys-mo-l31-mechanical-wave-n,机械波-x1,PHYSICS,原无绑定；标题与节点名归一化后互为整名包含且唯一，已复核
chem-iron3-detection,fe2-fe3-的检验方法,CHEMISTRY,原无绑定；标题与节点名归一化后互为整名包含且唯一，已复核
chem-kb-feoh2-preparation-methods,fe-oh-2的制备,CHEMISTRY,原无绑定；标题与节点名归一化后互为整名包含且唯一，已复核
chem-kb-chemical-bond-definition-types,化学键,CHEMISTRY,原无绑定；标题与节点名归一化后互为整名包含且唯一，已复核
chem-hj-na-lizishumu-yaodian,阿伏加德罗常数,CHEMISTRY,原无绑定；标题与节点名归一化后互为整名包含且唯一，已复核
chem-hj-hunhe-rongye-ph-jisuan,溶液ph的计算,CHEMISTRY,原无绑定；标题与节点名归一化后互为整名包含且唯一，已复核
chem-hj-so2-zhibei-fangfa,二氧化硫,CHEMISTRY,原无绑定；标题与节点名归一化后互为整名包含且唯一，已复核
chem-hj-zifa-guocheng-zifafanying,自发反应,CHEMISTRY,原无绑定；标题与节点名归一化后互为整名包含且唯一，已复核
chem-hj-rongjie-quxian-c-c-tu,沉淀溶解平衡,CHEMISTRY,原无绑定；标题与节点名归一化后互为整名包含且唯一，已复核
chem-hj-chendian-diding-quxian,沉淀溶解平衡,CHEMISTRY,原无绑定；标题与节点名归一化后互为整名包含且唯一，已复核
chem-hj-tanzu-yuansu-danzhi,同素异形体,CHEMISTRY,原无绑定；标题与节点名归一化后互为整名包含且唯一，已复核
chem-hj-lizi-huahewu-huaxueshi-hanyi,离子化合物,CHEMISTRY,原无绑定；标题与节点名归一化后互为整名包含且唯一，已复核
chem-hj-tongfenyigou-leixing-quan,同分异构体,CHEMISTRY,原无绑定；标题与节点名归一化后互为整名包含且唯一，已复核
chem-hj2-gaisi-dinglv-qiu-fanre,盖斯定律-x1,CHEMISTRY,原无绑定；标题与节点名归一化后互为整名包含且唯一，已复核
chem-hj2-dengxiao-pingheng-silei,等效平衡,CHEMISTRY,原无绑定；标题与节点名归一化后互为整名包含且唯一，已复核
chem-fx-fu-za-fen-zi-shi-de-tong-fen-yi-gou-ti-f03x08,同分异构体,CHEMISTRY,原无绑定；标题与节点名归一化后互为整名包含且唯一，已复核
chem-fx-liang-qu-yi-ding-liang-de-nong-liu-sua-f05x08,浓硫酸,CHEMISTRY,原无绑定；标题与节点名归一化后互为整名包含且唯一，已复核
chem-fx-an-qi-yu-er-yang-hua-dan-de-fan-ying-f27x09,二氧化氮,CHEMISTRY,原无绑定；标题与节点名归一化后互为整名包含且唯一，已复核
chem-fx-pan-duan-yuan-su-de-hua-he-jia-f30x03,化合价,CHEMISTRY,原无绑定；标题与节点名归一化后互为整名包含且唯一，已复核
chem-fx-fei-jin-shu-xing-f30x04,元素非金属性强弱的判断,CHEMISTRY,原无绑定；标题与节点名归一化后互为整名包含且唯一，已复核
chem-fx-jing-bao-can-shu-f35x03,晶胞,CHEMISTRY,原无绑定；标题与节点名归一化后互为整名包含且唯一，已复核
chem-fx-shi-yong-hua-xue-ping-heng-chang-shu-y-f43x06,化学平衡常数,CHEMISTRY,原无绑定；标题与节点名归一化后互为整名包含且唯一，已复核
chem-fx-chen-dian-rong-jie-ping-heng-yi-dong-z-f55x01,沉淀溶解平衡,CHEMISTRY,原无绑定；标题与节点名归一化后互为整名包含且唯一，已复核
chem-mo-na-ti-sanbu-shenfa,阿伏加德罗常数,CHEMISTRY,原无绑定；标题与节点名归一化后互为整名包含且唯一，已复核
math-hj-pailie-gainian-shu,排列,MATH,原无绑定；标题与节点名归一化后互为整名包含且唯一，已复核
math-hj-zuhe-gainian-shu,组合,MATH,原无绑定；标题与节点名归一化后互为整名包含且唯一，已复核
phys-kb-liquid-crystal-property,液晶,PHYSICS,原无绑定；标题与节点名归一化后互为整名包含且唯一，已复核
phys-hj-038-overweight-phenomenon,超重,PHYSICS,原无绑定；标题与节点名归一化后互为整名包含且唯一，已复核
phys-hj-039-weightlessness-phenomenon,失重,PHYSICS,原无绑定；标题与节点名归一化后互为整名包含且唯一，已复核
phys-hj-040-complete-weightlessness,失重,PHYSICS,原无绑定；标题与节点名归一化后互为整名包含且唯一，已复核
phys-hj-066-particle-model,质点,PHYSICS,原无绑定；标题与节点名归一化后互为整名包含且唯一，已复核
phys-hj-195-geomagnetic-field,磁场,PHYSICS,原无绑定；标题与节点名归一化后互为整名包含且唯一，已复核
phys-hj3-gravity-center-facts,重力,PHYSICS,原无绑定；标题与节点名归一化后互为整名包含且唯一，已复核
phys-mo-l01-motion-description-b,质点,PHYSICS,原无绑定；标题与节点名归一化后互为整名包含且唯一，已复核
phys-mo-l25-momentum-consv-b-4,反冲运动,PHYSICS,原无绑定；标题与节点名归一化后互为整名包含且唯一，已复核
chem-distillation-operation-points,蒸馏,CHEMISTRY,原无绑定；标题与节点名归一化后互为整名包含且唯一，已复核
chem-hj-hanbian-gainian,焓变,CHEMISTRY,原无绑定；标题与节点名归一化后互为整名包含且唯一，已复核
chem-fx-qi-ta-chang-jian-tie-yan-f16x05,铁盐,CHEMISTRY,原无绑定；标题与节点名归一化后互为整名包含且唯一，已复核
chem-fx-zheng-fa-jie-jing-f56x06,蒸发,CHEMISTRY,原无绑定；标题与节点名归一化后互为整名包含且唯一，已复核
chem-fx-jian-ya-zheng-liu-f71x05,蒸馏,CHEMISTRY,原无绑定；标题与节点名归一化后互为整名包含且唯一，已复核
chem-fx-pu-tong-bo-li-f73x11,玻璃,CHEMISTRY,原无绑定；标题与节点名归一化后互为整名包含且唯一，已复核
chem-fx-cui-qu-yu-fan-cui-qu-f74x10,萃取,CHEMISTRY,原无绑定；标题与节点名归一化后互为整名包含且唯一，已复核
chem-fx-ye-ye-cui-qu-f74x11,萃取,CHEMISTRY,原无绑定；标题与节点名归一化后互为整名包含且唯一，已复核
math-am-gm-1-substitution,利用基本不等式求最值,MATH,逐条读正文判定：原绑与材料所讲不是一回事，改指本节点
math-period-basic-shift-equality,函数的周期性,MATH,逐条读正文判定：原绑与材料所讲不是一回事，改指本节点
math-inverse-construct-add-subtract,导数构造法解函数不等式,MATH,逐条读正文判定：原绑与材料所讲不是一回事，改指本节点
math-binomial-odd-even-coefficient-sum,二项式定理,MATH,逐条读正文判定：原绑与材料所讲不是一回事，改指本节点
math-expansion-odd-even-coefficient-f1-f-1,二项式定理,MATH,逐条读正文判定：原绑与材料所讲不是一回事，改指本节点
math-expansion-coefficient-max-absolute-compare,二项式定理,MATH,逐条读正文判定：原绑与材料所讲不是一回事，改指本节点
math-binomial-coefficients-monotonic-symmetric,二项式定理,MATH,逐条读正文判定：原绑与材料所讲不是一回事，改指本节点
math-kb-common-number-sets-notation,,MATH,逐条读正文判定：原绑与材料所讲不是一回事，且无正确归属，改为不导入
math-kb-unit-substitution-method,利用基本不等式求最值,MATH,逐条读正文判定：原绑与材料所讲不是一回事，改指本节点
math-kb-section-drawing-methods,空间几何体中的截面问题,MATH,逐条读正文判定：原绑与材料所讲不是一回事，改指本节点
math-hj-jufafa-shiyong-guize,列举观察法-列出几何中的全部元素-通过定义得出集合间关系,MATH,逐条读正文判定：原绑与材料所讲不是一回事，改指本节点
math-hj-changjian-shuji-jihao,,MATH,逐条读正文判定：原绑与材料所讲不是一回事，且无正确归属，改为不导入
math-hj-demogan-lv,集合运算中的常用二级结论,MATH,逐条读正文判定：原绑与材料所讲不是一回事，改指本节点
math-hj-s11-rep-element-dist,对集合表示方法的理解偏差致错,MATH,逐条读正文判定：原绑与材料所讲不是一回事，改指本节点
math-hj-s11-demorgan,集合运算中的常用二级结论,MATH,逐条读正文判定：原绑与材料所讲不是一回事，改指本节点
math-hj-s14-sub-1,利用基本不等式求最值,MATH,逐条读正文判定：原绑与材料所讲不是一回事，改指本节点
math-hj-s72-sphere-cube,求解几何体外接球的半径的思路,MATH,逐条读正文判定：原绑与材料所讲不是一回事，改指本节点
math-hj-s81-slope-angle,直线的方程,MATH,逐条读正文判定：原绑与材料所讲不是一回事，改指本节点
math-hj-s81-line-methods,直线的方程,MATH,逐条读正文判定：原绑与材料所讲不是一回事，改指本节点
math-hj-s92-variance,,MATH,逐条读正文判定：原绑与材料所讲不是一回事，且无正确归属，改为不导入
math-fx-xiangliang-jiujian-faze,平面向量的线性运算,MATH,逐条读正文判定：原绑与材料所讲不是一回事，改指本节点
math-fx-yuan-biaozhun-yiban-fangcheng,圆的方程,MATH,逐条读正文判定：原绑与材料所讲不是一回事，改指本节点
math-fx-erci-qiudao-sibu-fa,导数法求函数单调区间的步骤,MATH,逐条读正文判定：原绑与材料所讲不是一回事，改指本节点
math-fx-qiexian-dian-xuanze-yuanze,放缩法,MATH,逐条读正文判定：原绑与材料所讲不是一回事，改指本节点
math-fx-shulue-budengshi-sanluxian,证明不等式,MATH,逐条读正文判定：原绑与材料所讲不是一回事，改指本节点
math-fx-tonggou-quwaiyi-bijiao,构造函数-运用函数的单调性比较,MATH,逐条读正文判定：原绑与材料所讲不是一回事，改指本节点
math-fx-yuan-yu-yuan-gongqie-qiucan,两曲线的公切线问题,MATH,逐条读正文判定：原绑与材料所讲不是一回事，改指本节点
phys-v2-x-xielv-jie-ju,非常规运动学图像,PHYSICS,逐条读正文判定：原绑与材料所讲不是一回事，改指本节点
phys-x-bi-t-xielv-jie-ju,x-t图像-v-t图像-a-t图像的对比,PHYSICS,逐条读正文判定：原绑与材料所讲不是一回事，改指本节点
phys-x-bi-t2-1-t-xielv-jie-ju,x-t图像-v-t图像-a-t图像的对比,PHYSICS,逐条读正文判定：原绑与材料所讲不是一回事，改指本节点
phys-zhengjiao-fenjiefa-shi-yong,核心特点,PHYSICS,逐条读正文判定：原绑与材料所讲不是一回事，改指本节点
phys-sanli-shi-liang-sanjiaoxing-fa,相似三角形-动态三角形-拉密定理等方法解决临界极值问题,PHYSICS,逐条读正文判定：原绑与材料所讲不是一回事，改指本节点
phys-shuang-waili-jiao-cha-fen-pei,连接体问题,PHYSICS,逐条读正文判定：原绑与材料所讲不是一回事，改指本节点
phys-kuai-waili-liang-ge-lin-jie,板块模型,PHYSICS,逐条读正文判定：原绑与材料所讲不是一回事，改指本节点
phys-ban-waili-liang-ge-lin-jie,板块模型,PHYSICS,逐条读正文判定：原绑与材料所讲不是一回事，改指本节点
phys-f-qidong-san-jie-duan,板块模型,PHYSICS,逐条读正文判定：原绑与材料所讲不是一回事，改指本节点
phys-v-qidong-mu-ban-shi-fou-bei-dai-dong,板块模型,PHYSICS,逐条读正文判定：原绑与材料所讲不是一回事，改指本节点
phys-pingpao-ju-xie-mian-zui-yuan,平抛运动,PHYSICS,逐条读正文判定：原绑与材料所讲不是一回事，改指本节点
phys-ball-spring-conservation,滑块-小球-弹簧模型,PHYSICS,逐条读正文判定：原绑与材料所讲不是一回事，改指本节点
phys-wave-multiplicity-bidirection,解决波的多解问题的思路和步骤,PHYSICS,逐条读正文判定：原绑与材料所讲不是一回事，改指本节点
phys-fault-check-principle,电路的故障分析,PHYSICS,逐条读正文判定：原绑与材料所讲不是一回事，改指本节点
phys-critical-angle-formula,条件-①光从光密介质射入光疏介质-②入射角大于或等于临界角,PHYSICS,逐条读正文判定：原绑与材料所讲不是一回事，改指本节点
phys-kb-x-t-graph-reading,x-t图像-v-t图像-a-t图像的对比,PHYSICS,逐条读正文判定：原绑与材料所讲不是一回事，改指本节点
phys-kb-v-t-graph-reading,x-t图像-v-t图像-a-t图像的对比,PHYSICS,逐条读正文判定：原绑与材料所讲不是一回事，改指本节点
phys-kb-a-t-graph-reading,x-t图像-v-t图像-a-t图像的对比,PHYSICS,逐条读正文判定：原绑与材料所讲不是一回事，改指本节点
phys-kb-boat-crossing-river,运动的合成与分解,PHYSICS,逐条读正文判定：原绑与材料所讲不是一回事，改指本节点
phys-hj-011-friction-static-to-static,摩擦力的突变类问题,PHYSICS,逐条读正文判定：原绑与材料所讲不是一回事，改指本节点
phys-hj-012-friction-static-to-kinetic,摩擦力的突变类问题,PHYSICS,逐条读正文判定：原绑与材料所讲不是一回事，改指本节点
phys-hj-013-friction-kinetic-to-static,摩擦力的突变类问题,PHYSICS,逐条读正文判定：原绑与材料所讲不是一回事，改指本节点
phys-hj-014-friction-kinetic-to-kinetic,摩擦力的突变类问题,PHYSICS,逐条读正文判定：原绑与材料所讲不是一回事，改指本节点
phys-hj-176-xt-graph-meaning,x-t图像-v-t图像-a-t图像的对比,PHYSICS,逐条读正文判定：原绑与材料所讲不是一回事，改指本节点
phys-hj-177-vt-graph-meaning,x-t图像-v-t图像-a-t图像的对比,PHYSICS,逐条读正文判定：原绑与材料所讲不是一回事，改指本节点
phys-hj-178-at-graph-meaning,x-t图像-v-t图像-a-t图像的对比,PHYSICS,逐条读正文判定：原绑与材料所讲不是一回事，改指本节点
phys-hj2-zizhuan-kelue-yu-buneng-kelue,万有引力定律的应用,PHYSICS,逐条读正文判定：原绑与材料所讲不是一回事，改指本节点
phys-hj2-yuedian-puxian-tiaoshu,氢原子能级跃迁与数学思想的结合,PHYSICS,逐条读正文判定：原绑与材料所讲不是一回事，改指本节点
phys-hj2-xiaochuan-duhe-moxing,运动的合成与分解,PHYSICS,逐条读正文判定：原绑与材料所讲不是一回事，改指本节点
phys-hj2-huakuai-xiequ-mian-moxing,模型解读-x2,PHYSICS,逐条读正文判定：原绑与材料所讲不是一回事，改指本节点
phys-hj2-huakuai-muban-moxing-jiefa,滑块-木板模型的临界问题,PHYSICS,逐条读正文判定：原绑与材料所讲不是一回事，改指本节点
phys-hj2-pianzhuan-daping-yanshangxian,带电粒子在匀强电场中偏转的两个分运动,PHYSICS,逐条读正文判定：原绑与材料所讲不是一回事，改指本节点
phys-hj2-pingpao-shiyan-pinshan-paizhao,平抛运动,PHYSICS,逐条读正文判定：原绑与材料所讲不是一回事，改指本节点
phys-hj3-xt-vt-image-compare,x-t图像-v-t图像-a-t图像的对比,PHYSICS,逐条读正文判定：原绑与材料所讲不是一回事，改指本节点
phys-fx-chase-catch-once-conclusion,追及问题的常见类型,PHYSICS,逐条读正文判定：原绑与材料所讲不是一回事，改指本节点
phys-fx-boat-crossing-river-model,运动的合成与分解,PHYSICS,逐条读正文判定：原绑与材料所讲不是一回事，改指本节点
phys-fx-satellite-orbit-planes,卫星发射速度和宇宙速度与运动轨迹的关系,PHYSICS,逐条读正文判定：原绑与材料所讲不是一回事，改指本节点
phys-fx-incline-projectile-two-decompositions,核心处理思想-运动的合成与分解,PHYSICS,逐条读正文判定：原绑与材料所讲不是一回事，改指本节点
phys-mo-l05-three-nature-forces-b,力的基础概念-重力-弹力-摩擦力,PHYSICS,逐条读正文判定：原绑与材料所讲不是一回事，改指本节点
phys-mo-l26-collision-models-b-3,滑块-小球-弹簧模型,PHYSICS,逐条读正文判定：原绑与材料所讲不是一回事，改指本节点
phys-mo-l26-collision-models-b-4,模型解读-x2,PHYSICS,逐条读正文判定：原绑与材料所讲不是一回事，改指本节点
chem-image-analysis-five-steps,常规图像解题分析,CHEMISTRY,逐条读正文判定：原绑与材料所讲不是一回事，改指本节点
chem-preparation-five-property-control,,CHEMISTRY,逐条读正文判定：原绑与材料所讲不是一回事，且无正确归属，改为不导入
chem-hj-lvshui-pingheng-yidong,化学平衡移动的分析方法,CHEMISTRY,逐条读正文判定：原绑与材料所讲不是一回事，改指本节点
chem-hj-jiajian-shumu-changkao,共价键,CHEMISTRY,逐条读正文判定：原绑与材料所讲不是一回事，改指本节点
chem-hj-rongzhi-teshu-jiejing-shui,,CHEMISTRY,逐条读正文判定：原绑与材料所讲不是一回事，且无正确归属，改为不导入
chem-hj-zhi-ranshao-dingliang-guilv,烃类的燃烧规律,CHEMISTRY,逐条读正文判定：原绑与材料所讲不是一回事，改指本节点
chem-hj-ertang-zhe-tang-duibi,糖类的结构和性质,CHEMISTRY,逐条读正文判定：原绑与材料所讲不是一回事，改指本节点
chem-hj-ji-zhong-shui-suhua-duizhao,,CHEMISTRY,逐条读正文判定：原绑与材料所讲不是一回事，且无正确归属，改为不导入
chem-hj-didinglei-xingtui-zonghe,,CHEMISTRY,逐条读正文判定：原绑与材料所讲不是一回事，且无正确归属，改为不导入
chem-hj-fenbu-chendian-guilv,沉淀溶解平衡的应用,CHEMISTRY,逐条读正文判定：原绑与材料所讲不是一回事，改指本节点
chem-hj-weixing-liucheng-wulei-kaocha,,CHEMISTRY,逐条读正文判定：原绑与材料所讲不是一回事，且无正确归属，改为不导入
chem-hj-chuzha-siyuanze-sanbixu,,CHEMISTRY,逐条读正文判定：原绑与材料所讲不是一回事，且无正确归属，改为不导入
chem-hj2-zhongliang-diding-fenxi-fa,,CHEMISTRY,逐条读正文判定：原绑与材料所讲不是一回事，且无正确归属，改为不导入
chem-fx-ci-lin-suan-shi-yi-yuan-zhong-qiang-su-f07x18,,CHEMISTRY,逐条读正文判定：原绑与材料所讲不是一回事，且无正确归属，改为不导入
chem-fx-chan-wu-de-chu-li-f08x14,,CHEMISTRY,逐条读正文判定：原绑与材料所讲不是一回事，且无正确归属，改为不导入
chem-fx-chang-wen-xia-f48x07,,CHEMISTRY,逐条读正文判定：原绑与材料所讲不是一回事，且无正确归属，改为不导入
chem-fx-jie-da-ci-lei-ti-mu-zhu-yi-san-ge-guan-f51x11,,CHEMISTRY,逐条读正文判定：原绑与材料所讲不是一回事，且无正确归属，改为不导入
chem-fx-shi-zai-f54x15,,CHEMISTRY,逐条读正文判定：原绑与材料所讲不是一回事，且无正确归属，改为不导入
chem-fx-zhua-zhu-guan-jian-ci-yu-f76x17,,CHEMISTRY,逐条读正文判定：原绑与材料所讲不是一回事，且无正确归属，改为不导入
chem-fx-zhong-zuo-f80x10,,CHEMISTRY,逐条读正文判定：原绑与材料所讲不是一回事，且无正确归属，改为不导入
bio-formula-actual-o2-production,辨析真正光合速率-净光合速率和呼吸速率,BIOLOGY,逐条读正文判定：原绑与材料所讲不是一回事，改指本节点
bio-formula-actual-co2-consumption,辨析真正光合速率-净光合速率和呼吸速率,BIOLOGY,逐条读正文判定：原绑与材料所讲不是一回事，改指本节点
bio-selfing-each-generation-formula,分离定律的概率计算-含自交与自由交配,BIOLOGY,逐条读正文判定：原绑与材料所讲不是一回事，改指本节点
bio-kb-vesicle-transport-principle,分泌蛋白的合成和运输,BIOLOGY,逐条读正文判定：原绑与材料所讲不是一回事，改指本节点
bio-kb-enzyme-chemical-nature,酶的本质,BIOLOGY,逐条读正文判定：原绑与材料所讲不是一回事，改指本节点
bio-kb-storage-conditions-fruits-vs-seeds,细胞呼吸原理的应用,BIOLOGY,逐条读正文判定：原绑与材料所讲不是一回事，改指本节点
bio-kb-dna-replication-quantity-calculation,dna的复制,BIOLOGY,逐条读正文判定：原绑与材料所讲不是一回事，改指本节点
bio-kb-epigenetics-concept-and-features,,BIOLOGY,逐条读正文判定：原绑与材料所讲不是一回事，且无正确归属，改为不导入
bio-kb-epigenetics-types-detail,,BIOLOGY,逐条读正文判定：原绑与材料所讲不是一回事，且无正确归属，改为不导入
bio-kb-lamarck-evolution-theory,,BIOLOGY,逐条读正文判定：原绑与材料所讲不是一回事，且无正确归属，改为不导入
bio-kb-brain-parts-and-functions,人脑的高级功能,BIOLOGY,逐条读正文判定：原绑与材料所讲不是一回事，改指本节点
bio-kb-nerve-regulation-misjudgments,神经调节的结构基础,BIOLOGY,逐条读正文判定：原绑与材料所讲不是一回事，改指本节点
bio-kb2-07-transport-modes-compare,物质出入细胞的方式-x1,BIOLOGY,逐条读正文判定：原绑与材料所讲不是一回事，改指本节点
bio-fj-07-transport-modes-comparison,物质出入细胞的方式-x1,BIOLOGY,逐条读正文判定：原绑与材料所讲不是一回事，改指本节点
bio-fj-07-transport-mistakes,物质出入细胞的方式-x1,BIOLOGY,逐条读正文判定：原绑与材料所讲不是一回事，改指本节点
bio-fj-12-interphase-features,细胞周期,BIOLOGY,逐条读正文判定：原绑与材料所讲不是一回事，改指本节点
bio-fj-20-replication-mistakes,dna的复制,BIOLOGY,逐条读正文判定：原绑与材料所讲不是一回事，改指本节点
bio-fj-21-epigenetics-types,,BIOLOGY,逐条读正文判定：原绑与材料所讲不是一回事，且无正确归属，改为不导入
bio-fj-23-lamarck-theory,,BIOLOGY,逐条读正文判定：原绑与材料所讲不是一回事，且无正确归属，改为不导入
bio-fj-23-species-concept,物种的形成,BIOLOGY,逐条读正文判定：原绑与材料所讲不是一回事，改指本节点
bio-fj-20-base-pair-rule-4-at-over-gc,dna的结构及特点,BIOLOGY,逐条读正文判定：原绑与材料所讲不是一回事，改指本节点
bio-fj-05-communication-via-chemicals,信息传递,BIOLOGY,逐条读正文判定：原绑与材料所讲不是一回事，改指本节点
bio-fj-17-sex-ratio-in-x-recessive,伴性遗传,BIOLOGY,逐条读正文判定：原绑与材料所讲不是一回事，改指本节点
bio-kb3-f1-s1-1-n09,种群的数量特征,BIOLOGY,逐条读正文判定：原绑与材料所讲不是一回事，改指本节点
bio-kb3-f1-s1-1-n10,种群的数量特征,BIOLOGY,逐条读正文判定：原绑与材料所讲不是一回事，改指本节点
bio-kb3-f2-s2-3-n12,细胞中的脂质,BIOLOGY,逐条读正文判定：原绑与材料所讲不是一回事，改指本节点
bio-kb3-f2-s2-3-n13,细胞中的脂质,BIOLOGY,逐条读正文判定：原绑与材料所讲不是一回事，改指本节点
bio-kb3-f2-s2-3-n14,细胞中的脂质,BIOLOGY,逐条读正文判定：原绑与材料所讲不是一回事，改指本节点
bio-kb3-f2-s2-4-n04,,BIOLOGY,逐条读正文判定：原绑与材料所讲不是一回事，且无正确归属，改为不导入
bio-kb3-f2-s2-4-n05,脱水缩合,BIOLOGY,逐条读正文判定：原绑与材料所讲不是一回事，改指本节点
bio-kb3-f5-s5-2-n01,atp的结构,BIOLOGY,逐条读正文判定：原绑与材料所讲不是一回事，改指本节点
bio-kb3-f5-s5-2-n03,atp的结构,BIOLOGY,逐条读正文判定：原绑与材料所讲不是一回事，改指本节点
bio-kb3-f5-s5-2-n04,atp的结构,BIOLOGY,逐条读正文判定：原绑与材料所讲不是一回事，改指本节点
bio-kb3-f5-s5-2-n08,atp的合成和利用,BIOLOGY,逐条读正文判定：原绑与材料所讲不是一回事，改指本节点
bio-kb3-f5-s5-2-n11,atp的结构,BIOLOGY,逐条读正文判定：原绑与材料所讲不是一回事，改指本节点
bio-kb3-f5-s5-4-3-n03,光合作用的原理,BIOLOGY,逐条读正文判定：原绑与材料所讲不是一回事，改指本节点
bio-kb3-f5-s5-4-3-n08,辨析真正光合速率-净光合速率和呼吸速率,BIOLOGY,逐条读正文判定：原绑与材料所讲不是一回事，改指本节点
bio-kb3-f5-s5-4-3-n09,辨析真正光合速率-净光合速率和呼吸速率,BIOLOGY,逐条读正文判定：原绑与材料所讲不是一回事，改指本节点
bio-kb3-f2-s2-3-n16,细胞中的脂质,BIOLOGY,逐条读正文判定：原绑与材料所讲不是一回事，改指本节点
bio-kb3-f2-s2-5-n03,dna的结构及特点,BIOLOGY,逐条读正文判定：原绑与材料所讲不是一回事，改指本节点
bio-kb3-f4-s39-n01,影响酶促反应的因素分析,BIOLOGY,逐条读正文判定：原绑与材料所讲不是一回事，改指本节点
bio-kb3-f4-s39-n02,影响酶促反应的因素分析,BIOLOGY,逐条读正文判定：原绑与材料所讲不是一回事，改指本节点
bio-kb3-f4-s39-n03,影响酶促反应的因素分析,BIOLOGY,逐条读正文判定：原绑与材料所讲不是一回事，改指本节点
bio-kb3-f4-s39-n04,影响酶促反应的因素分析,BIOLOGY,逐条读正文判定：原绑与材料所讲不是一回事，改指本节点
bio-kb3-f4-s40-n01,atp的结构,BIOLOGY,逐条读正文判定：原绑与材料所讲不是一回事，改指本节点
bio-kb3-f4-s40-n02,atp的结构,BIOLOGY,逐条读正文判定：原绑与材料所讲不是一回事，改指本节点
bio-kb3-f4-s40-n03,atp的结构,BIOLOGY,逐条读正文判定：原绑与材料所讲不是一回事，改指本节点
bio-kb3-f4-s41-n06,atp的合成和利用,BIOLOGY,逐条读正文判定：原绑与材料所讲不是一回事，改指本节点
bio-kb3-f4-s41-n07,atp的合成和利用,BIOLOGY,逐条读正文判定：原绑与材料所讲不是一回事，改指本节点
bio-kb3-f4-s41-n10,atp的合成和利用,BIOLOGY,逐条读正文判定：原绑与材料所讲不是一回事，改指本节点
bio-kb3-f4-s41-n11,atp的合成和利用,BIOLOGY,逐条读正文判定：原绑与材料所讲不是一回事，改指本节点
bio-kb3-f4-s41-n12,atp的合成和利用,BIOLOGY,逐条读正文判定：原绑与材料所讲不是一回事，改指本节点
bio-fx-cop-kdel-retrieval,分泌蛋白的合成和运输,BIOLOGY,逐条读正文判定：原绑与材料所讲不是一回事，改指本节点
bio-fx-glucose-transport-cases,物质出入细胞的方式-x1,BIOLOGY,逐条读正文判定：原绑与材料所讲不是一回事，改指本节点
bio-fx-info-molecule-types,信息传递,BIOLOGY,逐条读正文判定：原绑与材料所讲不是一回事，改指本节点
bio-fx-transport-material-cases,物质出入细胞的方式-x1,BIOLOGY,逐条读正文判定：原绑与材料所讲不是一回事，改指本节点
bio-fx-transport-curve-models,物质出入细胞的方式-x1,BIOLOGY,逐条读正文判定：原绑与材料所讲不是一回事，改指本节点
bio-fx-mcq-biotech-pitfalls,,BIOLOGY,逐条读正文判定：原绑与材料所讲不是一回事，且无正确归属，改为不导入
bio-fx-media-components,微生物的培养,BIOLOGY,逐条读正文判定：原绑与材料所讲不是一回事，改指本节点
bio-fx-ferroptosis-features,细胞的死亡,BIOLOGY,逐条读正文判定：原绑与材料所讲不是一回事，改指本节点
bio-fx-pcr-third-cycle-specific,pcr技术,BIOLOGY,逐条读正文判定：原绑与材料所讲不是一回事，改指本节点
bio-fx-nested-pcr,pcr技术,BIOLOGY,逐条读正文判定：原绑与材料所讲不是一回事，改指本节点
bio-fx-dna-repair-three-types,,BIOLOGY,逐条读正文判定：原绑与材料所讲不是一回事，且无正确归属，改为不导入
bio-fx-cam-adaptive-meaning,c4植物-cam植物等特殊代谢类型,BIOLOGY,逐条读正文判定：原绑与材料所讲不是一回事，改指本节点
bio-fx-photorespiration-benefit,,BIOLOGY,逐条读正文判定：原绑与材料所讲不是一回事，且无正确归属，改为不导入
bio-fx-nitrogen-source-function,微生物的培养,BIOLOGY,逐条读正文判定：原绑与材料所讲不是一回事，改指本节点
bio-mo-fermentation-041,发酵工程,BIOLOGY,逐条读正文判定：原绑与材料所讲不是一回事，改指本节点
bio-mo-fermentation-042,发酵工程,BIOLOGY,逐条读正文判定：原绑与材料所讲不是一回事，改指本节点
bio-mo-heredity-030,自交和自由交配的概率计算,BIOLOGY,逐条读正文判定：原绑与材料所讲不是一回事，改指本节点
bio-mo-cell-019,实验-检测生物组织中的糖类-脂肪和蛋白质-x1,BIOLOGY,逐条读正文判定：原绑与材料所讲不是一回事，改指本节点
bio-mo-cell-020,实验-检测生物组织中的糖类-脂肪和蛋白质-x1,BIOLOGY,逐条读正文判定：原绑与材料所讲不是一回事，改指本节点
bio-mo-cell-031,细胞中的水-x1,BIOLOGY,逐条读正文判定：原绑与材料所讲不是一回事，改指本节点
bio-mo-cell-032,细胞中的水-x1,BIOLOGY,逐条读正文判定：原绑与材料所讲不是一回事，改指本节点
bio-mo-cell-040,细胞中的脂质,BIOLOGY,逐条读正文判定：原绑与材料所讲不是一回事，改指本节点
bio-mo-cell-050,氨基酸,BIOLOGY,逐条读正文判定：原绑与材料所讲不是一回事，改指本节点
bio-mo-cell-057,氨基酸,BIOLOGY,逐条读正文判定：原绑与材料所讲不是一回事，改指本节点
bio-mo-cell-061,核苷酸,BIOLOGY,逐条读正文判定：原绑与材料所讲不是一回事，改指本节点
bio-mo-cell-engineering-005,植物组织培养,BIOLOGY,逐条读正文判定：原绑与材料所讲不是一回事，改指本节点
bio-mo-cell-engineering-016,,BIOLOGY,逐条读正文判定：原绑与材料所讲不是一回事，且无正确归属，改为不导入
bio-mo-cell-engineering-017,,BIOLOGY,逐条读正文判定：原绑与材料所讲不是一回事，且无正确归属，改为不导入
bio-mo-hormone-009,,BIOLOGY,逐条读正文判定：原绑与材料所讲不是一回事，且无正确归属，改为不导入
bio-mo-nerve-046,体温调节,BIOLOGY,逐条读正文判定：原绑与材料所讲不是一回事，改指本节点
bio-mo-nerve-047,水和无机盐平衡的调节,BIOLOGY,逐条读正文判定：原绑与材料所讲不是一回事，改指本节点
bio-mo-nerve-049,体温调节,BIOLOGY,逐条读正文判定：原绑与材料所讲不是一回事，改指本节点
bio-mo-nerve-052,体温调节,BIOLOGY,逐条读正文判定：原绑与材料所讲不是一回事，改指本节点
bio-mo-nerve-053,体温调节,BIOLOGY,逐条读正文判定：原绑与材料所讲不是一回事，改指本节点
bio-mo-nerve-057,水和无机盐平衡的调节,BIOLOGY,逐条读正文判定：原绑与材料所讲不是一回事，改指本节点
bio-mo-genetic-engineering-002,肺炎链球菌转化实验,BIOLOGY,逐条读正文判定：原绑与材料所讲不是一回事，改指本节点
bio-mo-genetic-engineering-003,基因工程,BIOLOGY,逐条读正文判定：原绑与材料所讲不是一回事，改指本节点
bio-mo-genetic-engineering-005,基因工程,BIOLOGY,逐条读正文判定：原绑与材料所讲不是一回事，改指本节点
bio-mo-genetic-engineering-008,基因工程,BIOLOGY,逐条读正文判定：原绑与材料所讲不是一回事，改指本节点
bio-mo-genetic-engineering-012,pcr技术,BIOLOGY,逐条读正文判定：原绑与材料所讲不是一回事，改指本节点
bio-mo-genetic-engineering-013,pcr技术,BIOLOGY,逐条读正文判定：原绑与材料所讲不是一回事，改指本节点
bio-mo-genetic-engineering-015,基因工程,BIOLOGY,逐条读正文判定：原绑与材料所讲不是一回事，改指本节点
bio-mo-gene-029,肺炎链球菌转化实验,BIOLOGY,逐条读正文判定：原绑与材料所讲不是一回事，改指本节点
bio-mo-gene-030,噬菌体侵染细菌实验,BIOLOGY,逐条读正文判定：原绑与材料所讲不是一回事，改指本节点
bio-mo-gene-031,噬菌体侵染细菌实验,BIOLOGY,逐条读正文判定：原绑与材料所讲不是一回事，改指本节点
bio-mo-gene-032,噬菌体侵染细菌实验,BIOLOGY,逐条读正文判定：原绑与材料所讲不是一回事，改指本节点
bio-mo-gene-036,噬菌体侵染细菌实验,BIOLOGY,逐条读正文判定：原绑与材料所讲不是一回事，改指本节点
bio-mo-gene-038,肺炎链球菌转化实验,BIOLOGY,逐条读正文判定：原绑与材料所讲不是一回事，改指本节点
bio-mo-gene-039,肺炎链球菌转化实验,BIOLOGY,逐条读正文判定：原绑与材料所讲不是一回事，改指本节点
bio-mo-gene-040,肺炎链球菌转化实验,BIOLOGY,逐条读正文判定：原绑与材料所讲不是一回事，改指本节点
bio-mo-gene-041,肺炎链球菌转化实验,BIOLOGY,逐条读正文判定：原绑与材料所讲不是一回事，改指本节点
bio-mo-gene-042,噬菌体侵染细菌实验,BIOLOGY,逐条读正文判定：原绑与材料所讲不是一回事，改指本节点
bio-mo-gene-044,噬菌体侵染细菌实验,BIOLOGY,逐条读正文判定：原绑与材料所讲不是一回事，改指本节点
bio-mo-gene-049,dna的结构及特点,BIOLOGY,逐条读正文判定：原绑与材料所讲不是一回事，改指本节点
bio-mo-gene-051,dna的结构及特点,BIOLOGY,逐条读正文判定：原绑与材料所讲不是一回事，改指本节点
bio-mo-gene-052,dna的结构及特点,BIOLOGY,逐条读正文判定：原绑与材料所讲不是一回事，改指本节点
bio-mo-gene-053,dna的结构及特点,BIOLOGY,逐条读正文判定：原绑与材料所讲不是一回事，改指本节点
bio-mo-gene-055,dna的复制,BIOLOGY,逐条读正文判定：原绑与材料所讲不是一回事，改指本节点
bio-mo-gene-056,dna的复制,BIOLOGY,逐条读正文判定：原绑与材料所讲不是一回事，改指本节点
bio-mo-gene-059,dna的复制,BIOLOGY,逐条读正文判定：原绑与材料所讲不是一回事，改指本节点
bio-mo-gene-060,dna的复制,BIOLOGY,逐条读正文判定：原绑与材料所讲不是一回事，改指本节点
bio-mo-gene-061,dna的复制,BIOLOGY,逐条读正文判定：原绑与材料所讲不是一回事，改指本节点
bio-mo-gene-062,dna的复制,BIOLOGY,逐条读正文判定：原绑与材料所讲不是一回事，改指本节点
bio-mo-gene-068,dna的结构及特点,BIOLOGY,逐条读正文判定：原绑与材料所讲不是一回事，改指本节点
bio-mo-ecosystem-009,能量流动,BIOLOGY,逐条读正文判定：原绑与材料所讲不是一回事，改指本节点
bio-mo-ecosystem-010,能量流动,BIOLOGY,逐条读正文判定：原绑与材料所讲不是一回事，改指本节点
bio-mo-ecosystem-017,物质循环,BIOLOGY,逐条读正文判定：原绑与材料所讲不是一回事，改指本节点
bio-mo-ecosystem-019,生物富集,BIOLOGY,逐条读正文判定：原绑与材料所讲不是一回事，改指本节点
bio-mo-ecosystem-021,物质循环,BIOLOGY,逐条读正文判定：原绑与材料所讲不是一回事，改指本节点
bio-mo-ecosystem-024,信息传递,BIOLOGY,逐条读正文判定：原绑与材料所讲不是一回事，改指本节点
bio-mo-ecosystem-025,信息传递,BIOLOGY,逐条读正文判定：原绑与材料所讲不是一回事，改指本节点
bio-mo-ecosystem-027,,BIOLOGY,逐条读正文判定：原绑与材料所讲不是一回事，且无正确归属，改为不导入
bio-mo-ecosystem-031,,BIOLOGY,逐条读正文判定：原绑与材料所讲不是一回事，且无正确归属，改为不导入
bio-mo-ecosystem-040,反馈调节,BIOLOGY,逐条读正文判定：原绑与材料所讲不是一回事，改指本节点
bio-mo-environment-001,,BIOLOGY,逐条读正文判定：原绑与材料所讲不是一回事，且无正确归属，改为不导入
bio-mo-environment-002,,BIOLOGY,逐条读正文判定：原绑与材料所讲不是一回事，且无正确归属，改为不导入
bio-mo-environment-003,,BIOLOGY,逐条读正文判定：原绑与材料所讲不是一回事，且无正确归属，改为不导入
bio-mo-environment-004,,BIOLOGY,逐条读正文判定：原绑与材料所讲不是一回事，且无正确归属，改为不导入
bio-mo-environment-006,,BIOLOGY,逐条读正文判定：原绑与材料所讲不是一回事，且无正确归属，改为不导入
bio-mo-immunity-017,免疫系统的组成和功能,BIOLOGY,逐条读正文判定：原绑与材料所讲不是一回事，改指本节点
bio-mo-gene-069,核苷酸,BIOLOGY,逐条读正文判定：原绑与材料所讲不是一回事，改指本节点
bio-mo-gene-070,核苷酸,BIOLOGY,逐条读正文判定：原绑与材料所讲不是一回事，改指本节点
bio-mo-gene-089,dna的复制,BIOLOGY,逐条读正文判定：原绑与材料所讲不是一回事，改指本节点
bio-mo-gene-121,多倍体,BIOLOGY,逐条读正文判定：原绑与材料所讲不是一回事，改指本节点
bio-mo-gene-123,单倍体,BIOLOGY,逐条读正文判定：原绑与材料所讲不是一回事，改指本节点
bio-mo-gene-128,单倍体,BIOLOGY,逐条读正文判定：原绑与材料所讲不是一回事，改指本节点
bio-mo-plant-hormone-003,生长素,BIOLOGY,逐条读正文判定：原绑与材料所讲不是一回事，改指本节点
bio-mo-plant-hormone-010,其他植物激素,BIOLOGY,逐条读正文判定：原绑与材料所讲不是一回事，改指本节点
bio-mo-plant-hormone-011,生长素的两重性,BIOLOGY,逐条读正文判定：原绑与材料所讲不是一回事，改指本节点
bio-mo-plant-hormone-012,生长素的极性运输,BIOLOGY,逐条读正文判定：原绑与材料所讲不是一回事，改指本节点
bio-mo-cell-135,酶的本质,BIOLOGY,逐条读正文判定：原绑与材料所讲不是一回事，改指本节点
bio-mo-cell-136,酶的特性,BIOLOGY,逐条读正文判定：原绑与材料所讲不是一回事，改指本节点
bio-mo-cell-138,影响酶促反应的因素分析,BIOLOGY,逐条读正文判定：原绑与材料所讲不是一回事，改指本节点
bio-mo-cell-140,酶在代谢中的作用,BIOLOGY,逐条读正文判定：原绑与材料所讲不是一回事，改指本节点
bio-mo-cell-143,影响酶促反应的因素分析,BIOLOGY,逐条读正文判定：原绑与材料所讲不是一回事，改指本节点
bio-mo-cell-146,影响酶促反应的因素分析,BIOLOGY,逐条读正文判定：原绑与材料所讲不是一回事，改指本节点
bio-mo-cell-162,实验-探究酵母菌细胞呼吸的方式-x1,BIOLOGY,逐条读正文判定：原绑与材料所讲不是一回事，改指本节点
bio-mo-cell-167,无氧呼吸,BIOLOGY,逐条读正文判定：原绑与材料所讲不是一回事，改指本节点
bio-mo-cell-168,无氧呼吸,BIOLOGY,逐条读正文判定：原绑与材料所讲不是一回事，改指本节点
bio-mo-cell-170,实验-探究酵母菌细胞呼吸的方式-x1,BIOLOGY,逐条读正文判定：原绑与材料所讲不是一回事，改指本节点
bio-mo-cell-171,无氧呼吸,BIOLOGY,逐条读正文判定：原绑与材料所讲不是一回事，改指本节点
bio-mo-cell-178,细胞呼吸原理的应用,BIOLOGY,逐条读正文判定：原绑与材料所讲不是一回事，改指本节点
bio-mo-cell-183,捕获光能的色素和结构,BIOLOGY,逐条读正文判定：原绑与材料所讲不是一回事，改指本节点
bio-mo-cell-185,影响光合作用强度的环境因素,BIOLOGY,逐条读正文判定：原绑与材料所讲不是一回事，改指本节点
bio-mo-cell-191,影响光合作用强度的环境因素,BIOLOGY,逐条读正文判定：原绑与材料所讲不是一回事，改指本节点
bio-mo-cell-192,影响光合作用强度的环境因素,BIOLOGY,逐条读正文判定：原绑与材料所讲不是一回事，改指本节点
bio-mo-cell-193,影响光合作用强度的环境因素,BIOLOGY,逐条读正文判定：原绑与材料所讲不是一回事，改指本节点
bio-mo-evolution-002,生物有共同祖先的证据,BIOLOGY,逐条读正文判定：原绑与材料所讲不是一回事，改指本节点
bio-mo-evolution-003,生物有共同祖先的证据,BIOLOGY,逐条读正文判定：原绑与材料所讲不是一回事，改指本节点
bio-mo-evolution-005,,BIOLOGY,逐条读正文判定：原绑与材料所讲不是一回事，且无正确归属，改为不导入
bio-mo-evolution-020,基因频率,BIOLOGY,逐条读正文判定：原绑与材料所讲不是一回事，改指本节点
bio-mo-evolution-022,基因频率,BIOLOGY,逐条读正文判定：原绑与材料所讲不是一回事，改指本节点
bio-mo-evolution-025,物种的形成,BIOLOGY,逐条读正文判定：原绑与材料所讲不是一回事，改指本节点
bio-mo-evolution-026,物种的形成,BIOLOGY,逐条读正文判定：原绑与材料所讲不是一回事，改指本节点
bio-mo-evolution-027,基因频率,BIOLOGY,逐条读正文判定：原绑与材料所讲不是一回事，改指本节点
bio-mo-evolution-032,物种的形成,BIOLOGY,逐条读正文判定：原绑与材料所讲不是一回事，改指本节点
bio-mo-evolution-034,自交和自由交配的概率计算,BIOLOGY,逐条读正文判定：原绑与材料所讲不是一回事，改指本节点
bio-mo-evolution-035,伴性遗传,BIOLOGY,逐条读正文判定：原绑与材料所讲不是一回事，改指本节点
bio-mo-cell-195,实验-观察根尖分生区组织细胞的有丝分裂,BIOLOGY,逐条读正文判定：原绑与材料所讲不是一回事，改指本节点
bio-mo-cell-197,实验-观察根尖分生区组织细胞的有丝分裂,BIOLOGY,逐条读正文判定：原绑与材料所讲不是一回事，改指本节点
bio-mo-cell-198,实验-观察根尖分生区组织细胞的有丝分裂,BIOLOGY,逐条读正文判定：原绑与材料所讲不是一回事，改指本节点
bio-mo-cell-204,实验-观察根尖分生区组织细胞的有丝分裂,BIOLOGY,逐条读正文判定：原绑与材料所讲不是一回事，改指本节点
bio-mo-cell-205,实验-观察根尖分生区组织细胞的有丝分裂,BIOLOGY,逐条读正文判定：原绑与材料所讲不是一回事，改指本节点
bio-mo-cell-207,实验-观察根尖分生区组织细胞的有丝分裂,BIOLOGY,逐条读正文判定：原绑与材料所讲不是一回事，改指本节点
bio-mo-cell-228,实验-检测生物组织中的糖类-脂肪和蛋白质-x1,BIOLOGY,逐条读正文判定：原绑与材料所讲不是一回事，改指本节点
bio-mo-cell-229,实验-检测生物组织中的糖类-脂肪和蛋白质-x1,BIOLOGY,逐条读正文判定：原绑与材料所讲不是一回事，改指本节点
bio-mo-cell-236,细胞中的脂质,BIOLOGY,逐条读正文判定：原绑与材料所讲不是一回事，改指本节点
bio-mo-sex-linked-001,基因在染色体上,BIOLOGY,逐条读正文判定：原绑与材料所讲不是一回事，改指本节点
bio-mo-sex-linked-002,基因在染色体上,BIOLOGY,逐条读正文判定：原绑与材料所讲不是一回事，改指本节点
