material_slug,from_node_slug,to_node_slug,evidence
bio-diurnal-sunset-stop-photosynthesis,光合作用与细胞呼吸过程-物质和能量的关系,光合作用的影响因素,光合作用肥节点材料按内容归属重绑
bio-hypothalamus-glucose-center,光合作用与细胞呼吸过程-物质和能量的关系,激素,光合作用肥节点材料按内容归属重绑
bio-cell-wall-fully-transparent,光合作用与细胞呼吸过程-物质和能量的关系,细胞壁,光合作用肥节点材料按内容归属重绑
bio-compensation-point-shift-rule,光合作用与细胞呼吸过程-物质和能量的关系,光合作用的影响因素,光合作用肥节点材料按内容归属重绑
bio-kb-free-bound-water-ratio-meaning,光合作用与细胞呼吸过程-物质和能量的关系,细胞中的水,光合作用肥节点材料按内容归属重绑
bio-kb-chromatin-chromosome-same-substance,光合作用与细胞呼吸过程-物质和能量的关系,细胞核的结构和功能,光合作用肥节点材料按内容归属重绑
bio-kb-organelle-definite-indefinite-judgment,光合作用与细胞呼吸过程-物质和能量的关系,细胞器的结构和功能,光合作用肥节点材料按内容归属重绑
bio-kb-respiration-quantity-ratios,光合作用与细胞呼吸过程-物质和能量的关系,有氧呼吸,光合作用肥节点材料按内容归属重绑
bio-kb-light-reaction-process,光合作用与细胞呼吸过程-物质和能量的关系,光反应,光合作用肥节点材料按内容归属重绑
bio-kb-element-transfer-in-photosynthesis,光合作用与细胞呼吸过程-物质和能量的关系,光合作用的原理,光合作用肥节点材料按内容归属重绑
bio-kb-chemosynthesis-vs-photosynthesis,光合作用与细胞呼吸过程-物质和能量的关系,光合作用,光合作用肥节点材料按内容归属重绑
bio-kb-mitochondria-chloroplast-independence-judgment,光合作用与细胞呼吸过程-物质和能量的关系,叶绿体,光合作用肥节点材料按内容归属重绑
bio-kb-differentiation-significance-and-division-relation,光合作用与细胞呼吸过程-物质和能量的关系,细胞的分化与全能性,光合作用肥节点材料按内容归属重绑
bio-kb-senescence-individual-relation,光合作用与细胞呼吸过程-物质和能量的关系,细胞衰老,光合作用肥节点材料按内容归属重绑
bio-kb-internal-env-and-health-links,光合作用与细胞呼吸过程-物质和能量的关系,内环境的稳态,光合作用肥节点材料按内容归属重绑
bio-kb2-02-water-properties,光合作用与细胞呼吸过程-物质和能量的关系,水,光合作用肥节点材料按内容归属重绑
bio-kb2-02-water-ratio-metabolism,光合作用与细胞呼吸过程-物质和能量的关系,细胞中的水,光合作用肥节点材料按内容归属重绑
bio-kb2-05-chromatin-chromosome,光合作用与细胞呼吸过程-物质和能量的关系,细胞核的结构和功能,光合作用肥节点材料按内容归属重绑
bio-kb2-06-organelle-certain-uncertain,光合作用与细胞呼吸过程-物质和能量的关系,细胞器的结构和功能,光合作用肥节点材料按内容归属重绑
bio-kb2-09-respiration-stoichiometry,光合作用与细胞呼吸过程-物质和能量的关系,有氧呼吸,光合作用肥节点材料按内容归属重绑
bio-kb2-10-element-tracing,光合作用与细胞呼吸过程-物质和能量的关系,光合作用的原理,光合作用肥节点材料按内容归属重绑
bio-kb2-10-chemosynthesis,光合作用与细胞呼吸过程-物质和能量的关系,光合作用,光合作用肥节点材料按内容归属重绑
bio-kb2-26-hormone-synergy-antagonism,光合作用与细胞呼吸过程-物质和能量的关系,激素,光合作用肥节点材料按内容归属重绑
bio-ecosystem-component-nonliving,光合作用与细胞呼吸过程-物质和能量的关系,生态系统的结构,光合作用肥节点材料按内容归属重绑
bio-fj-01-carbon-oxygen-balance,光合作用与细胞呼吸过程-物质和能量的关系,物质循环,光合作用肥节点材料按内容归属重绑
bio-fj-03-fiber-benefit,光合作用与细胞呼吸过程-物质和能量的关系,糖类,光合作用肥节点材料按内容归属重绑
bio-fj-05-chromatin-chromosome,光合作用与细胞呼吸过程-物质和能量的关系,细胞核的结构和功能,光合作用肥节点材料按内容归属重绑
bio-fj-07-liquid-level-difference,光合作用与细胞呼吸过程-物质和能量的关系,渗透作用,光合作用肥节点材料按内容归属重绑
bio-fj-08-atp-sources-organisms,光合作用与细胞呼吸过程-物质和能量的关系,atp的合成和利用,光合作用肥节点材料按内容归属重绑
bio-fj-09-respiration-ratios,光合作用与细胞呼吸过程-物质和能量的关系,有氧呼吸,光合作用肥节点材料按内容归属重绑
bio-fj-09-respiration-hub-metabolism,光合作用与细胞呼吸过程-物质和能量的关系,细胞呼吸概念-实质和意义,光合作用肥节点材料按内容归属重绑
bio-fj-10-element-transfer-path,光合作用与细胞呼吸过程-物质和能量的关系,光合作用的原理,光合作用肥节点材料按内容归属重绑
bio-fj-10-chemosynthesis-comparison,光合作用与细胞呼吸过程-物质和能量的关系,光合作用,光合作用肥节点材料按内容归属重绑
bio-fj-10-observed-vs-true-oxygen,光合作用与细胞呼吸过程-物质和能量的关系,光合作用的影响因素,光合作用肥节点材料按内容归属重绑
bio-fj-10-oxygen-from-catalase-too,光合作用与细胞呼吸过程-物质和能量的关系,光合作用,光合作用肥节点材料按内容归属重绑
bio-fj-11-whole-plant-co2-zero,光合作用与细胞呼吸过程-物质和能量的关系,影响光合作用强度的环境因素,光合作用肥节点材料按内容归属重绑
bio-fj-11-leaf-area-index,光合作用与细胞呼吸过程-物质和能量的关系,影响光合作用强度的环境因素,光合作用肥节点材料按内容归属重绑
bio-fj-12-surface-volume-ratio,光合作用与细胞呼吸过程-物质和能量的关系,细胞是基本的生命系统,光合作用肥节点材料按内容归属重绑
bio-fj-14-differentiation-degree-division,光合作用与细胞呼吸过程-物质和能量的关系,细胞的分化与全能性,光合作用肥节点材料按内容归属重绑
bio-fj-17-congenital-vs-genetic,光合作用与细胞呼吸过程-物质和能量的关系,人类遗传病,光合作用肥节点材料按内容归属重绑
bio-fj-24-plantissue-fluid-relationship,光合作用与细胞呼吸过程-物质和能量的关系,内环境,光合作用肥节点材料按内容归属重绑
bio-fj-06-er-mito-cooperation,光合作用与细胞呼吸过程-物质和能量的关系,细胞器的结构和功能,光合作用肥节点材料按内容归属重绑
bio-fj-12-cell-proliferation-meaning,光合作用与细胞呼吸过程-物质和能量的关系,细胞增殖,光合作用肥节点材料按内容归属重绑
bio-fj-14-cell-vs-individual-senescence,光合作用与细胞呼吸过程-物质和能量的关系,细胞衰老,光合作用肥节点材料按内容归属重绑
bio-fj-09-burning-vs-respiration,光合作用与细胞呼吸过程-物质和能量的关系,细胞呼吸概念-实质和意义,光合作用肥节点材料按内容归属重绑
bio-kb3-f3-s3-2-n10,光合作用与细胞呼吸过程-物质和能量的关系,atp的结构,光合作用肥节点材料按内容归属重绑
bio-kb3-f4-s47-n01,光合作用与细胞呼吸过程-物质和能量的关系,叶绿体,光合作用肥节点材料按内容归属重绑
bio-kb3-f4-s47-n02,光合作用与细胞呼吸过程-物质和能量的关系,叶绿体,光合作用肥节点材料按内容归属重绑
bio-kb3-f4-s47-n03,光合作用与细胞呼吸过程-物质和能量的关系,叶绿体,光合作用肥节点材料按内容归属重绑
bio-kb3-f4-s47-n04,光合作用与细胞呼吸过程-物质和能量的关系,叶绿体,光合作用肥节点材料按内容归属重绑
bio-kb3-f4-s47-n05,光合作用与细胞呼吸过程-物质和能量的关系,叶绿体,光合作用肥节点材料按内容归属重绑
bio-kb3-f4-s47-n06,光合作用与细胞呼吸过程-物质和能量的关系,叶绿体,光合作用肥节点材料按内容归属重绑
bio-kb3-f4-s47-n07,光合作用与细胞呼吸过程-物质和能量的关系,叶绿体,光合作用肥节点材料按内容归属重绑
bio-kb3-f4-s59-n08,光合作用与细胞呼吸过程-物质和能量的关系,细胞衰老,光合作用肥节点材料按内容归属重绑
bio-bacteria-cyanobacteria,光合作用与细胞呼吸过程-物质和能量的关系,原核细胞,光合作用肥节点材料按内容归属重绑
bio-fx-virus-materials-from-host,光合作用与细胞呼吸过程-物质和能量的关系,病毒,光合作用肥节点材料按内容归属重绑
bio-fx-cotransport-energy,光合作用与细胞呼吸过程-物质和能量的关系,主动运输,光合作用肥节点材料按内容归属重绑
bio-fx-action-potential-sodium,光合作用与细胞呼吸过程-物质和能量的关系,兴奋在神经纤维上的传导,光合作用肥节点材料按内容归属重绑
bio-fx-hbv-immune-process,光合作用与细胞呼吸过程-物质和能量的关系,细胞免疫,光合作用肥节点材料按内容归属重绑
bio-fx-interspecific-relations,光合作用与细胞呼吸过程-物质和能量的关系,群落的结构,光合作用肥节点材料按内容归属重绑
bio-fx-ecosystem-concept-components,光合作用与细胞呼吸过程-物质和能量的关系,生态系统的结构,光合作用肥节点材料按内容归属重绑
bio-fx-carbon-cycle-pathway,光合作用与细胞呼吸过程-物质和能量的关系,物质循环,光合作用肥节点材料按内容归属重绑
bio-fx-atp-adp-closed-loop,光合作用与细胞呼吸过程-物质和能量的关系,atp与adp的转化,光合作用肥节点材料按内容归属重绑
bio-mo-cell-engineering-055,光合作用与细胞呼吸过程-物质和能量的关系,胚胎工程,光合作用肥节点材料按内容归属重绑
bio-mo-cell-131,光合作用与细胞呼吸过程-物质和能量的关系,渗透作用,光合作用肥节点材料按内容归属重绑
bio-mo-cell-134,光合作用与细胞呼吸过程-物质和能量的关系,光合作用的影响因素,光合作用肥节点材料按内容归属重绑
bio-mo-cell-142,光合作用与细胞呼吸过程-物质和能量的关系,酶的作用,光合作用肥节点材料按内容归属重绑
bio-mo-cell-160,光合作用与细胞呼吸过程-物质和能量的关系,细胞呼吸概念-实质和意义,光合作用肥节点材料按内容归属重绑
bio-mo-cell-164,光合作用与细胞呼吸过程-物质和能量的关系,有氧呼吸,光合作用肥节点材料按内容归属重绑
bio-mo-cell-166,光合作用与细胞呼吸过程-物质和能量的关系,无氧呼吸,光合作用肥节点材料按内容归属重绑
bio-mo-cell-174,光合作用与细胞呼吸过程-物质和能量的关系,有氧呼吸,光合作用肥节点材料按内容归属重绑
bio-mo-cell-176,光合作用与细胞呼吸过程-物质和能量的关系,有氧呼吸,光合作用肥节点材料按内容归属重绑
bio-mo-cell-179,光合作用与细胞呼吸过程-物质和能量的关系,色素,光合作用肥节点材料按内容归属重绑
bio-mo-cell-180,光合作用与细胞呼吸过程-物质和能量的关系,叶绿体,光合作用肥节点材料按内容归属重绑
bio-mo-cell-181,光合作用与细胞呼吸过程-物质和能量的关系,暗反应,光合作用肥节点材料按内容归属重绑
bio-mo-cell-182,光合作用与细胞呼吸过程-物质和能量的关系,光合作用的影响因素,光合作用肥节点材料按内容归属重绑
bio-mo-cell-183,光合作用与细胞呼吸过程-物质和能量的关系,色素,光合作用肥节点材料按内容归属重绑
bio-mo-cell-184,光合作用与细胞呼吸过程-物质和能量的关系,光合作用的原理,光合作用肥节点材料按内容归属重绑
bio-mo-cell-185,光合作用与细胞呼吸过程-物质和能量的关系,影响光合作用强度的环境因素,光合作用肥节点材料按内容归属重绑
bio-mo-cell-186,光合作用与细胞呼吸过程-物质和能量的关系,光反应,光合作用肥节点材料按内容归属重绑
bio-mo-cell-187,光合作用与细胞呼吸过程-物质和能量的关系,光反应,光合作用肥节点材料按内容归属重绑
bio-mo-cell-188,光合作用与细胞呼吸过程-物质和能量的关系,光合作用的原理,光合作用肥节点材料按内容归属重绑
bio-mo-cell-189,光合作用与细胞呼吸过程-物质和能量的关系,光合作用,光合作用肥节点材料按内容归属重绑
bio-mo-cell-190,光合作用与细胞呼吸过程-物质和能量的关系,叶绿体,光合作用肥节点材料按内容归属重绑
bio-mo-cell-191,光合作用与细胞呼吸过程-物质和能量的关系,影响光合作用强度的环境因素,光合作用肥节点材料按内容归属重绑
bio-mo-cell-192,光合作用与细胞呼吸过程-物质和能量的关系,影响光合作用强度的环境因素,光合作用肥节点材料按内容归属重绑
bio-mo-cell-193,光合作用与细胞呼吸过程-物质和能量的关系,影响光合作用强度的环境因素,光合作用肥节点材料按内容归属重绑
bio-mo-membrane-transport-001,光合作用与细胞呼吸过程-物质和能量的关系,成熟植物细胞的吸水和失水,光合作用肥节点材料按内容归属重绑
bio-mo-membrane-transport-006,光合作用与细胞呼吸过程-物质和能量的关系,物质出入细胞的方式,光合作用肥节点材料按内容归属重绑
bio-mo-enzyme-002,光合作用与细胞呼吸过程-物质和能量的关系,酶的本质,光合作用肥节点材料按内容归属重绑
bio-mo-cell-respiration-004,光合作用与细胞呼吸过程-物质和能量的关系,无氧呼吸,光合作用肥节点材料按内容归属重绑
bio-photorespiration-protective-role,光合作用与细胞呼吸过程-物质和能量的关系,光呼吸,光合作用肥节点材料按内容归属重绑
bio-photorespiration-definition,光合作用与细胞呼吸过程-物质和能量的关系,光呼吸,光合作用肥节点材料按内容归属重绑
bio-protoplast-layer-semipermeable,细胞膜的结构和功能,质壁分离,细胞膜肥节点：材料实为其他知识点
bio-tumor-immunology-pd1,细胞膜的结构和功能,免疫系统的组成和功能,细胞膜肥节点：材料实为其他知识点
bio-kb-free-water-and-bound-water,细胞膜的结构和功能,细胞中的水,细胞膜肥节点：材料实为其他知识点
bio-kb-fat-structure-and-functions,细胞膜的结构和功能,细胞中的脂质,细胞膜肥节点：材料实为其他知识点
bio-kb-mitochondria-structure-function,细胞膜的结构和功能,线粒体,细胞膜肥节点：材料实为其他知识点
bio-kb-endoplasmic-reticulum-function,细胞膜的结构和功能,内质网,细胞膜肥节点：材料实为其他知识点
bio-kb-golgi-apparatus-function,细胞膜的结构和功能,高尔基体,细胞膜肥节点：材料实为其他知识点
bio-kb-lysosome-vacuole-functions,细胞膜的结构和功能,细胞器的结构和功能,细胞膜肥节点：材料实为其他知识点
bio-kb-trna-anticodon-structure-function,细胞膜的结构和功能,翻译,细胞膜肥节点：材料实为其他知识点
bio-kb2-02-free-bound-water,细胞膜的结构和功能,细胞中的水,细胞膜肥节点：材料实为其他知识点
bio-fj-03-sugar-by-function,细胞膜的结构和功能,糖类,细胞膜肥节点：材料实为其他知识点
bio-fj-06-mitochondrion-structure,细胞膜的结构和功能,线粒体,细胞膜肥节点：材料实为其他知识点
bio-fj-06-chloroplast-structure,细胞膜的结构和功能,叶绿体,细胞膜肥节点：材料实为其他知识点
bio-fj-06-endoplasmic-reticulum,细胞膜的结构和功能,内质网,细胞膜肥节点：材料实为其他知识点
bio-fj-06-golgi-apparatus,细胞膜的结构和功能,高尔基体,细胞膜肥节点：材料实为其他知识点
bio-fj-06-vacuole,细胞膜的结构和功能,液泡,细胞膜肥节点：材料实为其他知识点
bio-fj-06-lysosome-basic,细胞膜的结构和功能,溶酶体,细胞膜肥节点：材料实为其他知识点
bio-fj-06-centrosome,细胞膜的结构和功能,细胞器的结构和功能,细胞膜肥节点：材料实为其他知识点
bio-fj-06-structure-function-adaptation,细胞膜的结构和功能,细胞器的结构和功能,细胞膜肥节点：材料实为其他知识点
bio-fj-07-protoplast-layer,细胞膜的结构和功能,质壁分离,细胞膜肥节点：材料实为其他知识点
bio-fj-01-cell-structure-function-unit,细胞膜的结构和功能,细胞是基本的生命系统,细胞膜肥节点：材料实为其他知识点
bio-kb3-f5-s5-2-n02,细胞膜的结构和功能,atp的结构,细胞膜肥节点：材料实为其他知识点
bio-fx-sf-certain-uncertain,细胞膜的结构和功能,细胞器的结构和功能,细胞膜肥节点：材料实为其他知识点
bio-fx-cristae-grana-causality,细胞膜的结构和功能,细胞器的结构和功能,细胞膜肥节点：材料实为其他知识点
bio-fx-structure-question-template,细胞膜的结构和功能,细胞器的结构和功能,细胞膜肥节点：材料实为其他知识点
bio-fx-hiv-immune-collapse,细胞膜的结构和功能,免疫失调,细胞膜肥节点：材料实为其他知识点
bio-kb3-f3-s3-1-n09,细胞膜的结构和功能,细胞中的脂质,细胞膜肥节点：材料实为其他知识点
bio-mo-cell-151,细胞膜的结构和功能,atp的结构,细胞膜肥节点：材料实为其他知识点
bio-replication-eukaryote-multi-origin,减数分裂细胞中染色体-dna数量变化规律,dna的复制,减数分裂肥节点：材料实为其他知识点
bio-colchicine-mechanism,减数分裂细胞中染色体-dna数量变化规律,染色体变异-x1,减数分裂肥节点：材料实为其他知识点
bio-predator-prey-relationship,减数分裂细胞中染色体-dna数量变化规律,群落的结构,减数分裂肥节点：材料实为其他知识点
bio-kb-centromere-autonomous-division,减数分裂细胞中染色体-dna数量变化规律,有丝分裂,减数分裂肥节点：材料实为其他知识点
bio-kb-mitosis-number-change-rules,减数分裂细胞中染色体-dna数量变化规律,有丝分裂,减数分裂肥节点：材料实为其他知识点
bio-kb-dna-base-quantity-relations,减数分裂细胞中染色体-dna数量变化规律,dna的结构及特点,减数分裂肥节点：材料实为其他知识点
bio-kb-gene-dna-chromosome-relations,减数分裂细胞中染色体-dna数量变化规律,基因的本质,减数分裂肥节点：材料实为其他知识点
bio-kb2-17-gene-linear-arrangement,减数分裂细胞中染色体-dna数量变化规律,基因的本质,减数分裂肥节点：材料实为其他知识点
bio-fj-10-light-off-change,减数分裂细胞中染色体-dna数量变化规律,光合作用的影响因素,减数分裂肥节点：材料实为其他知识点
bio-fj-10-co2-off-change,减数分裂细胞中染色体-dna数量变化规律,光合作用的影响因素,减数分裂肥节点：材料实为其他知识点
bio-fj-12-doubling-timing,减数分裂细胞中染色体-dna数量变化规律,有丝分裂,减数分裂肥节点：材料实为其他知识点
bio-fj-12-mitosis-mistakes,减数分裂细胞中染色体-dna数量变化规律,有丝分裂,减数分裂肥节点：材料实为其他知识点
bio-fj-12-mitosis-number-table,减数分裂细胞中染色体-dna数量变化规律,有丝分裂,减数分裂肥节点：材料实为其他知识点
bio-fj-13-sex-identification,减数分裂细胞中染色体-dna数量变化规律,伴性遗传,减数分裂肥节点：材料实为其他知识点
bio-fj-17-gene-chromosome-relation,减数分裂细胞中染色体-dna数量变化规律,基因的本质,减数分裂肥节点：材料实为其他知识点
bio-fj-17-sex-chromosome-transmission,减数分裂细胞中染色体-dna数量变化规律,伴性遗传,减数分裂肥节点：材料实为其他知识点
bio-fj-20-base-pair-rules,减数分裂细胞中染色体-dna数量变化规律,dna的结构及特点,减数分裂肥节点：材料实为其他知识点
bio-fj-05-trypan-blue-viability,减数分裂细胞中染色体-dna数量变化规律,细胞是基本的生命系统,减数分裂肥节点：材料实为其他知识点
bio-fj-20-base-pair-rule-3-noncomplementary-inverse,减数分裂细胞中染色体-dna数量变化规律,dna的结构及特点,减数分裂肥节点：材料实为其他知识点
bio-fj-14-nuclear-changes-in-aging,减数分裂细胞中染色体-dna数量变化规律,细胞衰老,减数分裂肥节点：材料实为其他知识点
bio-kb3-f3-s3-2-n22,减数分裂细胞中染色体-dna数量变化规律,细胞器的结构和功能,减数分裂肥节点：材料实为其他知识点
bio-kb3-f4-s54-n09,减数分裂细胞中染色体-dna数量变化规律,有丝分裂,减数分裂肥节点：材料实为其他知识点
bio-segregation-law,减数分裂细胞中染色体-dna数量变化规律,分离定律,减数分裂肥节点：材料实为其他知识点
bio-fx-mitotic-labeling-rule,减数分裂细胞中染色体-dna数量变化规律,有丝分裂,减数分裂肥节点：材料实为其他知识点
bio-fx-fruit-flesh-chromosome-sets,减数分裂细胞中染色体-dna数量变化规律,染色体变异-x1,减数分裂肥节点：材料实为其他知识点
bio-fx-male-bee-sperm-sets,减数分裂细胞中染色体-dna数量变化规律,染色体变异-x1,减数分裂肥节点：材料实为其他知识点
bio-mo-gene-001,减数分裂细胞中染色体-dna数量变化规律,精子的形成过程,减数分裂肥节点：材料实为其他知识点
bio-mo-gene-002,减数分裂细胞中染色体-dna数量变化规律,同源染色体,减数分裂肥节点：材料实为其他知识点
bio-mo-gene-005,减数分裂细胞中染色体-dna数量变化规律,受精作用,减数分裂肥节点：材料实为其他知识点
bio-mo-gene-006,减数分裂细胞中染色体-dna数量变化规律,联会,减数分裂肥节点：材料实为其他知识点
bio-mo-gene-008,减数分裂细胞中染色体-dna数量变化规律,精子的形成过程,减数分裂肥节点：材料实为其他知识点
bio-mo-gene-014,减数分裂细胞中染色体-dna数量变化规律,染色体变异-x1,减数分裂肥节点：材料实为其他知识点
bio-mo-gene-016,减数分裂细胞中染色体-dna数量变化规律,受精作用,减数分裂肥节点：材料实为其他知识点
bio-mo-gene-120,减数分裂细胞中染色体-dna数量变化规律,染色体变异-x1,减数分裂肥节点：材料实为其他知识点
bio-kb-rna-multiple-functions,细胞的多样性和统一性,核酸,肥节点病理混合：材料实为其他知识点
bio-kb-stem-cell-concept-and-types,细胞的多样性和统一性,细胞的分化与全能性,肥节点病理混合：材料实为其他知识点
bio-kb-dna-diversity-specificity-stability,细胞的多样性和统一性,dna的双螺旋结构,肥节点病理混合：材料实为其他知识点
bio-kb2-04-nucleic-acid-diversity,细胞的多样性和统一性,核酸,肥节点病理混合：材料实为其他知识点
bio-kb2-30-neurotransmitter-caution,细胞的多样性和统一性,神经递质,肥节点病理混合：材料实为其他知识点
bio-fj-04-amino-acid-functions,细胞的多样性和统一性,氨基酸,肥节点病理混合：材料实为其他知识点
bio-fj-04-dna-diversity-specificity,细胞的多样性和统一性,dna的双螺旋结构,肥节点病理混合：材料实为其他知识点
bio-fj-06-cancer-cell-organelles,细胞的多样性和统一性,细胞癌变,肥节点病理混合：材料实为其他知识点
bio-fj-13-sperm-transformation,细胞的多样性和统一性,精子的形成过程,肥节点病理混合：材料实为其他知识点
bio-fj-14-stem-cells,细胞的多样性和统一性,细胞的分化与全能性,肥节点病理混合：材料实为其他知识点
bio-fj-20-dna-structure-three-traits,细胞的多样性和统一性,dna的双螺旋结构,肥节点病理混合：材料实为其他知识点
bio-fj-22-cancer-cell-features,细胞的多样性和统一性,细胞癌变,肥节点病理混合：材料实为其他知识点
bio-fj-13-gamete-diversity-random-fertilization,细胞的多样性和统一性,受精作用,肥节点病理混合：材料实为其他知识点
bio-kb3-f1-s1-2-n01,细胞的多样性和统一性,使用高倍显微镜观察细胞,肥节点病理混合：材料实为其他知识点
bio-kb3-f1-s1-2-n02,细胞的多样性和统一性,使用高倍显微镜观察细胞,肥节点病理混合：材料实为其他知识点
bio-kb3-f1-s1-2-n03,细胞的多样性和统一性,使用高倍显微镜观察细胞,肥节点病理混合：材料实为其他知识点
bio-kb3-f1-s1-2-n04,细胞的多样性和统一性,使用高倍显微镜观察细胞,肥节点病理混合：材料实为其他知识点
bio-kb3-f1-s1-2-n05,细胞的多样性和统一性,使用高倍显微镜观察细胞,肥节点病理混合：材料实为其他知识点
bio-kb3-f1-s1-2-n06,细胞的多样性和统一性,使用高倍显微镜观察细胞,肥节点病理混合：材料实为其他知识点
bio-kb3-f1-s1-2-n07,细胞的多样性和统一性,原核细胞和真核细胞,肥节点病理混合：材料实为其他知识点
bio-kb3-f1-s1-2-n08,细胞的多样性和统一性,原核细胞,肥节点病理混合：材料实为其他知识点
bio-kb3-f1-s1-2-n09,细胞的多样性和统一性,原核细胞和真核细胞,肥节点病理混合：材料实为其他知识点
bio-kb3-f1-s1-2-n10,细胞的多样性和统一性,原核细胞,肥节点病理混合：材料实为其他知识点
bio-kb3-f1-s1-2-n12,细胞的多样性和统一性,原核细胞,肥节点病理混合：材料实为其他知识点
bio-kb3-f1-s1-2-n13,细胞的多样性和统一性,原核细胞和真核细胞,肥节点病理混合：材料实为其他知识点
bio-kb3-f1-s1-2-n14,细胞的多样性和统一性,原核细胞和真核细胞,肥节点病理混合：材料实为其他知识点
bio-kb3-f1-s1-2-n15,细胞的多样性和统一性,原核细胞,肥节点病理混合：材料实为其他知识点
bio-kb3-f5-s5-2-n01,细胞的多样性和统一性,atp的结构,肥节点病理混合：材料实为其他知识点
bio-kb3-f5-s5-2-n03,细胞的多样性和统一性,atp的结构,肥节点病理混合：材料实为其他知识点
bio-kb3-f5-s5-2-n04,细胞的多样性和统一性,atp的结构,肥节点病理混合：材料实为其他知识点
bio-kb3-f5-s5-2-n05,细胞的多样性和统一性,atp的结构,肥节点病理混合：材料实为其他知识点
bio-kb3-f5-s5-2-n06,细胞的多样性和统一性,atp的结构,肥节点病理混合：材料实为其他知识点
bio-kb3-f5-s5-2-n07,细胞的多样性和统一性,atp与adp的转化,肥节点病理混合：材料实为其他知识点
bio-kb3-f5-s5-2-n08,细胞的多样性和统一性,atp与adp的转化,肥节点病理混合：材料实为其他知识点
bio-kb3-f5-s5-2-n11,细胞的多样性和统一性,atp与adp的转化,肥节点病理混合：材料实为其他知识点
bio-kb3-f5-s5-2-n12,细胞的多样性和统一性,atp的结构,肥节点病理混合：材料实为其他知识点
bio-kb3-f4-s59-n05,细胞的多样性和统一性,细胞衰老,肥节点病理混合：材料实为其他知识点
bio-fx-hormone-target-specificity,细胞的多样性和统一性,激素,肥节点病理混合：材料实为其他知识点
bio-mo-cell-007,细胞的多样性和统一性,使用高倍显微镜观察细胞,肥节点病理混合：材料实为其他知识点
bio-mo-cell-008,细胞的多样性和统一性,使用高倍显微镜观察细胞,肥节点病理混合：材料实为其他知识点
bio-mo-cell-009,细胞的多样性和统一性,使用高倍显微镜观察细胞,肥节点病理混合：材料实为其他知识点
bio-mo-cell-010,细胞的多样性和统一性,原核细胞和真核细胞,肥节点病理混合：材料实为其他知识点
bio-mo-cell-011,细胞的多样性和统一性,群落的演替,肥节点病理混合：材料实为其他知识点
bio-mo-cell-012,细胞的多样性和统一性,原核细胞,肥节点病理混合：材料实为其他知识点
bio-mo-cell-013,细胞的多样性和统一性,原核细胞和真核细胞,肥节点病理混合：材料实为其他知识点
bio-mo-cell-014,细胞的多样性和统一性,使用高倍显微镜观察细胞,肥节点病理混合：材料实为其他知识点
bio-mo-cell-135,细胞的多样性和统一性,酶的本质,肥节点病理混合：材料实为其他知识点
bio-mo-cell-136,细胞的多样性和统一性,酶的作用,肥节点病理混合：材料实为其他知识点
bio-mo-cell-138,细胞的多样性和统一性,酶的特性,肥节点病理混合：材料实为其他知识点
bio-mo-cell-139,细胞的多样性和统一性,酶的本质,肥节点病理混合：材料实为其他知识点
bio-mo-cell-140,细胞的多样性和统一性,酶的特性,肥节点病理混合：材料实为其他知识点
bio-mo-cell-143,细胞的多样性和统一性,影响酶促反应的因素分析,肥节点病理混合：材料实为其他知识点
bio-mo-cell-146,细胞的多样性和统一性,影响酶促反应的因素分析,肥节点病理混合：材料实为其他知识点
bio-photorespiration-o2-co2-dependence,细胞呼吸的影响因素及应用,光呼吸,肥节点病理混合：材料实为其他知识点
bio-kb2-07-transport-factors,细胞呼吸的影响因素及应用,物质出入细胞的方式,肥节点病理混合：材料实为其他知识点
bio-kb2-32-k-determinants,细胞呼吸的影响因素及应用,种群的数量变化,肥节点病理混合：材料实为其他知识点
bio-kb2-33-succession-nature,细胞呼吸的影响因素及应用,群落的演替,肥节点病理混合：材料实为其他知识点
bio-fj-08-temperature-enzyme-experiment,细胞呼吸的影响因素及应用,探究酶的专一性-高效性相关实验,肥节点病理混合：材料实为其他知识点
bio-fj-08-ph-enzyme-experiment,细胞呼吸的影响因素及应用,探究酶的专一性-高效性相关实验,肥节点病理混合：材料实为其他知识点
bio-fj-14-cell-necrosis,细胞呼吸的影响因素及应用,细胞的死亡,肥节点病理混合：材料实为其他知识点
bio-fj-22-mutation-effect-on-protein,细胞呼吸的影响因素及应用,基因突变,肥节点病理混合：材料实为其他知识点
bio-fj-33-human-impact-succession,细胞呼吸的影响因素及应用,群落的演替,肥节点病理混合：材料实为其他知识点
bio-fj-10-light-compensation-point,细胞呼吸的影响因素及应用,光合作用的影响因素,肥节点病理混合：材料实为其他知识点
bio-kb3-f5-s5-3-n06,细胞呼吸的影响因素及应用,原核细胞和真核细胞,肥节点病理混合：材料实为其他知识点
bio-kb3-f5-s5-1-n15,细胞呼吸的影响因素及应用,探究酶的专一性-高效性相关实验,肥节点病理混合：材料实为其他知识点
bio-kb3-f4-s32-n05,细胞呼吸的影响因素及应用,物质出入细胞的方式,肥节点病理混合：材料实为其他知识点
bio-kb3-f4-s33-n06,细胞呼吸的影响因素及应用,物质出入细胞的方式,肥节点病理混合：材料实为其他知识点
bio-kb3-f4-s38-n02,细胞呼吸的影响因素及应用,探究酶的专一性-高效性相关实验,肥节点病理混合：材料实为其他知识点
bio-kb3-f4-s38-n03,细胞呼吸的影响因素及应用,探究酶的专一性-高效性相关实验,肥节点病理混合：材料实为其他知识点
bio-kb3-f4-s38-n20,细胞呼吸的影响因素及应用,探究酶的专一性-高效性相关实验,肥节点病理混合：材料实为其他知识点
bio-kb3-f4-s38-n21,细胞呼吸的影响因素及应用,探究酶的专一性-高效性相关实验,肥节点病理混合：材料实为其他知识点
bio-fx-gravity-light-hormone-distribution,细胞呼吸的影响因素及应用,生长素的极性运输,肥节点病理混合：材料实为其他知识点
bio-fx-human-effect-on-succession,细胞呼吸的影响因素及应用,群落的演替,肥节点病理混合：材料实为其他知识点
bio-mo-environment-001,细胞呼吸的影响因素及应用,生态工程,肥节点病理混合：材料实为其他知识点
bio-mo-environment-002,细胞呼吸的影响因素及应用,生态工程,肥节点病理混合：材料实为其他知识点
bio-mo-environment-003,细胞呼吸的影响因素及应用,生态工程,肥节点病理混合：材料实为其他知识点
bio-mo-environment-004,细胞呼吸的影响因素及应用,生态工程,肥节点病理混合：材料实为其他知识点
bio-mo-environment-005,细胞呼吸的影响因素及应用,生态工程,肥节点病理混合：材料实为其他知识点
bio-mo-environment-006,细胞呼吸的影响因素及应用,生态工程,肥节点病理混合：材料实为其他知识点
bio-mo-cell-145,细胞呼吸的影响因素及应用,探究酶的专一性-高效性相关实验,肥节点病理混合：材料实为其他知识点
bio-kb-membrane-transport-factors-curves,影响酶促反应的因素分析,物质出入细胞的方式,肥节点病理混合：材料实为其他知识点
bio-kb-pigment-band-analysis,影响酶促反应的因素分析,色素,肥节点病理混合：材料实为其他知识点
bio-kb-chlorophyll-synthesis-factors,影响酶促反应的因素分析,色素,肥节点病理混合：材料实为其他知识点
bio-kb-light-dark-reaction-relation,影响酶促反应的因素分析,光合作用,肥节点病理混合：材料实为其他知识点
bio-kb2-10-pigment-bands,影响酶促反应的因素分析,色素,肥节点病理混合：材料实为其他知识点
bio-kb2-10-chlorophyll-synthesis-factors,影响酶促反应的因素分析,色素,肥节点病理混合：材料实为其他知识点
bio-kb2-10-light-dark-reaction,影响酶促反应的因素分析,光合作用,肥节点病理混合：材料实为其他知识点
bio-kb2-29-allergy,影响酶促反应的因素分析,免疫失调,肥节点病理混合：材料实为其他知识点
bio-fj-07-factors-affecting-transport,影响酶促反应的因素分析,物质出入细胞的方式,肥节点病理混合：材料实为其他知识点
bio-fj-10-light-dark-connection,影响酶促反应的因素分析,光合作用,肥节点病理混合：材料实为其他知识点
bio-fj-11-stomata-regulation-factors,影响酶促反应的因素分析,影响光合作用强度的环境因素,肥节点病理混合：材料实为其他知识点
bio-fj-02-felin-reaction-principle,影响酶促反应的因素分析,实验-检测生物组织中的糖类-脂肪和蛋白质,肥节点病理混合：材料实为其他知识点
bio-mo-gene-105,影响酶促反应的因素分析,基因突变,肥节点病理混合：材料实为其他知识点
bio-kb-cell-division-concept-and-ways,实验-观察根尖分生区组织细胞的有丝分裂,细胞增殖,肥节点病理混合：材料实为其他知识点
bio-fj-01-hooke-named-cell,实验-观察根尖分生区组织细胞的有丝分裂,细胞学说,肥节点病理混合：材料实为其他知识点
bio-fj-01-virchow-division,实验-观察根尖分生区组织细胞的有丝分裂,细胞学说,肥节点病理混合：材料实为其他知识点
bio-fj-06-organelle-distribution-special,实验-观察根尖分生区组织细胞的有丝分裂,细胞器的结构和功能,肥节点病理混合：材料实为其他知识点
bio-fj-06-root-tip-zone-organelles,实验-观察根尖分生区组织细胞的有丝分裂,细胞器的结构和功能,肥节点病理混合：材料实为其他知识点
bio-fj-12-daughter-cell-fates,实验-观察根尖分生区组织细胞的有丝分裂,细胞增殖,肥节点病理混合：材料实为其他知识点
bio-fj-24-tissue-lymph-positions,实验-观察根尖分生区组织细胞的有丝分裂,内环境,肥节点病理混合：材料实为其他知识点
bio-fj-12-cell-division-types,实验-观察根尖分生区组织细胞的有丝分裂,原核细胞和真核细胞,肥节点病理混合：材料实为其他知识点
bio-kb-amitosis-features-example,实验-观察根尖分生区组织细胞的有丝分裂,细胞增殖,肥节点病理混合：材料实为其他知识点
bio-fj-12-amitosis,实验-观察根尖分生区组织细胞的有丝分裂,细胞增殖,肥节点病理混合：材料实为其他知识点
bio-fx-judge-cytokinin-origin,实验-观察根尖分生区组织细胞的有丝分裂,其他植物激素,肥节点病理混合：材料实为其他知识点
bio-fx-centrosome-dynamic-position,实验-观察根尖分生区组织细胞的有丝分裂,细胞器的结构和功能,肥节点病理混合：材料实为其他知识点
bio-fx-callus-features,实验-观察根尖分生区组织细胞的有丝分裂,植物组织培养,肥节点病理混合：材料实为其他知识点
bio-mo-cell-engineering-011,实验-观察根尖分生区组织细胞的有丝分裂,植物组织培养,肥节点病理混合：材料实为其他知识点
bio-injection-method-scope,实验-检测生物组织中的糖类-脂肪和蛋白质,激素,肥节点病理混合：材料实为其他知识点
bio-ros-attack-membrane-protein,实验-检测生物组织中的糖类-脂肪和蛋白质,细胞的死亡,肥节点病理混合：材料实为其他知识点
bio-kb-vesicle-transport-principle,实验-检测生物组织中的糖类-脂肪和蛋白质,分泌蛋白的合成和运输,肥节点病理混合：材料实为其他知识点
bio-kb-temperature-enzyme-activity-experiment,实验-检测生物组织中的糖类-脂肪和蛋白质,探究酶的专一性-高效性相关实验,肥节点病理混合：材料实为其他知识点
bio-kb-proteinuria-and-edema-mechanism,实验-检测生物组织中的糖类-脂肪和蛋白质,内环境,肥节点病理混合：材料实为其他知识点
bio-kb2-04-protein-denaturation,实验-检测生物组织中的糖类-脂肪和蛋白质,蛋白质,肥节点病理混合：材料实为其他知识点
bio-kb2-06-protein-sorting,实验-检测生物组织中的糖类-脂肪和蛋白质,分泌蛋白的合成和运输,肥节点病理混合：材料实为其他知识点
bio-kb2-32-k-value-application,实验-检测生物组织中的糖类-脂肪和蛋白质,种群的数量变化,肥节点病理混合：材料实为其他知识点
bio-fj-04-gene-selective-expression-protein,实验-检测生物组织中的糖类-脂肪和蛋白质,基因的表达,肥节点病理混合：材料实为其他知识点
bio-fj-04-nucleic-protein-complex,实验-检测生物组织中的糖类-脂肪和蛋白质,核酸,肥节点病理混合：材料实为其他知识点
bio-fj-05-membrane-composition-ratio,实验-检测生物组织中的糖类-脂肪和蛋白质,细胞膜的结构和功能,肥节点病理混合：材料实为其他知识点
bio-fj-06-protein-sorting-signal-peptide,实验-检测生物组织中的糖类-脂肪和蛋白质,分泌蛋白的合成和运输,肥节点病理混合：材料实为其他知识点
bio-fj-19-tmv-experiment,实验-检测生物组织中的糖类-脂肪和蛋白质,dna是主要的遗传物质,肥节点病理混合：材料实为其他知识点
bio-fj-24-plasma-protein-difference,实验-检测生物组织中的糖类-脂肪和蛋白质,内环境,肥节点病理混合：材料实为其他知识点
bio-fj-24-tissue-edema-causes,实验-检测生物组织中的糖类-脂肪和蛋白质,内环境,肥节点病理混合：材料实为其他知识点
bio-fj-01-virus-protein-host-ribosome,实验-检测生物组织中的糖类-脂肪和蛋白质,病毒,肥节点病理混合：材料实为其他知识点
bio-fj-02-water-content-differs,实验-检测生物组织中的糖类-脂肪和蛋白质,细胞中的水,肥节点病理混合：材料实为其他知识点
bio-fj-03-blood-glucose-to-triglyceride,实验-检测生物组织中的糖类-脂肪和蛋白质,细胞中的脂质,肥节点病理混合：材料实为其他知识点
bio-fj-05-membrane-carb-2-10percent,实验-检测生物组织中的糖类-脂肪和蛋白质,细胞膜的结构和功能,肥节点病理混合：材料实为其他知识点
bio-fj-05-surface-tension-protein,实验-检测生物组织中的糖类-脂肪和蛋白质,细胞膜的结构和功能,肥节点病理混合：材料实为其他知识点
bio-fj-09-inner-membrane-enzyme-rich,实验-检测生物组织中的糖类-脂肪和蛋白质,线粒体,肥节点病理混合：材料实为其他知识点
bio-fj-08-sumner-urease-protein,实验-检测生物组织中的糖类-脂肪和蛋白质,酶的本质,肥节点病理混合：材料实为其他知识点
bio-kb3-f2-s2-4-n09,实验-检测生物组织中的糖类-脂肪和蛋白质,蛋白质,肥节点病理混合：材料实为其他知识点
bio-fx-cop-kdel-retrieval,实验-检测生物组织中的糖类-脂肪和蛋白质,分泌蛋白的合成和运输,肥节点病理混合：材料实为其他知识点
bio-fx-mucor-characters,实验-检测生物组织中的糖类-脂肪和蛋白质,传统发酵技术,肥节点病理混合：材料实为其他知识点
bio-fx-operon-negative-regulation,实验-检测生物组织中的糖类-脂肪和蛋白质,基因的表达,肥节点病理混合：材料实为其他知识点
bio-fx-judge-hormone-biuret,实验-检测生物组织中的糖类-脂肪和蛋白质,激素,肥节点病理混合：材料实为其他知识点
bio-fx-nitrogen-source-function,实验-检测生物组织中的糖类-脂肪和蛋白质,微生物的培养,肥节点病理混合：材料实为其他知识点
bio-mo-protein-003,实验-检测生物组织中的糖类-脂肪和蛋白质,蛋白质,肥节点病理混合：材料实为其他知识点
bio-exp-goal-sentence-pattern,实验-探究酵母菌细胞呼吸的方式,探究酶的专一性-高效性相关实验,肥节点病理混合：材料实为其他知识点
bio-kb-cell-communication-three-ways,实验-探究酵母菌细胞呼吸的方式,细胞膜的结构和功能,肥节点病理混合：材料实为其他知识点
bio-kb-ph-enzyme-activity-experiment,实验-探究酵母菌细胞呼吸的方式,探究酶的专一性-高效性相关实验,肥节点病理混合：材料实为其他知识点
bio-kb-photorespiration-features,实验-探究酵母菌细胞呼吸的方式,光呼吸,肥节点病理混合：材料实为其他知识点
bio-kb-genetic-disease-survey-method,实验-探究酵母菌细胞呼吸的方式,人类遗传病,肥节点病理混合：材料实为其他知识点
bio-kb2-08-temperature-enzyme-experiment,实验-探究酵母菌细胞呼吸的方式,探究酶的专一性-高效性相关实验,肥节点病理混合：材料实为其他知识点
bio-kb2-08-ph-enzyme-experiment,实验-探究酵母菌细胞呼吸的方式,探究酶的专一性-高效性相关实验,肥节点病理混合：材料实为其他知识点
bio-kb2-11-photorespiration,实验-探究酵母菌细胞呼吸的方式,光呼吸,肥节点病理混合：材料实为其他知识点
bio-kb2-30-reflex-arc-exploration,实验-探究酵母菌细胞呼吸的方式,反射弧,肥节点病理混合：材料实为其他知识点
bio-fj-01-jun-word-mistakes,实验-探究酵母菌细胞呼吸的方式,原核细胞,肥节点病理混合：材料实为其他知识点
bio-fj-05-cell-communication,实验-探究酵母菌细胞呼吸的方式,细胞膜的结构和功能,肥节点病理混合：材料实为其他知识点
bio-fj-10-photorespiration,实验-探究酵母菌细胞呼吸的方式,光呼吸,肥节点病理混合：材料实为其他知识点
bio-fj-01-yeast-budding-division,实验-探究酵母菌细胞呼吸的方式,细胞增殖,肥节点病理混合：材料实为其他知识点
bio-fx-exp-purpose-phrasing,实验-探究酵母菌细胞呼吸的方式,探究酶的专一性-高效性相关实验,肥节点病理混合：材料实为其他知识点
bio-fx-exp-hypothesis-writing,实验-探究酵母菌细胞呼吸的方式,探究酶的专一性-高效性相关实验,肥节点病理混合：材料实为其他知识点
bio-fx-apical-dominance-exp,实验-探究酵母菌细胞呼吸的方式,生长素,肥节点病理混合：材料实为其他知识点
bio-fx-photorespiration-mechanism,实验-探究酵母菌细胞呼吸的方式,光呼吸,肥节点病理混合：材料实为其他知识点
bio-fx-photorespiration-vs-respiration,实验-探究酵母菌细胞呼吸的方式,光呼吸,肥节点病理混合：材料实为其他知识点
bio-fj-32-cutworm-control-case,协同进化与生物多样性的形成,生态系统的稳定性,肥节点混入异类材料
bio-fj-21-transcription-process,细胞核的结构和功能,转录,肥节点混入异类材料
bio-mo-cell-106,细胞核的结构和功能,细胞膜的结构和功能,肥节点混入异类材料
bio-mo-cell-110,细胞核的结构和功能,细胞壁,肥节点混入异类材料
bio-kb-fat-vs-sugar-as-main-energy,dna是主要的遗传物质,细胞中的脂质,肥节点混入异类材料
bio-kb-energy-substance-classification,dna是主要的遗传物质,细胞中的糖类,肥节点混入异类材料
bio-kb-multigene-general-rules-table,dna是主要的遗传物质,自由组合定律,肥节点混入异类材料
bio-kb2-08-energy-materials-summary,dna是主要的遗传物质,细胞中的糖类,肥节点混入异类材料
bio-kb2-17-survey-genetic-disease,dna是主要的遗传物质,人类遗传病,肥节点混入异类材料
bio-fj-03-sugar-main-energy-reason,dna是主要的遗传物质,细胞中的糖类,肥节点混入异类材料
bio-fj-17-genetic-disease-survey,dna是主要的遗传物质,人类遗传病,肥节点混入异类材料
bio-fj-21-epigenetics-concept,dna是主要的遗传物质,基因的表达,肥节点混入异类材料
bio-kb3-f4-s57-n04,dna是主要的遗传物质,细胞的分化与全能性,肥节点混入异类材料
bio-gene-concept,dna是主要的遗传物质,基因的本质,肥节点混入异类材料
bio-nucleic-acid-functions,dna是主要的遗传物质,核酸,肥节点混入异类材料
bio-mo-gene-045,dna是主要的遗传物质,细胞增殖,肥节点混入异类材料
bio-mo-gene-046,dna是主要的遗传物质,细胞增殖,肥节点混入异类材料
bio-formula-actual-o2-production,用高倍显微镜观察叶绿体和细胞质的流动,光合作用的影响因素,肥节点混入异类材料
bio-formula-actual-co2-consumption,用高倍显微镜观察叶绿体和细胞质的流动,光合作用的影响因素,肥节点混入异类材料
bio-pedigree-cytoplasmic-inheritance,用高倍显微镜观察叶绿体和细胞质的流动,伴性遗传,肥节点混入异类材料
bio-photorespiration-sites,用高倍显微镜观察叶绿体和细胞质的流动,光呼吸,肥节点混入异类材料
bio-glycolysis-site-process,用高倍显微镜观察叶绿体和细胞质的流动,有氧呼吸,肥节点混入异类材料
bio-kb-pigment-absorption-spectrum,用高倍显微镜观察叶绿体和细胞质的流动,色素,肥节点混入异类材料
bio-kb-photosystem-electron-transfer-detail,用高倍显微镜观察叶绿体和细胞质的流动,光反应,肥节点混入异类材料
bio-fj-06-cytoplasm-matrix,用高倍显微镜观察叶绿体和细胞质的流动,细胞器的结构和功能,肥节点混入异类材料
bio-fj-06-mito-chloro-common,用高倍显微镜观察叶绿体和细胞质的流动,叶绿体,肥节点混入异类材料
bio-fj-06-organelle-optical-visible,用高倍显微镜观察叶绿体和细胞质的流动,细胞器的结构和功能,肥节点混入异类材料
bio-fj-06-water-soluble-vs-lipid-pigments,用高倍显微镜观察叶绿体和细胞质的流动,色素,肥节点混入异类材料
bio-fj-06-organelles-containing-nucleic-acid,用高倍显微镜观察叶绿体和细胞质的流动,细胞器的结构和功能,肥节点混入异类材料
bio-fj-06-replicable-organelles,用高倍显微镜观察叶绿体和细胞质的流动,细胞器的结构和功能,肥节点混入异类材料
bio-fj-10-dark-reaction-process,用高倍显微镜观察叶绿体和细胞质的流动,暗反应,肥节点混入异类材料
bio-fj-13-maternal-cytoplasmic-genes,用高倍显微镜观察叶绿体和细胞质的流动,伴性遗传,肥节点混入异类材料
bio-kb3-f5-s5-2-n13,用高倍显微镜观察叶绿体和细胞质的流动,暗反应,肥节点混入异类材料
bio-chloroplast-structure,用高倍显微镜观察叶绿体和细胞质的流动,叶绿体,肥节点混入异类材料
bio-semi-autonomous-organelles,用高倍显微镜观察叶绿体和细胞质的流动,细胞器的结构和功能,肥节点混入异类材料
bio-fx-maternal-vs-cytoplasmic,用高倍显微镜观察叶绿体和细胞质的流动,伴性遗传,肥节点混入异类材料
bio-fx-judge-metabolism-site,用高倍显微镜观察叶绿体和细胞质的流动,细胞是基本的生命系统,肥节点混入异类材料
bio-fx-photorespiration-benefit,用高倍显微镜观察叶绿体和细胞质的流动,光呼吸,肥节点混入异类材料
bio-mo-cell-membrane-006,用高倍显微镜观察叶绿体和细胞质的流动,细胞核的结构和功能,肥节点混入异类材料
bio-plasmolysis-curve-rising-hypotonic,动物细胞的吸水和失水,质壁分离,肥节点混入异类材料
bio-kb2-01-rbc-features,动物细胞的吸水和失水,细胞膜的结构和功能,肥节点混入异类材料
bio-fj-05-cholesterol-membrane,动物细胞的吸水和失水,细胞膜的结构和功能,肥节点混入异类材料
bio-fj-12-centrosome-aster-spindle,动物细胞的吸水和失水,有丝分裂,肥节点混入异类材料
bio-kb3-f3-s3-2-n09,动物细胞的吸水和失水,细胞器的结构和功能,肥节点混入异类材料
bio-kb3-f3-s3-2-n23,动物细胞的吸水和失水,细胞是基本的生命系统,肥节点混入异类材料
bio-kb3-f3-s3-2-n07,动物细胞的吸水和失水,细胞器的结构和功能,肥节点混入异类材料
bio-kb3-f4-s31-n01,动物细胞的吸水和失水,细胞是基本的生命系统,肥节点混入异类材料
bio-fx-cell-engineering-overview,动物细胞的吸水和失水,动物细胞培养,肥节点混入异类材料
bio-mo-cell-engineering-016,动物细胞的吸水和失水,动物细胞培养,肥节点混入异类材料
bio-mo-cell-engineering-017,动物细胞的吸水和失水,单克隆抗体,肥节点混入异类材料
bio-mo-cell-engineering-019,动物细胞的吸水和失水,细胞融合,肥节点混入异类材料
bio-mo-cell-engineering-020,动物细胞的吸水和失水,细胞融合,肥节点混入异类材料
bio-mo-cell-engineering-021,动物细胞的吸水和失水,单克隆抗体,肥节点混入异类材料
bio-mo-cell-engineering-022,动物细胞的吸水和失水,单克隆抗体,肥节点混入异类材料
bio-mo-cell-engineering-024,动物细胞的吸水和失水,动物细胞培养,肥节点混入异类材料
bio-mo-cell-engineering-025,动物细胞的吸水和失水,胚胎工程,肥节点混入异类材料
bio-mo-cell-engineering-026,动物细胞的吸水和失水,胚胎工程,肥节点混入异类材料
bio-mo-cell-engineering-029,动物细胞的吸水和失水,动物细胞培养,肥节点混入异类材料
bio-mo-cell-engineering-030,动物细胞的吸水和失水,动物细胞培养,肥节点混入异类材料
bio-mo-cell-engineering-032,动物细胞的吸水和失水,植物组织培养,肥节点混入异类材料
bio-mo-cell-engineering-033,动物细胞的吸水和失水,植物组织培养,肥节点混入异类材料
bio-mo-cell-engineering-034,动物细胞的吸水和失水,植物组织培养,肥节点混入异类材料
bio-mo-cell-engineering-035,动物细胞的吸水和失水,植物组织培养,肥节点混入异类材料
bio-mo-cell-engineering-036,动物细胞的吸水和失水,单克隆抗体,肥节点混入异类材料
bio-mo-cell-engineering-038,动物细胞的吸水和失水,胚胎工程,肥节点混入异类材料
bio-mo-cell-121,动物细胞的吸水和失水,主动运输,肥节点混入异类材料
bio-mo-gene-115,动物细胞的吸水和失水,细胞癌变,肥节点混入异类材料
bio-mo-cell-148,动物细胞的吸水和失水,细胞是基本的生命系统,肥节点混入异类材料
bio-mo-cell-209,动物细胞的吸水和失水,有丝分裂,肥节点混入异类材料
bio-mo-enzyme-008,动物细胞的吸水和失水,atp与adp的转化,肥节点混入异类材料
bio-kb-polygenic-chromosomal-diseases,基因位于染色体上的实验证据,人类遗传病,肥节点混入异类材料
bio-kb-semiconservative-replication-evidence,基因位于染色体上的实验证据,dna的复制,肥节点混入异类材料
bio-kb-epigenetics-types-detail,基因位于染色体上的实验证据,基因的表达,肥节点混入异类材料
bio-fj-02-mineral-deficiency-experiment,基因位于染色体上的实验证据,细胞中的无机盐,肥节点混入异类材料
bio-fj-08-verify-enzyme-nature,基因位于染色体上的实验证据,酶的本质,肥节点混入异类材料
bio-fj-15-test-cross-verification,基因位于染色体上的实验证据,测交,肥节点混入异类材料
bio-fj-15-testcross-purpose,基因位于染色体上的实验证据,测交,肥节点混入异类材料
bio-fj-20-semiconservative-evidence,基因位于染色体上的实验证据,dna的复制,肥节点混入异类材料
bio-fj-21-epigenetics-types,基因位于染色体上的实验证据,基因的表达,肥节点混入异类材料
bio-fj-23-x-linked-gene-frequency,基因位于染色体上的实验证据,伴性遗传,肥节点混入异类材料
bio-fj-08-optimal-temperature-measurement,基因位于染色体上的实验证据,影响酶促反应的因素分析,肥节点混入异类材料
bio-fx-auxin-produce-site-exp,基因位于染色体上的实验证据,生长素,肥节点混入异类材料
bio-fx-auxin-lateral-transport-exp,基因位于染色体上的实验证据,生长素的极性运输,肥节点混入异类材料
bio-fx-maternal-effect,基因位于染色体上的实验证据,伴性遗传,肥节点混入异类材料
bio-fx-x-linked-frequency,基因位于染色体上的实验证据,伴性遗传,肥节点混入异类材料
bio-fx-cam-ph-verification,基因位于染色体上的实验证据,光合作用,肥节点混入异类材料
bio-fx-chromosome-group-count-genotype,基因位于染色体上的实验证据,染色体变异-x1,肥节点混入异类材料
bio-fx-crossover-vs-translocation,基因位于染色体上的实验证据,染色体变异-x1,肥节点混入异类材料
bio-linkage,基因位于染色体上的实验证据,自由组合定律,肥节点混入异类材料
bio-kb3-f1-s1-1-n01,细胞是基本的生命系统,细胞学说,肥节点混入异类材料
bio-kb3-f1-s1-1-n02,细胞是基本的生命系统,细胞学说,肥节点混入异类材料
bio-kb3-f1-s1-1-n04,细胞是基本的生命系统,细胞学说,肥节点混入异类材料
bio-kb3-f1-s1-1-n05,细胞是基本的生命系统,细胞学说,肥节点混入异类材料
bio-mo-cell-001,细胞是基本的生命系统,细胞学说,肥节点混入异类材料
bio-mo-cell-005,细胞是基本的生命系统,细胞学说,肥节点混入异类材料
bio-fj-01-virus-no-metabolism,细胞是基本的生命系统,病毒,肥节点混入异类材料
bio-kb-cell-exchange-with-external-systems,细胞是基本的生命系统,内环境,肥节点混入异类材料
bio-fj-24-internal-env-saline-nature,细胞是基本的生命系统,内环境,肥节点混入异类材料
bio-mo-cell-094,细胞是基本的生命系统,线粒体,肥节点混入异类材料
bio-mo-cell-194,细胞是基本的生命系统,有丝分裂,肥节点混入异类材料
bio-mo-cell-195,细胞是基本的生命系统,有丝分裂,肥节点混入异类材料
bio-mo-cell-197,细胞是基本的生命系统,有丝分裂,肥节点混入异类材料
bio-mo-cell-198,细胞是基本的生命系统,有丝分裂,肥节点混入异类材料
bio-mo-cell-199,细胞是基本的生命系统,有丝分裂,肥节点混入异类材料
bio-mo-cell-203,细胞是基本的生命系统,有丝分裂,肥节点混入异类材料
bio-mo-cell-204,细胞是基本的生命系统,有丝分裂,肥节点混入异类材料
bio-mo-cell-205,细胞是基本的生命系统,有丝分裂,肥节点混入异类材料
bio-mo-cell-207,细胞是基本的生命系统,有丝分裂,肥节点混入异类材料
bio-mo-cell-211,细胞是基本的生命系统,有丝分裂,肥节点混入异类材料
bio-mo-cell-213,细胞是基本的生命系统,精子的形成过程,肥节点混入异类材料
bio-mo-cell-215,细胞是基本的生命系统,细胞的分化与全能性,肥节点混入异类材料
bio-mo-cell-217,细胞是基本的生命系统,细胞衰老,肥节点混入异类材料
bio-mo-cell-218,细胞是基本的生命系统,细胞凋亡,肥节点混入异类材料
bio-kb-sugar-classification-overview,组成细胞的元素,细胞中的糖类,肥节点混入异类材料
bio-fj-03-carbohydrate-elements,组成细胞的元素,细胞中的糖类,肥节点混入异类材料
bio-fj-02-carbohydrate-element-function,组成细胞的元素,细胞中的糖类,肥节点混入异类材料
bio-kb-lipid-elements-and-solubility,组成细胞的元素,细胞中的脂质,肥节点混入异类材料
bio-fj-03-lipid-elements-traits,组成细胞的元素,细胞中的脂质,肥节点混入异类材料
bio-fj-02-lipid-element-function,组成细胞的元素,细胞中的脂质,肥节点混入异类材料
bio-fj-24-body-fluid-composition,组成细胞的元素,内环境,肥节点混入异类材料
bio-fj-02-nucleic-acid-element-function,组成细胞的元素,核酸,肥节点混入异类材料
bio-mo-cell-018,组成细胞的元素,实验-检测生物组织中的糖类-脂肪和蛋白质,肥节点混入异类材料
bio-mo-cell-019,组成细胞的元素,实验-检测生物组织中的糖类-脂肪和蛋白质,肥节点混入异类材料
bio-mo-cell-020,组成细胞的元素,实验-检测生物组织中的糖类-脂肪和蛋白质,肥节点混入异类材料
bio-mo-cell-021,组成细胞的元素,实验-检测生物组织中的糖类-脂肪和蛋白质,肥节点混入异类材料
bio-mo-cell-049,组成细胞的元素,蛋白质,肥节点混入异类材料
bio-mo-cell-050,组成细胞的元素,蛋白质,肥节点混入异类材料
bio-mo-cell-052,组成细胞的元素,蛋白质,肥节点混入异类材料
bio-mo-cell-054,组成细胞的元素,蛋白质,肥节点混入异类材料
bio-mo-cell-055,组成细胞的元素,蛋白质,肥节点混入异类材料
bio-mo-cell-056,组成细胞的元素,蛋白质,肥节点混入异类材料
bio-mo-cell-057,组成细胞的元素,蛋白质,肥节点混入异类材料
bio-mo-cell-058,组成细胞的元素,蛋白质,肥节点混入异类材料
bio-mo-cell-059,组成细胞的元素,核酸,肥节点混入异类材料
bio-mo-cell-061,组成细胞的元素,核酸,肥节点混入异类材料
bio-mo-cell-064,组成细胞的元素,核酸,肥节点混入异类材料
bio-mo-cell-065,组成细胞的元素,核酸,肥节点混入异类材料
bio-mo-cell-066,组成细胞的元素,核酸,肥节点混入异类材料
bio-mo-cell-067,组成细胞的元素,核酸,肥节点混入异类材料
bio-kb3-f2-s2-3-n10,细胞中的糖类,细胞中的脂质,肥节点混入异类材料
bio-kb3-f2-s2-3-n11,细胞中的糖类,细胞中的脂质,肥节点混入异类材料
bio-kb3-f2-s2-3-n12,细胞中的糖类,细胞中的脂质,肥节点混入异类材料
bio-kb3-f2-s2-3-n13,细胞中的糖类,细胞中的脂质,肥节点混入异类材料
bio-kb3-f2-s2-3-n14,细胞中的糖类,细胞中的脂质,肥节点混入异类材料
bio-kb3-f2-s2-3-n16,细胞中的糖类,细胞中的脂质,肥节点混入异类材料
bio-mo-cell-037,细胞中的糖类,细胞中的脂质,肥节点混入异类材料
bio-mo-cell-040,细胞中的糖类,细胞中的脂质,肥节点混入异类材料
bio-mo-cell-042,细胞中的糖类,细胞中的脂质,肥节点混入异类材料
bio-mo-cell-045,细胞中的糖类,细胞中的脂质,肥节点混入异类材料
bio-mo-cell-046,细胞中的糖类,细胞中的脂质,肥节点混入异类材料
bio-mo-cell-236,细胞中的糖类,细胞中的脂质,肥节点混入异类材料
bio-mo-cell-237,细胞中的糖类,细胞中的脂质,肥节点混入异类材料
bio-fj-01-virus-replication,基因突变,病毒,肥节点混入异类材料
bio-fj-01-pro-mendel-variation,基因突变,原核细胞,肥节点混入异类材料
bio-fj-22-breeding-mutation,基因突变,育种,肥节点混入异类材料
bio-fx-mutation-breeding,基因突变,育种,肥节点混入异类材料
bio-mo-gene-099,基因突变,细胞癌变,肥节点混入异类材料
bio-mo-gene-104,基因突变,细胞癌变,肥节点混入异类材料
bio-mo-gene-100,基因突变,基因的本质,肥节点混入异类材料
bio-mo-gene-116,基因突变,基因的本质,肥节点混入异类材料
bio-mo-gene-111,基因突变,基因重组,肥节点混入异类材料
bio-mo-gene-113,基因突变,基因重组,肥节点混入异类材料
bio-mo-gene-117,基因突变,基因重组,肥节点混入异类材料
bio-fj-22-methylation-not-mutation,基因突变,基因的表达,肥节点混入异类材料
bio-growth-hormone-gh,分泌蛋白的合成和运输,激素,肥节点混入异类材料
bio-kb-carrier-vs-channel-protein,分泌蛋白的合成和运输,物质出入细胞的方式,肥节点混入异类材料
bio-kb-plasma-protein-vs-hemoglobin-judgment,分泌蛋白的合成和运输,内环境,肥节点混入异类材料
bio-kb2-07-carrier-channel-proteins,分泌蛋白的合成和运输,物质出入细胞的方式,肥节点混入异类材料
bio-fj-04-receptor-vs-carrier,分泌蛋白的合成和运输,细胞膜的结构和功能,肥节点混入异类材料
bio-fj-05-water-crossing-membrane,分泌蛋白的合成和运输,物质出入细胞的方式,肥节点混入异类材料
bio-fj-07-carrier-vs-channel,分泌蛋白的合成和运输,物质出入细胞的方式,肥节点混入异类材料
bio-fj-24-urea-origin-excretion,分泌蛋白的合成和运输,内环境,肥节点混入异类材料
bio-fx-leading-lagging-strands,分泌蛋白的合成和运输,dna的复制,肥节点混入异类材料
bio-mo-cell-129,分泌蛋白的合成和运输,物质出入细胞的方式,肥节点混入异类材料
bio-mo-membrane-transport-005,分泌蛋白的合成和运输,物质出入细胞的方式,肥节点混入异类材料
bio-golgi-function,分泌蛋白的合成和运输,高尔基体,肥节点混入异类材料
bio-er-function,分泌蛋白的合成和运输,内质网,肥节点混入异类材料
bio-fx-enzyme-antibody-transporter,分泌蛋白的合成和运输,蛋白质,肥节点混入异类材料
bio-kb-enzyme-high-efficiency,探究酶的专一性-高效性相关实验,酶的特性,肥节点混入异类材料
bio-kb-enzyme-specificity,探究酶的专一性-高效性相关实验,酶的特性,肥节点混入异类材料
bio-fj-08-specificity-definition,探究酶的专一性-高效性相关实验,酶的特性,肥节点混入异类材料
bio-kb2-08-enzyme-specificity-efficiency,探究酶的专一性-高效性相关实验,酶的特性,肥节点混入异类材料
bio-fj-08-efficiency-curve-compare,探究酶的专一性-高效性相关实验,酶的特性,肥节点混入异类材料
bio-kb3-f5-s5-1-n06,探究酶的专一性-高效性相关实验,酶的特性,肥节点混入异类材料
bio-kb3-f5-s5-1-n07,探究酶的专一性-高效性相关实验,酶的特性,肥节点混入异类材料
bio-kb3-f4-s37-n01,探究酶的专一性-高效性相关实验,酶的特性,肥节点混入异类材料
bio-kb3-f4-s37-n02,探究酶的专一性-高效性相关实验,酶的特性,肥节点混入异类材料
bio-kb3-f4-s37-n03,探究酶的专一性-高效性相关实验,酶的特性,肥节点混入异类材料
bio-fj-20-base-pair-rule-4-at-over-gc,生态系统的稳定性,dna的结构及特点,肥节点混入异类材料
bio-fx-dna-rna-sugar-stability,生态系统的稳定性,dna的结构及特点,肥节点混入异类材料
bio-mo-ecosystem-007,生态系统的稳定性,能量流动,肥节点混入异类材料
bio-mo-ecosystem-008,生态系统的稳定性,能量流动,肥节点混入异类材料
bio-mo-ecosystem-009,生态系统的稳定性,能量流动,肥节点混入异类材料
bio-mo-ecosystem-010,生态系统的稳定性,能量流动,肥节点混入异类材料
bio-mo-ecosystem-012,生态系统的稳定性,能量流动,肥节点混入异类材料
bio-mo-ecosystem-013,生态系统的稳定性,能量流动,肥节点混入异类材料
bio-mo-ecosystem-014,生态系统的稳定性,能量流动,肥节点混入异类材料
bio-mo-ecosystem-015,生态系统的稳定性,能量流动,肥节点混入异类材料
bio-mo-ecosystem-016,生态系统的稳定性,能量流动,肥节点混入异类材料
bio-mo-ecosystem-017,生态系统的稳定性,物质循环,肥节点混入异类材料
bio-mo-ecosystem-018,生态系统的稳定性,物质循环,肥节点混入异类材料
bio-mo-ecosystem-019,生态系统的稳定性,物质循环,肥节点混入异类材料
bio-mo-ecosystem-020,生态系统的稳定性,物质循环,肥节点混入异类材料
bio-mo-ecosystem-021,生态系统的稳定性,物质循环,肥节点混入异类材料
bio-mo-ecosystem-022,生态系统的稳定性,物质循环,肥节点混入异类材料
bio-mo-ecosystem-023,生态系统的稳定性,物质循环,肥节点混入异类材料
bio-mo-ecosystem-024,生态系统的稳定性,信息传递,肥节点混入异类材料
bio-mo-ecosystem-025,生态系统的稳定性,信息传递,肥节点混入异类材料
bio-mo-ecosystem-026,生态系统的稳定性,信息传递,肥节点混入异类材料
bio-mo-ecosystem-027,生态系统的稳定性,信息传递,肥节点混入异类材料
bio-mo-ecosystem-028,生态系统的稳定性,信息传递,肥节点混入异类材料
bio-mo-ecosystem-029,生态系统的稳定性,信息传递,肥节点混入异类材料
bio-mo-ecosystem-030,生态系统的稳定性,信息传递,肥节点混入异类材料
bio-mo-ecosystem-031,生态系统的稳定性,信息传递,肥节点混入异类材料
bio-kb-protoplast-vs-protoplast-layer,体液调节和神经调节的区别与联系,质壁分离,肥节点混入异类材料
bio-kb-synaptic-knob-vs-synapse-diff,体液调节和神经调节的区别与联系,突触,肥节点混入异类材料
bio-kb2-09-aerobic-anaerobic-relation,体液调节和神经调节的区别与联系,有氧呼吸,肥节点混入异类材料
bio-kb2-26-endocrine-vs-exocrine,体液调节和神经调节的区别与联系,内分泌系统,肥节点混入异类材料
bio-kb2-29-antigen-vs-allergen,体液调节和神经调节的区别与联系,抗原,肥节点混入异类材料
bio-fj-33-predation-vs-parasitism-detail,体液调节和神经调节的区别与联系,群落的结构,肥节点混入异类材料
bio-fj-07-protoplast-vs-protoplast-body,体液调节和神经调节的区别与联系,质壁分离,肥节点混入异类材料
bio-fj-22-translocation-vs-crossing-over,体液调节和神经调节的区别与联系,染色体变异-x1,肥节点混入异类材料
bio-fx-exp-result-vs-conclusion,体液调节和神经调节的区别与联系,探究酶的专一性-高效性相关实验,肥节点混入异类材料
bio-mo-hormone-011,体液调节和神经调节的区别与联系,甲状腺激素,肥节点混入异类材料
bio-mo-hormone-012,体液调节和神经调节的区别与联系,激素,肥节点混入异类材料
bio-mo-hormone-013,体液调节和神经调节的区别与联系,激素调节的特点,肥节点混入异类材料
bio-mo-hormone-014,体液调节和神经调节的区别与联系,胰岛素,肥节点混入异类材料
bio-mo-hormone-015,体液调节和神经调节的区别与联系,激素,肥节点混入异类材料
bio-mo-hormone-017,体液调节和神经调节的区别与联系,激素,肥节点混入异类材料
bio-mo-hormone-018,体液调节和神经调节的区别与联系,激素,肥节点混入异类材料
bio-mo-hormone-019,体液调节和神经调节的区别与联系,激素,肥节点混入异类材料
bio-mo-nerve-046,体液调节和神经调节的区别与联系,体温调节,肥节点混入异类材料
bio-mo-nerve-047,体液调节和神经调节的区别与联系,水和无机盐平衡的调节,肥节点混入异类材料
bio-mo-nerve-049,体液调节和神经调节的区别与联系,体温调节,肥节点混入异类材料
bio-mo-nerve-050,体液调节和神经调节的区别与联系,水和无机盐平衡的调节,肥节点混入异类材料
bio-mo-nerve-051,体液调节和神经调节的区别与联系,体温调节,肥节点混入异类材料
bio-mo-nerve-052,体液调节和神经调节的区别与联系,体温调节,肥节点混入异类材料
bio-mo-nerve-053,体液调节和神经调节的区别与联系,体温调节,肥节点混入异类材料
bio-mo-nerve-054,体液调节和神经调节的区别与联系,体温调节,肥节点混入异类材料
bio-mo-nerve-057,体液调节和神经调节的区别与联系,水和无机盐平衡的调节,肥节点混入异类材料
bio-plasmolysis-applicable-cells,成熟植物细胞的吸水和失水,质壁分离,肥节点混入异类材料
bio-kb-plant-cell-wall-traits,成熟植物细胞的吸水和失水,细胞壁,肥节点混入异类材料
bio-kb2-05-cell-wall,成熟植物细胞的吸水和失水,细胞壁,肥节点混入异类材料
bio-kb3-f3-s3-2-n12,成熟植物细胞的吸水和失水,细胞壁,肥节点混入异类材料
bio-kb3-f4-s22-n21,成熟植物细胞的吸水和失水,细胞壁,肥节点混入异类材料
bio-mo-cell-126,成熟植物细胞的吸水和失水,细胞壁,肥节点混入异类材料
bio-fj-05-communication-via-plasmodesmata,成熟植物细胞的吸水和失水,细胞膜的结构和功能,肥节点混入异类材料
bio-vacuole-function,成熟植物细胞的吸水和失水,液泡,肥节点混入异类材料
bio-fx-judge-gravity-statolith,成熟植物细胞的吸水和失水,环境因素参与调节植物的生命活动,肥节点混入异类材料
bio-mo-cell-engineering-001,成熟植物细胞的吸水和失水,植物组织培养,肥节点混入异类材料
bio-mo-cell-engineering-002,成熟植物细胞的吸水和失水,植物组织培养,肥节点混入异类材料
bio-mo-cell-engineering-004,成熟植物细胞的吸水和失水,植物组织培养,肥节点混入异类材料
bio-mo-cell-engineering-005,成熟植物细胞的吸水和失水,植物组织培养,肥节点混入异类材料
bio-mo-cell-engineering-006,成熟植物细胞的吸水和失水,植物组织培养,肥节点混入异类材料
bio-mo-cell-engineering-007,成熟植物细胞的吸水和失水,植物组织培养,肥节点混入异类材料
bio-mo-cell-engineering-009,成熟植物细胞的吸水和失水,植物组织培养,肥节点混入异类材料
bio-mo-cell-engineering-010,成熟植物细胞的吸水和失水,植物组织培养,肥节点混入异类材料
bio-mo-cell-engineering-057,成熟植物细胞的吸水和失水,植物组织培养,肥节点混入异类材料
bio-mo-cell-engineering-060,成熟植物细胞的吸水和失水,植物组织培养,肥节点混入异类材料
bio-mo-genetic-engineering-001,转基因生物的安全性,基因工程,肥节点归位
bio-mo-genetic-engineering-002,转基因生物的安全性,基因工程,肥节点归位
bio-mo-genetic-engineering-003,转基因生物的安全性,基因工程,肥节点归位
bio-mo-genetic-engineering-004,转基因生物的安全性,基因工程,肥节点归位
bio-mo-genetic-engineering-005,转基因生物的安全性,基因工程,肥节点归位
bio-mo-genetic-engineering-006,转基因生物的安全性,基因工程,肥节点归位
bio-mo-genetic-engineering-007,转基因生物的安全性,基因工程,肥节点归位
bio-mo-genetic-engineering-008,转基因生物的安全性,基因工程,肥节点归位
bio-mo-genetic-engineering-009,转基因生物的安全性,基因工程,肥节点归位
bio-mo-genetic-engineering-010,转基因生物的安全性,基因工程,肥节点归位
bio-mo-genetic-engineering-011,转基因生物的安全性,基因工程,肥节点归位
bio-mo-genetic-engineering-012,转基因生物的安全性,基因工程,肥节点归位
bio-mo-genetic-engineering-013,转基因生物的安全性,基因工程,肥节点归位
bio-mo-genetic-engineering-014,转基因生物的安全性,基因工程,肥节点归位
bio-mo-genetic-engineering-015,转基因生物的安全性,基因工程,肥节点归位
bio-mo-genetic-engineering-016,转基因生物的安全性,基因工程,肥节点归位
bio-mo-genetic-engineering-017,转基因生物的安全性,基因工程,肥节点归位
bio-mo-genetic-engineering-018,转基因生物的安全性,基因工程,肥节点归位
bio-mo-genetic-engineering-019,转基因生物的安全性,基因工程,肥节点归位
bio-mo-genetic-engineering-020,转基因生物的安全性,基因工程,肥节点归位
bio-mo-genetic-engineering-022,转基因生物的安全性,基因工程,肥节点归位
bio-mo-genetic-engineering-023,转基因生物的安全性,基因工程,肥节点归位
bio-mo-genetic-engineering-024,转基因生物的安全性,基因工程,肥节点归位
bio-mo-genetic-engineering-025,转基因生物的安全性,基因工程,肥节点归位
bio-mo-genetic-engineering-027,转基因生物的安全性,基因工程,肥节点归位
bio-mo-genetic-engineering-029,转基因生物的安全性,基因工程,肥节点归位
bio-mo-genetic-engineering-030,转基因生物的安全性,基因工程,肥节点归位
bio-mo-genetic-engineering-031,转基因生物的安全性,基因工程,肥节点归位
bio-mo-genetic-engineering-026,转基因生物的安全性,蛋白质工程,肥节点归位
bio-mo-genetic-engineering-028,转基因生物的安全性,蛋白质工程,肥节点归位
bio-kb-mutation-breeding-mutagenesis,光合作用的原理,育种,肥节点归位
bio-kb-cross-breeding-features,光合作用的原理,育种,肥节点归位
bio-kb2-22-breeding-methods,光合作用的原理,育种,肥节点归位
bio-fj-08-sweet-corn-blanch,光合作用的原理,酶的特性,肥节点归位
bio-kb3-f4-s29-n02,光合作用的原理,渗透作用,肥节点归位
bio-kb3-f4-s29-n03,光合作用的原理,渗透作用,肥节点归位
bio-fx-blue-white-screening,光合作用的原理,基因工程,肥节点归位
bio-membrane-selectivity,细胞膜成分和结构的探究历程,细胞膜的结构和功能,肥节点归位
bio-kb-plasma-membrane-preparation-method,细胞膜成分和结构的探究历程,细胞膜的结构和功能,肥节点归位
bio-kb-membrane-fluidity-examples,细胞膜成分和结构的探究历程,细胞膜的结构和功能,肥节点归位
bio-kb-organelle-membrane-classification,细胞膜成分和结构的探究历程,细胞器的结构和功能,肥节点归位
bio-kb-enzyme-nature-exploration-history,细胞膜成分和结构的探究历程,酶的本质,肥节点归位
bio-fj-08-enzyme-history,细胞膜成分和结构的探究历程,酶的本质,肥节点归位
bio-fj-10-photosynthesis-history,细胞膜成分和结构的探究历程,探索光合作用原理的部分实验,肥节点归位
bio-fj-05-four-membrane-proteins,细胞膜成分和结构的探究历程,细胞膜的结构和功能,肥节点归位
bio-fj-05-membrane-fluidity-examples,细胞膜成分和结构的探究历程,细胞膜的结构和功能,肥节点归位
bio-fj-05-membrane-nucleus-mistakes,细胞膜成分和结构的探究历程,细胞膜的结构和功能,肥节点归位
bio-fj-05-membrane-lipid-50percent,细胞膜成分和结构的探究历程,细胞膜的结构和功能,肥节点归位
bio-fj-05-communication-by-contact,细胞膜成分和结构的探究历程,细胞膜的结构和功能,肥节点归位
bio-mo-cell-engineering-043,细胞膜成分和结构的探究历程,受精作用,肥节点归位
bio-mo-cell-membrane-002,细胞膜成分和结构的探究历程,细胞膜的结构和功能,肥节点归位
bio-kb2-03-phospholipid-function,细胞的生物膜系统,细胞中的脂质,肥节点归位
bio-kb2-09-prokaryote-respiration,细胞的生物膜系统,原核细胞,肥节点归位
bio-fj-03-phospholipid-membrane,细胞的生物膜系统,细胞中的脂质,肥节点归位
bio-fj-zt-secreted-protein-unity,细胞的生物膜系统,分泌蛋白的合成和运输,肥节点归位
bio-mo-cell-062,细胞的生物膜系统,原核细胞和真核细胞,肥节点归位
bio-mo-cell-100,细胞的生物膜系统,原核细胞,肥节点归位
bio-mo-cell-214,细胞的生物膜系统,细胞的分化与全能性,肥节点归位
bio-mo-cell-219,细胞的生物膜系统,细胞衰老,肥节点归位
bio-mo-cell-225,细胞的生物膜系统,原核细胞,肥节点归位
bio-mo-organelle-001,细胞的生物膜系统,细胞器的结构和功能,肥节点归位
bio-mo-organelle-002,细胞的生物膜系统,细胞器的结构和功能,肥节点归位
bio-mo-organelle-003,细胞的生物膜系统,细胞器的结构和功能,肥节点归位
bio-mo-organelle-004,细胞的生物膜系统,细胞器的结构和功能,肥节点归位
bio-mo-organelle-005,细胞的生物膜系统,细胞器的结构和功能,肥节点归位
bio-photoinhibition-d1-inactivation,dna-rna-蛋白质等的水解产物和氧化产物-归纳总结,光合作用,肥节点归位
bio-aerobic-third-stage-site,dna-rna-蛋白质等的水解产物和氧化产物-归纳总结,有氧呼吸,肥节点归位
bio-kb-disaccharide-types-distribution,dna-rna-蛋白质等的水解产物和氧化产物-归纳总结,细胞中的糖类,肥节点归位
bio-kb-nucleic-acid-types-distribution,dna-rna-蛋白质等的水解产物和氧化产物-归纳总结,核酸,肥节点归位
bio-kb-nucleic-acid-hydrolysis-products,dna-rna-蛋白质等的水解产物和氧化产物-归纳总结,核酸,肥节点归位
bio-kb-enzyme-chemical-nature,dna-rna-蛋白质等的水解产物和氧化产物-归纳总结,酶的本质,肥节点归位
bio-kb-epigenetics-concept-and-features,dna-rna-蛋白质等的水解产物和氧化产物-归纳总结,基因的表达,肥节点归位
bio-kb2-03-disaccharide-hydrolysis,dna-rna-蛋白质等的水解产物和氧化产物-归纳总结,细胞中的糖类,肥节点归位
bio-kb2-04-nucleic-acid-distribution,dna-rna-蛋白质等的水解产物和氧化产物-归纳总结,核酸,肥节点归位
bio-fj-01-virus-one-nucleic-acid,dna-rna-蛋白质等的水解产物和氧化产物-归纳总结,病毒,肥节点归位
bio-fj-04-cooked-egg-digestion,dna-rna-蛋白质等的水解产物和氧化产物-归纳总结,蛋白质,肥节点归位
bio-fj-04-nucleic-acid-classes,dna-rna-蛋白质等的水解产物和氧化产物-归纳总结,核酸,肥节点归位
bio-fj-06-organelle-nucleic-acids,dna-rna-蛋白质等的水解产物和氧化产物-归纳总结,细胞器的结构和功能,肥节点归位
bio-fj-08-enzyme-nature,dna-rna-蛋白质等的水解产物和氧化产物-归纳总结,酶的本质,肥节点归位
bio-fj-12-interphase-features,dna-rna-蛋白质等的水解产物和氧化产物-归纳总结,有丝分裂,肥节点归位
bio-fj-04-collagen-suture,dna-rna-蛋白质等的水解产物和氧化产物-归纳总结,蛋白质,肥节点归位
bio-fj-21-reverse-transcription-features,dna-rna-蛋白质等的水解产物和氧化产物-归纳总结,中心法则,肥节点归位
bio-fj-21-rna-replication-features,dna-rna-蛋白质等的水解产物和氧化产物-归纳总结,中心法则,肥节点归位
bio-fj-04-dna-thorough-hydrolysis-products,dna-rna-蛋白质等的水解产物和氧化产物-归纳总结,核酸,肥节点归位
bio-fj-04-rna-thorough-hydrolysis-products,dna-rna-蛋白质等的水解产物和氧化产物-归纳总结,核酸,肥节点归位
bio-fj-04-starch-protein-hydrolysis-products,dna-rna-蛋白质等的水解产物和氧化产物-归纳总结,蛋白质,肥节点归位
bio-fj-08-hydrolase-enzyme-list,dna-rna-蛋白质等的水解产物和氧化产物-归纳总结,酶的本质,肥节点归位
bio-kb3-f2-s2-4-n08,dna-rna-蛋白质等的水解产物和氧化产物-归纳总结,蛋白质,肥节点归位
bio-kb3-f5-s5-1-n12,dna-rna-蛋白质等的水解产物和氧化产物-归纳总结,探究酶的专一性-高效性相关实验,肥节点归位
bio-kb3-f5-s5-1-n16,dna-rna-蛋白质等的水解产物和氧化产物-归纳总结,探究酶的专一性-高效性相关实验,肥节点归位
bio-fx-rna-primer-reason,dna-rna-蛋白质等的水解产物和氧化产物-归纳总结,dna的复制,肥节点归位
bio-kb-multigene-gamete-and-combination-calc,基因的表达,自由组合定律,肥节点归位
bio-kb-gene-linkage-and-crossing-over,基因的表达,自由组合定律,肥节点归位
bio-kb2-16-linkage-crossing-over,基因的表达,自由组合定律,肥节点归位
bio-fj-16-n-pair-gametes-formula,基因的表达,自由组合定律,肥节点归位
bio-fj-16-n-pair-f2-phenotype-formula,基因的表达,自由组合定律,肥节点归位
bio-fx-multiple-alleles-count,基因的表达,分离定律,肥节点归位
bio-mo-gene-130,染色体变异,育种,肥节点归位
bio-mo-gene-131,染色体变异,育种,肥节点归位
bio-fx-judge-plasma-cell-sources,原核细胞和真核细胞,体液免疫,肥节点归位
bio-fj-02-three-unique-in-tests,实验-使用高倍显微镜观察几种细胞,实验-检测生物组织中的糖类-脂肪和蛋白质,肥节点归位
bio-fj-05-overton-experiment,实验-使用高倍显微镜观察几种细胞,细胞膜成分和结构的探究历程,肥节点归位
bio-fj-08-buchner-ferment-extract,实验-使用高倍显微镜观察几种细胞,酶的本质,肥节点归位
bio-mo-sex-linked-001,人类遗传病,基因位于染色体上的实验证据,人类遗传病混入伴性遗传
bio-mo-sex-linked-002,人类遗传病,基因位于染色体上的实验证据,人类遗传病混入伴性遗传
bio-mo-sex-linked-003,人类遗传病,伴性遗传的特点及应用,人类遗传病混入伴性遗传
bio-mo-sex-linked-004,人类遗传病,伴性遗传的特点及应用,人类遗传病混入伴性遗传
bio-mo-sex-linked-005,人类遗传病,伴性遗传的特点及应用,人类遗传病混入伴性遗传
bio-kb3-f3-s3-2-n02,细胞器的结构和功能,线粒体,标题即单细胞器专述
bio-kb3-f3-s3-2-n04,细胞器的结构和功能,内质网,标题即单细胞器专述
bio-kb3-f3-s3-2-n06,细胞器的结构和功能,核糖体,标题即单细胞器专述
bio-mo-cell-085,细胞器的结构和功能,线粒体,标题即单细胞器专述
bio-mo-cell-093,细胞器的结构和功能,叶绿体,标题即单细胞器专述
bio-mo-cell-095,细胞器的结构和功能,溶酶体,标题即单细胞器专述
bio-mo-cell-083,细胞器的结构和功能,高尔基体,标题即单细胞器专述
bio-kb3-f3-s3-2-n07,细胞器的结构和功能,溶酶体,标题即单细胞器专述
bio-fj-23-hardy-weinberg,细胞呼吸的影响因素及应用,基因频率,肥节点抽查异类改绑
bio-fj-32-sex-ratio-application,细胞呼吸的影响因素及应用,种群的数量特征,肥节点抽查异类改绑
bio-kb3-f5-s5-3-n03,细胞呼吸的影响因素及应用,实验-探究酵母菌细胞呼吸的方式,肥节点抽查异类改绑
bio-fj-32-age-structure-types,细胞膜成分和结构的探究历程,种群的数量特征,肥节点抽查异类改绑
bio-kb-dna-structure-model-history,细胞膜成分和结构的探究历程,dna的结构及特点,肥节点抽查异类改绑
bio-kb2-04-dna-rna-difference,细胞膜成分和结构的探究历程,核酸,肥节点抽查异类改绑
bio-kb-breeding-methods-comparison-table,基因工程,育种,肥节点抽查异类改绑
bio-fj-01-virus-application,基因工程,病毒,肥节点抽查异类改绑
bio-mo-genetic-engineering-002,基因工程,dna是主要的遗传物质,1944 艾弗里转化实验
math-hidden-zero-whole-substitution,2024-天津-一模-在中-角-的对边分别为-已知,函数的隐零点问题,题干壳材料归位（标题即方法卡）
math-neijiaohe-zhengxian-hu-shihua,2024-四川宜宾-一模-已知函数-在锐角中-内角的对边分别为-且,边角互化,题干壳材料归位（标题即方法卡）
math-neijiaohe-yuxian-hu-shihua,2024-四川宜宾-一模-已知函数-在锐角中-内角的对边分别为-且,边角互化,题干壳材料归位（标题即方法卡）
math-hj-jie-sanjiaoxing-jiegeshu-taolun,2024-四川宜宾-一模-已知函数-在锐角中-内角的对边分别为-且,正弦定理,题干壳材料归位（标题即方法卡）
math-hj-s43-angle-composition,2024-四川宜宾-一模-已知函数-在锐角中-内角的对边分别为-且,三角恒等变换,题干壳材料归位（标题即方法卡）
math-hj-s44-value-angle,2024-四川宜宾-一模-已知函数-在锐角中-内角的对边分别为-且,三角恒等变换,题干壳材料归位（标题即方法卡）
math-hj-s47-solution-count,2024-四川宜宾-一模-已知函数-在锐角中-内角的对边分别为-且,正弦定理,题干壳材料归位（标题即方法卡）
math-mo-geizhi-qiujiao-sanbu,2024-四川宜宾-一模-已知函数-在锐角中-内角的对边分别为-且,三角恒等变换,题干壳材料归位（标题即方法卡）
math-mo-shulie-yinhan-tiaojian,2025-新疆喀什-模拟预测-已知数列中-则,数列的递推公式,题干壳材料归位（标题即方法卡）
math-expansion-coefficient-sum-substitute-one,2025-四川广安-模拟预测-已知数列满足-则使得成立的最小自然数为,二项式定理,题干壳材料归位（标题即方法卡）
math-kb-common-number-sets-notation,2025-四川广安-模拟预测-已知数列满足-则使得成立的最小自然数为,集合的含义与表示,题干壳材料归位（标题即方法卡）
math-hj-changjian-shuji-jihao,2025-四川广安-模拟预测-已知数列满足-则使得成立的最小自然数为,集合的含义与表示,题干壳材料归位（标题即方法卡）
math-mo-n-yu-nxing-bianxi,2025-四川广安-模拟预测-已知数列满足-则使得成立的最小自然数为,集合的含义与表示,题干壳材料归位（标题即方法卡）
math-fx-liexiang-hanshuxing-ji-cifenli,2025-江苏-模拟预测-函数满足-且-设-则的前项的和为,裂项相消法中常见的裂项技巧,题干壳材料归位（标题即方法卡）
math-kb-sequence-recursive-formula,2025-山西-三模-已知数列的通项公式为-则下列说法正确的是,数列的递推公式,题干壳材料归位（标题即方法卡）
math-period-two-symmetric-centers,2025-广东佛山-三模-已知数列满足-且是关于的方程的两个根,函数的奇偶性-周期性-对称性关系,题干壳材料归位（标题即方法卡）
math-divider-method-preconditions,2025-广东佛山-三模-已知数列满足-且是关于的方程的两个根,组合,题干壳材料归位（标题即方法卡）
math-hj-jixiaozhi-gainian-yicuo,2025-广东佛山-三模-已知数列满足-且是关于的方程的两个根,误解-导数为0-与-有极值-的关系致错,题干壳材料归位（标题即方法卡）
math-hj-zhixian-fangcheng-wuzhong,2025-广东佛山-三模-已知数列满足-且是关于的方程的两个根,直线的方程,题干壳材料归位（标题即方法卡）
math-hj-s81-line-forms,2025-广东佛山-三模-已知数列满足-且是关于的方程的两个根,直线的方程,题干壳材料归位（标题即方法卡）
math-hj-s83-circle-equation,2025-广东佛山-三模-已知数列满足-且是关于的方程的两个根,圆的方程,题干壳材料归位（标题即方法卡）
math-mo-sn-erci-bubidengcha,2025-云南昭通-模拟预测-已知数列是等差数列-且-数列的前项和为-且,由sn求an的步骤,题干壳材料归位（标题即方法卡）
math-fx-zhixian-fangcheng-wuzhong,2025-广东佛山-三模-已知数列满足-且是关于的方程的两个根,直线的方程,题干壳材料归位（标题即方法卡）
math-fx-yuan-qiexian-lianglei,2025-广东佛山-三模-已知数列满足-且是关于的方程的两个根,圆的方程,题干壳材料归位（标题即方法卡）
math-mo-fushu-fangcheng-qiugen,2025-广东佛山-三模-已知数列满足-且是关于的方程的两个根,复数的概念,题干壳材料归位（标题即方法卡）
chem-calcium-bicarbonate-naoh-model,已知nabh4与水反应的化学方程式为nabh4-2h2o-nabo2-4h2,与量有关的离子方程式书写技巧,代理判定·题干壳归位:材料标题为Ca(HCO3)2与NaOH反应的量比方程式模型，讲少量与过量两种配比下离子方程式的写法，属与量有关的离子方程
chem-sodium-bisulfate-barium-hydroxide-model,已知nabh4与水反应的化学方程式为nabh4-2h2o-nabo2-4h2,与量有关的离子方程式书写技巧,代理判定·题干壳归位:材料标题为NaHSO4与Ba(OH)2反应的量比方程式模型，讲至中性与SO42-沉淀完全两种配比，属与量有关的离子方程式
chem-chromite-alkali-roasting-equation,已知nabh4与水反应的化学方程式为nabh4-2h2o-nabo2-4h2,陌生化学方程式书写的思路,代理判定·题干壳归位:材料标题为铬铁矿碱性氧化焙烧方程式模型，据题给信息由化合价升降写出陌生氧化还原化学方程式
chem-kb-nox-water-oxygen-relations,已知nabh4与水反应的化学方程式为nabh4-2h2o-nabo2-4h2,氮的氧化物,代理判定·题干壳归位:材料标题为氮氧化物与水、氧气反应的计算关系式，讲NO与NO2跟O2和水的反应关系式及碱液吸收规律
chem-hj2-na2o2-yushui-gongyang-gongyang,已知nabh4与水反应的化学方程式为nabh4-2h2o-nabo2-4h2,na2o2的性质及应用,代理判定·题干壳归位:材料标题为Na2O2与水反应及供氧剂用途，讲Na2O2与水的歧化反应与呼吸面具供氧用途
chem-fx-bian-shi-xun-lian-bian-kao-fa-fen-zi-s-f03x11,已知nabh4与水反应的化学方程式为nabh4-2h2o-nabo2-4h2,判断同分异构体数目的常用方法和思路,代理判定·题干壳归位:材料为分子式为C4H9Cl的链状有机物限定条件下同分异构体数目，该节点正文正以丁基4种与C4H9Cl为例讲计数方法
chem-fx-yi-zhi-yu-shui-fan-ying-de-hua-xue-fan-f10x08,已知nabh4与水反应的化学方程式为nabh4-2h2o-nabo2-4h2,电子转移,代理判定·题干壳归位:材料仅给出NaBH4与2H2O生成NaBO2与4H2的氧化还原方程式，考查H由-1价与+1价归中为0价的电子转移分析
chem-fx-yu-shui-fan-ying-f12x01,已知nabh4与水反应的化学方程式为nabh4-2h2o-nabo2-4h2,钠与水及酸-碱-盐溶液的反应,代理判定·题干壳归位:材料内容为Na与水反应的离子方程式2Na+2H2O=2Na+与2OH-与H2及酚酞现象，源出第09讲钠及其氧化物
chem-fx-fen-bie-xie-chu-nong-yu-fan-ying-de-hu-f23x03,已知nabh4与水反应的化学方程式为nabh4-2h2o-nabo2-4h2,浓硫酸与金属的反应规律,代理判定·题干壳归位:材料要求写出浓H2SO4与Cu和C反应的化学方程式，该节点涵盖浓硫酸与Cu等不活泼金属及与非金属的反应规律
chem-fx-nong-xiao-suan-yu-tong-fan-ying-de-hua-f25x09,已知nabh4与水反应的化学方程式为nabh4-2h2o-nabo2-4h2,硝酸与金属反应的规律,代理判定·题干壳归位:材料给出浓硝酸与铜反应的化学方程式Cu加4HNO3浓生成Cu(NO3)2与2NO2与2H2O，属硝酸与金属反应规律
chem-fx-yu-shui-fan-ying-shi-f46x09,已知nabh4与水反应的化学方程式为nabh4-2h2o-nabo2-4h2,影响化学反应速率的因素,代理判定·题干壳归位:材料为Na与水反应时增大水的用量的速率辨析，属影响化学反应速率的因素
chem-fx-tian-ran-qi-yu-shui-zheng-qi-fan-ying-f59x08,已知nabh4与水反应的化学方程式为nabh4-2h2o-nabo2-4h2,天然气的综合利用,代理判定·题干壳归位:材料给出天然气与水蒸气反应制取H2的化学方程式，该节点正文即含此方程式
chem-gas-purification-saturated-salt-solution,某同学用na2co3和nahco3溶液进行如图所示实验-下列说法不正确的是,分离提纯,代理判定·题干壳归位:材料为饱和盐溶液洗气除杂模型，讲CO2中混HCl用饱和NaHCO3溶液吸收的净化方法，属气体的分离提纯
chem-dichromate-equilibrium-color,某同学用na2co3和nahco3溶液进行如图所示实验-下列说法不正确的是,外界条件对化学平衡的影响,代理判定·题干壳归位:材料为K2Cr2O7溶液滴加NaOH变黄再加硫酸变回橙色的实验，该节点正文即以Cr2O7与CrO4的转化讲条件对平衡的影
chem-hj-so2-yubacl2-chenqu,某同学用na2co3和nahco3溶液进行如图所示实验-下列说法不正确的是,二氧化硫,代理判定·题干壳归位:材料讲SO2通入BaCl2无沉淀而通Ba(NO3)2或碱性溶液生成沉淀，属SO2的性质与沉淀判断
chem-hj-shigu-chuli-yu-anquan,某同学用na2co3和nahco3溶液进行如图所示实验-下列说法不正确的是,实验方案设计,代理判定·题干壳归位:材料讲浓硫酸灼伤与酒精着火与水银洒落等事故处理及安全七防，包内无事故处理专节点，其边界自述实验设计遵循安全性原则故归入实
chem-fx-fen-bie-qu-ta-de-shui-rong-ye-liang-fe-f09x17,某同学用na2co3和nahco3溶液进行如图所示实验-下列说法不正确的是,常见阳离子的检验与推断依据,代理判定·题干壳归位:材料为取水溶液两份分别加盐酸产生气泡与颜色变化的推断实验，属依据气体与特殊颜色检验推断离子
chem-fx-shi-yan-f19x05,某同学用na2co3和nahco3溶液进行如图所示实验-下列说法不正确的是,氯水的成分,代理判定·题干壳归位:材料为淀粉-KI溶液与FeCl2溶液分别滴加氯水的实验现象，考查氯水中微粒的性质
chem-fx-rong-ye-zhong-cun-zai-f76x33,某同学用na2co3和nahco3溶液进行如图所示实验-下列说法不正确的是,电荷守恒在离子推断中的应用,代理判定·题干壳归位:材料给出五种离子浓度均为0.01 mol/L并据实验推断种类，需用电荷守恒判断未知离子是否存在
chem-kb-electrode-discharge-order,某兴趣小组利用电解装置-探究-铁作阳极-时发生反应的多样性-实验过程如图,电解原理易错点,代理判定·题干壳归位:材料讲电解时两极放电顺序与活性电极，该节点正文含最常用放电顺序阳极Cl-大于OH-与阴极Ag+大于Cu2+大于H+及活性
chem-hj-f096-dianjie-cucl2-moxing,某兴趣小组利用电解装置-探究-铁作阳极-时发生反应的多样性-实验过程如图,电解池工作原理-以电解cucl2溶液为例,代理判定·题干壳归位:材料标题为惰性电极电解氯化铜溶液模型，与节点名电解池工作原理(以电解CuCl2溶液为例)完全对应
chem-hj2-qiti-fasheng-zhuangzhi-sanlei,某兴趣小组利用电解装置-探究-铁作阳极-时发生反应的多样性-实验过程如图,气体制备,代理判定·题干壳归位:材料标题为三类气体发生装置及适用气体，讲固固加热与固液加热与固液不加热三类发生装置，属气体制备装置
chem-fx-li-yong-dian-jie-shi-yan-ke-yi-zhi-de-f15x07,某兴趣小组利用电解装置-探究-铁作阳极-时发生反应的多样性-实验过程如图,fe-oh-2的制备,代理判定·题干壳归位:材料为电解法制得纯净Fe(OH)2白色沉淀的装置，属Fe(OH)2的制备要点
chem-fx-mou-ke-wai-xing-qu-xiao-zu-yu-tan-jiu-f28x15,某兴趣小组利用电解装置-探究-铁作阳极-时发生反应的多样性-实验过程如图,弱电解质的电离平衡,代理判定·题干壳归位:材料探究温度对H2O2电离平衡的影响并用pH计测电离是否吸热，属弱电解质电离平衡及其影响因素
chem-fx-li-yong-jian-neng-ji-suan-fan-ying-re-f38x02,某兴趣小组利用电解装置-探究-铁作阳极-时发生反应的多样性-实验过程如图,键能,代理判定·题干壳归位:材料讲利用键能计算反应热时要注意化学键的个数如1 mol NH3含3 mol N-H键，属键能
chem-fx-neng-yu-za-zhi-fa-sheng-fan-ying-sheng-f69x03,某兴趣小组利用电解装置-探究-铁作阳极-时发生反应的多样性-实验过程如图,分离提纯,代理判定·题干壳归位:材料讲能与杂质反应生成沉淀或可溶物的物质可作吸收剂，属除去杂质气体的分离提纯
chem-feoh2-oxidation-color-change,用如图所示装置-夹持仪器省略-制备氢氧化亚铁,铁的氢氧化物的稳定性,代理判定·题干壳归位:材料讲Fe(OH)2白色沉淀在空气中先变灰绿后变红褐及其被氧气氧化的方程式，该节点正文即讲Fe(OH)2易被氧气氧化
chem-kb-feoh2-preparation-methods,用如图所示装置-夹持仪器省略-制备氢氧化亚铁,fe-oh-2的制备,代理判定·题干壳归位:材料标题为Fe(OH)2的制备要点，讲有机覆盖层法与还原性气体保护法与电解法隔绝氧气
chem-hj2-fe-oh2-zhibei-geyang,用如图所示装置-夹持仪器省略-制备氢氧化亚铁,fe-oh-2的制备,代理判定·题干壳归位:材料标题为防Fe(OH)2被氧化的制备要点，讲煮沸除氧与滴管插入液面下与加有机层覆盖与充保护气等制备关键
chem-fx-chang-jian-qi-ti-dian-xing-zhi-bei-zhu-f28x03,用如图所示装置-夹持仪器省略-制备氢氧化亚铁,气体制备,代理判定·题干壳归位:材料标题为常见气体典型制备装置举例，含Cl2与SO2的实验室制备装置
chem-manganese-dioxide-oxidizes-sulfite,完成下列反应的离子方程式,陌生情景下化学方程式书写技巧,代理判定·题干壳归位:材料为MnO2与SO32-在酸性条件下生成Mn2+与SO42-的离子方程式模型，该节点正文即讲陌生情景下氧化还原离子方程
chem-hj-lvre-fanying-caozuo-yaodian,完成下列反应的离子方程式,铝的化学性质,代理判定·题干壳归位:材料讲铝热反应的纸漏斗剪孔与蒸发皿盛沙与镁条氯酸钾引燃等操作要点，属铝的化学性质中的铝热反应
chem-fx-dai-fan-ying-wan-cheng-hou-f69x16,完成下列反应的离子方程式,重结晶,代理判定·题干壳归位:材料讲加乙醇析出固体与加热溶解与脱色与趁热过滤与冰水浴冷却与过滤洗涤干燥，属重结晶操作
chem-hj-zifa-guocheng-zifafanying,某反应的反应过程与能量关系如图所示,自发反应,代理判定·题干壳归位:材料标题为自发过程与自发反应，讲自发过程趋向能量降低与混乱度增大及自发反应一经引发即自动进行
chem-hj-hanpanju-fanying-fangxiang,某反应的反应过程与能量关系如图所示,判断化学反应的自发性,代理判定·题干壳归位:材料标题为焓判据与反应方向，讲多数放热反应自发而有些吸热反应也能自发，属自发性的判断
chem-hj2-zifaguo-zifa-fanying,某反应的反应过程与能量关系如图所示,自发反应,代理判定·题干壳归位:材料标题为自发过程与自发反应的概念及特点，讲自发性与方向性及逆方向不能自发
chem-hj-rongjie-quxian-c-c-tu,在不同温度下的沉淀溶解平衡曲线如图所示-下列说法不正确的是,解沉淀溶解平衡图像题的三步骤,代理判定·题干壳归位:材料讲沉淀溶解平衡曲线c-c图像的分析，含曲线上Q等于Ksp与上方过饱和与下方不饱和，该节点正文即此三步分析法
chem-hj-chendian-diding-quxian,在不同温度下的沉淀溶解平衡曲线如图所示-下列说法不正确的是,沉淀滴定法,代理判定·题干壳归位:材料讲以滴加溶液体积为横坐标的沉淀滴定曲线与突跃点恰好完全反应并由数据计算Ksp，属沉淀滴定法
chem-fx-chen-dian-rong-jie-ping-heng-yi-dong-z-f55x01,在不同温度下的沉淀溶解平衡曲线如图所示-下列说法不正确的是,影响沉淀溶解平衡的因素,代理判定·题干壳归位:材料以BaSO4在不同条件下沉淀溶解平衡为例讲平衡移动中离子浓度关系曲线，属影响沉淀溶解平衡的因素
chem-activation-energy-definition,下列合成高分子化合物的反应及类型均正确的是,活化能,代理判定·题干壳归位:材料标题为活化能即过渡态与反应物的能量差，给出活化能与能垒的定义
chem-hj-lizi-huahewu-huaxueshi-hanyi,下列合成高分子化合物的反应及类型均正确的是,化学键与物质类别的关系,代理判定·题干壳归位:材料讲离子化合物化学式只表示离子最简整数比并辨析NH4Cl与AlCl3与NaOH与Na2O2等类别，该节点正文即含这些实
chem-hj2-cl2-yu-huanyuanxing-hewu,下列合成高分子化合物的反应及类型均正确的是,氯气,代理判定·题干壳归位:材料讲Cl2把Fe2+氧化为Fe3+与把Br-与I-氧化出单质以及与SO2水溶液反应，属氯气的氧化性
chem-fx-jie-gou-jian-shi-f03x01,柠檬酸是一种重要的有机酸-存在于柠檬-柑橘-菠萝等水果中-其结构简式如图所示,有机物的结构特点,代理判定·题干壳归位:材料讲结构复杂分子用结构简式或键线式表示更方便，属有机物的结构特点与表示方法
chem-fx-shi-yi-zhong-zhong-yao-de-sha-jun-xiao-f11x07,柠檬酸是一种重要的有机酸-存在于柠檬-柑橘-菠萝等水果中-其结构简式如图所示,陌生化学方程式书写的思路,代理判定·题干壳归位:材料为NaClO2杀菌消毒剂生产工艺流程图，属据题给信息书写陌生化学方程式
chem-fx-mou-cui-hua-zhuan-hua-guo-cheng-ru-tu-f11x09,1-某催化转化过程如图所示,陌生情景下化学方程式书写技巧,代理判定·题干壳归位:材料据Ni2O3与ClO-转化为2NiO2与Cl-等催化转化过程书写离子方程式，属陌生情景下氧化还原离子方程式书写技巧
chem-fx-dui-shang-shu-dian-chi-fang-dian-shi-d-f40x07,1-某催化转化过程如图所示,新型化学电源,代理判定·题干壳归位:材料研究电池放电时电极上的捕获与转化路径及相对能量变化，属新型化学电源装置分析
chem-crystal-melting-general-order,下列分子晶体中-关于熔-沸点高低的叙述正确的是,晶体熔-沸点高低的比较方法,代理判定·题干壳归位:材料讲不同类型晶体熔沸点高低的一般规律即共价晶体大于离子晶体大于分子晶体，该节点正文即讲不同类型晶体的熔沸点比较
chem-hj2-ludaiting-rouli-xingzhi-guilv,下列分子晶体中-关于熔-沸点高低的叙述正确的是,卤代烃的物理性质,代理判定·题干壳归位:材料讲卤代烃的状态与溶解性与沸点规律如沸点随相对分子质量增大而升高且高于相应烃，即卤代烃的物理性质
chem-fx-yin-fa-pen-quan-de-ji-zhong-fang-fa-f26x05,c-o-na-al-si-s-cl是常见的几种元素-请回答下列问题,形成喷泉的原理,代理判定·题干壳归位:材料列举使气体迅速溶解与降温减压与增大液面气压三种引发喷泉的方法，本质都是制造压强差即形成喷泉的原理
chem-fx-you-ke-xue-yan-jiu-ti-chu-f13x14,含铁化合物的应用研究是科学研究的前沿之一-回答下列问题,碱金属的一般性与特殊性,代理判定·题干壳归位:材料为锂电池负极Li生成LiH并用重水D2O反应测定的探究，涉及锂的特殊性与碱金属氢化物，属碱金属的一般性与特殊性
chem-hj-zhi-ranshao-dingliang-guilv,对于以下反应-从反应开始进行到达到平衡后-保持温度-体积不变-按要求回答下列问题,烃类的燃烧规律,代理判定·题干壳归位:材料讲气态烃燃烧体积变化只与y有关与等质量耗氧看氢质量分数与等物质的量看x加y/4，即烃类的燃烧规律
chem-fx-liang-qu-yi-ding-liang-de-nong-liu-sua-f05x08,2024-湖南卷-恒压下-向某密闭容器中充入一定量的和-发生如下反应,溶液的配制步骤,代理判定·题干壳归位:材料讲量取一定量浓硫酸与稀释与转移定容得待测液并移取滴定，属一定物质的量浓度溶液的配制步骤
chem-lithium-battery-primary-secondary,碳酸亚乙烯酯是锂离子电池低温电解液的重要添加剂-其分子结构如图,二次电池,代理判定·题干壳归位:材料区分锂电池属一次电池与锂离子电池为可充放电的二次电池且须用非水电解质，属二次电池
chem-fx-san-zhong-wu-zhi-zai-qi-ta-you-ji-rong-f21x05,丙酮-是最简单的酮-常用作有机溶剂-关于丙酮的说法正确的是,萃取,代理判定·题干壳归位:材料讲三种物质在汽油与苯等有机溶剂中与在CCl4中颜色差别不大，属萃取时有机层颜色的判断
chem-hj-feoh2-zhibei-zhuangzhi-chuangxin,如图所示是检验某无色气体a是so2和co2的混合气体的装置-按要求回答下列问题,fe-oh-2的制备,代理判定·题干壳归位:材料标题即“Fe(OH)2 制备的装置设计与成功关键”并讲隔绝氧气制备Fe(OH)2的装置措施，与节点“Fe(OH)2的
chem-hj-co-co2-chuzha-fangfa,如图所示是检验某无色气体a是so2和co2的混合气体的装置-按要求回答下列问题,气体制备,代理判定·题干壳归位:材料归纳CO与CO2混合气体的除杂方法（NaOH吸收CO2、灼热CuO转化CO），属气体制备流程中的净化除杂环节。
chem-hj2-qiti-rongjie-xishou-fangdaoxi,如图所示是检验某无色气体a是so2和co2的混合气体的装置-按要求回答下列问题,吸收氨气-或hcl-时要注意防止倒吸,代理判定·题干壳归位:材料讲气体的溶解吸收与防倒吸原则（极易溶的NH3与HCl须用倒扣漏斗和干燥管等防倒吸装置），与节点给出的防倒吸装置内容一
chem-fx-you-yu-zu-cheng-de-hun-he-qi-ti-zai-cu-f06x12,如图所示是检验某无色气体a是so2和co2的混合气体的装置-按要求回答下列问题,平衡常数的综合计算,代理判定·题干壳归位:材料为“NO与NH3混合气体在催化剂作用下达平衡时气体体积由16 mL变为17.5 mL”的平衡计算片段，需用三段式法作
chem-fx-jiang-sheng-you-he-de-hun-he-qi-ti-de-f25x14,如图所示是检验某无色气体a是so2和co2的混合气体的装置-按要求回答下列问题,氮的氧化物,代理判定·题干壳归位:材料为“12 mL NO2和O2的混合气体量筒倒立水槽中剩余2 mL”的氮氧化物溶于水计算，属氮的氧化物性质与计算。
chem-fx-zhong-yao-qi-ti-de-fa-sheng-zhuang-zhi-f28x01,如图所示是检验某无色气体a是so2和co2的混合气体的装置-按要求回答下列问题,气体制备,代理判定·题干壳归位:材料为“重要气体的发生装置”，属气体制备中的发生装置知识。
chem-fx-ping-heng-shi-hun-he-qi-ti-de-ping-jun-f44x05,如图所示是检验某无色气体a是so2和co2的混合气体的装置-按要求回答下列问题,平衡常数的综合计算,代理判定·题干壳归位:材料为平衡常数计算题中“平衡时混合气体的平均摩尔质量”的填空点拨，需先按三段式法求平衡组成再计算。
chem-fx-hun-he-qi-ti-de-zong-ya-deng-yu-xiang-f44x06,如图所示是检验某无色气体a是so2和co2的混合气体的装置-按要求回答下列问题,压强平衡常数,代理判定·题干壳归位:材料给出“混合气体的总压等于各组分气体的分压之和”的分压关系，是压强平衡常数Kp计算的基础。
chem-fx-ke-yong-yu-ding-liang-ce-ding-qi-ti-de-f66x02,如图所示是检验某无色气体a是so2和co2的混合气体的装置-按要求回答下列问题,实验方案设计,代理判定·题干壳归位:材料讲仪器组合“可用于定量测定气体的质量”，属以定量测定气体为主的综合实验方案设计。
chem-fx-qi-ti-de-jing-hua-f69x01,如图所示是检验某无色气体a是so2和co2的混合气体的装置-按要求回答下列问题,气体制备,代理判定·题干壳归位:材料讲“气体的净化”的设计原则与吸收剂选择，属气体制备中的净化环节。
chem-fx-kong-zhi-qi-ti-de-liu-su-ji-yong-liang-f69x05,如图所示是检验某无色气体a是so2和co2的混合气体的装置-按要求回答下列问题,气体制备,代理判定·题干壳归位:材料讲“控制气体的流速及用量”，属气体制备装置的操作要求。
chem-iron3-ion-detection-three-methods,下列离子在未知溶液中的检验方法正确的是,fe2-fe3-的检验方法,代理判定·题干壳归位:材料讲Fe3+的三种特征检验（KSCN显血红色、苯酚显紫色、K4[Fe(CN)6]蓝色沉淀），属节点中Fe3+的检验内容
chem-iron3-detection,下列离子在未知溶液中的检验方法正确的是,fe2-fe3-的检验方法,代理判定·题干壳归位:材料讲Fe3+的检验方法（滴加KSCN溶液变红且产物是可溶配合物而非沉淀），属节点中Fe3+的检验内容。
chem-iron2-detection,下列离子在未知溶液中的检验方法正确的是,fe2-fe3-的检验方法,代理判定·题干壳归位:材料讲Fe2+的检验方法及注意事项（先加KSCN不变色再加氯水变红、加K3[Fe(CN)6]生成蓝色沉淀），属节点中Fe
chem-chloride-detection,下列离子在未知溶液中的检验方法正确的是,氯离子检验,代理判定·题干壳归位:材料讲Cl-的检验方法（硝酸酸化后加AgNO3生成不溶于酸的白色沉淀），与节点“氯离子检验”一致。
chem-sulfate-detection,下列离子在未知溶液中的检验方法正确的是,常见阴离子的检验与推断依据,代理判定·题干壳归位:材料讲SO42-的检验方法（先加稀盐酸无沉淀再加BaCl2生成白色沉淀），属节点“常见阴离子的检验与推断依据”（别名即“
chem-carbonate-detection,下列离子在未知溶液中的检验方法正确的是,常见阴离子的检验与推断依据,代理判定·题干壳归位:材料讲CO32-的检验方法（先加CaCl2生成白色沉淀再加盐酸放出使石灰水变浑浊的气体），属常见阴离子的检验方法。
chem-hj-lizi-jianyan-ganrao,下列离子在未知溶液中的检验方法正确的是,物质检验,代理判定·题干壳归位:材料总结SO42-、CO32-、Fe2+检验与焰色试验中其他离子干扰造成的错误结论，属物质检验（离子检验）的一般要点。
chem-hj2-wen-youdu-qiti-fangfa,下列离子在未知溶液中的检验方法正确的是,药品取用,代理判定·题干壳归位:材料讲闻有毒气体气味的正确方法（瓶口轻轻扇动使极少量气体飘进鼻孔），属实验基本操作与药品取用安全规范。
chem-kb-electroplating-and-copper-refining,粗铜的电解精炼示意图如图所示,电解原理应用的四点注意事项,代理判定·题干壳归位:材料讲电镀与电解精炼铜（镀层金属作阳极、粗铜作阳极纯铜作阴极、镀液浓度不变而精炼时Cu2+浓度减小），与节点中“电解精炼
chem-hj2-diandu-tong-dianjing-tong,粗铜的电解精炼示意图如图所示,电解原理应用的四点注意事项,代理判定·题干壳归位:材料讲电镀铜与电解精炼铜的电极设置（粗铜作阳极、纯铜作阴极、Ag与Au沉积为阳极泥），对应节点中“电解精炼铜”要点。
chem-hj2-diandu-dianjing-yuanyili,粗铜的电解精炼示意图如图所示,电解原理应用的四点注意事项,代理判定·题干壳归位:材料讲电镀与电解精炼的电极设置与规律（一多一少一不变、两不等），对应节点中“电镀时”和“电解精炼铜”要点。
chem-fx-cu-tong-zhong-tong-de-han-liang-wei-f17x03,粗铜的电解精炼示意图如图所示,电解原理应用的四点注意事项,代理判定·题干壳归位:材料讲粗铜含铜99.5%～99.7%并经电解精炼得到99.95%～99.98%的精铜，属电解精炼铜知识。
chem-fx-dian-du-dian-jie-jing-lian-tong-f41x08,粗铜的电解精炼示意图如图所示,电解原理应用的四点注意事项,代理判定·题干壳归位:材料讲电镀的概念与目的（镀层金属作阳极、待镀件作阴极、镀液浓度不变），属电解原理应用中的电镀。
chem-fx-dian-jie-jing-lian-tong-f41x11,粗铜的电解精炼示意图如图所示,电解原理应用的四点注意事项,代理判定·题干壳归位:材料讲电解精炼铜（Zn与Fe与Ni溶解、阳极泥沉积、Cu2+浓度减小）和电镀（镀液浓度不变），与节点该两条要点逐句对应。
chem-fx-yi-zhi-rong-du-ji-rong-ye-zhong-mou-li-f54x06,已知某100-ml溶液中含有的部分离子的浓度大小如表所示,沉淀溶解平衡体系中相关计算方法,代理判定·题干壳归位:材料讲“已知溶度积、溶液中某离子的浓度求另一种离子浓度”（在0.1 mol/L NaCl溶液中加入过量AgCl固体后算c
chem-fx-mou-rong-ye-zhong-han-you-ru-biao-suo-f76x27,已知某100-ml溶液中含有的部分离子的浓度大小如表所示,电荷守恒在离子推断中的应用,代理判定·题干壳归位:材料为“某溶液Q含有如表所示离子中的5种且浓度均为0.5 mol/L”的离子推断题，需用电荷守恒推断离子存在。
chem-fx-mou-wu-se-rong-ye-zhong-han-you-f76x30,已知某100-ml溶液中含有的部分离子的浓度大小如表所示,电荷守恒在离子推断中的应用,代理判定·题干壳归位:材料为“某无色溶液中含有Na+、Ag+、Ba2+、Al3+等若干种”的离子推断题，依据实验现象与电荷守恒推断。
chem-fx-xian-qu-san-fen-gai-rong-ye-ge-f76x36,已知某100-ml溶液中含有的部分离子的浓度大小如表所示,电荷守恒在离子推断中的应用,代理判定·题干壳归位:材料为取三份该溶液分别加AgNO3、NaOH浓溶液共热、BaCl2的实验现象推断离子，属离子推断。
chem-hj2-na-yu-yangqi-tiaojian-chanwu,已知反应-4co-2no2n2-4co2在不同条件下的化学反应速率如下,过氧化钠的性质与探究,代理判定·题干壳归位:材料讲钠与氧气反应产物随条件变化（常温生成白色Na2O、点燃生成淡黄色Na2O2且O为-1价），对应节点别称“氧化钠与过
chem-fx-qi-zhong-wei-fan-ying-wu-f03x17,已知反应-4co-2no2n2-4co2在不同条件下的化学反应速率如下,取代反应,代理判定·题干壳归位:材料描述CH4与Cl2取代反应历程（·Cl与·CH3为自由基、生成HCl与CH3Cl），属取代反应的机理。
chem-fx-yi-zhi-he-f10x17,已知反应-4co-2no2n2-4co2在不同条件下的化学反应速率如下,氧化性-还原性强弱的比较,代理判定·题干壳归位:材料已知I-与Fe2+与SO2与Cl-与H2O2在酸性溶液中还原性的强弱顺序，属氧化性、还原性强弱的比较。
chem-fx-yu-de-fan-ying-f37x04,已知反应-4co-2no2n2-4co2在不同条件下的化学反应速率如下,吸热反应和放热反应,代理判定·题干壳归位:材料列举常见吸热反应（Ba(OH)2·8H2O与NH4Cl）与常见放热反应（中和、燃烧、铝热等），对应节点别称“常见放热
chem-kb-neutralization-heat-measurement,关于中和反应反应热的测定实验-请回答下列问题,中和热测定注意事项,代理判定·题干壳归位:材料讲中和热测定要点（碱稍过量保证酸完全中和、碎泡沫塑料保温、用环形玻璃搅拌棒、按Q＝cmΔt计算），与节点内容一致。
chem-hj-zhonghe-re-ceding,关于中和反应反应热的测定实验-请回答下列问题,中和热测定注意事项,代理判定·题干壳归位:材料讲中和反应反应热的测定（量热计测温差、生成1 mol水放热57.3 kJ、迅速倒碱并加盖、舍去偏差大的数据），属中和
chem-fx-ce-ding-shi-yan-zhong-yao-you-bei-ce-l-f70x09,关于中和反应反应热的测定实验-请回答下列问题,实验方案设计,代理判定·题干壳归位:材料讲测定实验中“被测量气体全部被测量”的意识与数据采集处理意识，属以物质含量测定为主的综合实验方案设计。
chem-kb-ion-electron-count-relations,写出下列原子-或离子-核外电子排布的表示方法,原子结构中微粒的关系及计算,代理判定·题干壳归位:材料讲阳离子核外电子数＝质子数－电荷数、阴离子核外电子数＝质子数＋电荷数，与节点“原子结构中微粒的关系及计算”内容一致。
chem-hj-dianzi-buxiashui-lizi-bushangan,写出下列原子-或离子-核外电子排布的表示方法,原电池工作原理易错知识-10-点,代理判定·题干壳归位:材料讲原电池内外电路的导电规律（电子只能在导线中流动、离子只能在电解质中移动），对应节点“电子均不能通过电解质溶液”等要
chem-mo-yuanzi-jiegou-biaoshifangfa,写出下列原子-或离子-核外电子排布的表示方法,基态原子核外电子排布的表示方法,代理判定·题干壳归位:材料讲原子（离子）结构的表示方法（核素符号、符号周围数字含义、结构示意图的分层电子排布），属核外电子排布的表示方法。
chem-hj-tiao-ph-fenli-jinshu-lizi,下列有关离子的鉴别方法不正确的是,沉淀溶解平衡的应用,代理判定·题干壳归位:材料讲调节pH使金属离子形成氢氧化物分步沉淀而分离（Fe2+先氧化为Fe3+再调pH至3.7～8.3），属沉淀溶解平衡的
chem-hj-zhi-jianbie-chuzha-chayi,下列有关离子的鉴别方法不正确的是,烯烃的化学性质,代理判定·题干壳归位:材料讲烯烃与炔烃使溴水和酸性KMnO4褪色、除乙烷中乙烯用溴水洗气，属烯烃的加成与氧化性质。
chem-hj-fangchengshi-jisuan-liucheng,根据以下热化学方程式-δh1和δh2的大小比较错误的是,n-的关系应用,代理判定·题干壳归位:材料讲化学方程式计算的规范步骤（计量数之比等于物质的量之比、审设写标列解答），核心是n与M、V、c关系的应用。
chem-hj2-fangchengshi-jisuan-shaoliang-guoliang,根据以下热化学方程式-δh1和δh2的大小比较错误的是,审题抓关键条件-状态-温度-压强,代理判定·题干壳归位:材料强调化学方程式计算的规范与过量判断（不纯物须换算、气体体积必须注明是否标准状况），属审题抓关键条件与陷阱。
chem-co2-hydrogenation-reactions,2025-北京昌平-二模-催化加氢直接合成二甲醚过程中有以下2个反应,外界条件对化学平衡的影响,代理判定·题干壳归位:材料给出CO2加氢三个主反应及其热效应（甲醇化与甲烷化放热、逆水煤气变换吸热），说明低温利于放热反应而高温利于吸热反应。
chem-fx-bei-jing-f25x13,2025-北京昌平-二模-催化加氢直接合成二甲醚过程中有以下2个反应,分离提纯,代理判定·题干壳归位:材料讲用MOFs多孔材料固定N2O4以实现NO2与N2O4分离并制备HNO3，属物质分离提纯的方案选择。
chem-fx-qi-ti-rong-yu-shui-f05x03,常温下-过量固体溶于水的ph随时间变化的关系如图所示,有关物质的量浓度的计算,代理判定·题干壳归位:材料讲“气体溶于水，计算物质的量浓度的一般思路”，对应节点别称“气体溶于水后溶液浓度的计算”。
chem-fx-yi-rong-yu-shui-de-qi-ti-za-zhi-ke-yon-f69x02,常温下-过量固体溶于水的ph随时间变化的关系如图所示,气体制备,代理判定·题干壳归位:材料讲气体杂质吸收剂的选择（易溶于水的气体用水、酸性杂质用碱性物质、水用干燥剂），属气体制备中的净化。
chem-fx-xing-zhi-wu-li-xing-zhi-bu-tong-hua-xu-f07x01,通过对比物理变化和化学变化的不同-回答下列问题,物理变化与化学变化的两种判断方法,代理判定·题干壳归位:材料讲同素异形体物理性质不同而化学性质有差异且相互转化是化学变化，属物理变化与化学变化的判断。
chem-hj-ganzaoji-xuanze-duizhao,硅单质及其化合物应用范围很广-请回答下列问题,气体制备,代理判定·题干壳归位:材料讲常见干燥剂（浓硫酸、无水氯化钙、碱石灰）的适用范围与干燥装置，属气体制备中的净化干燥环节。
chem-hj-ranshaore-gainian,写出下列燃烧元素对应的稳定产物及状态,燃烧热,代理判定·题干壳归位:材料讲燃烧热的概念与指定产物（C→CO2(g)、H→H2O(l)、S→SO2(g)、N→N2(g)），与节点“燃烧热”一
chem-fx-li-li-zi-dian-chi-de-zheng-ji-cai-liao-f40x02,已知锂电池的正极反应物和产物-写出其正极反应,二次电池,代理判定·题干壳归位:材料讲锂离子电池的正极材料（LiFePO4、LiCoO2、LiMn2O4），对应节点别称“锂离子二次电池”。
chem-fx-you-kong-qi-mu-tan-shui-zheng-qi-zhi-q-f06x05,2025-江苏卷-甘油水蒸气重整获得过程中的主要反应,n-的关系应用,代理判定·题干壳归位:材料用元素守恒与关系式法（3C～4NH3）计算由空气、木炭、水蒸气制NH3，对应节点别称“关系式法解题的关键是建立关系式
chem-hj-peizhi-rongye-zhuyi,常温下-用溶液滴定溶液过程中的变化如下图所示-下列说法错误的是,溶液的配制步骤,代理判定·题干壳归位:材料讲溶液配制中的数据与规格要求（称量保留一位小数、容量瓶须注明规格、洗涤2～3次、近刻度改用胶头滴管），属溶液的配制步
chem-fx-wei-sheng-wu-ran-liao-dian-chi-shi-yi-f40x03,有机物a是一种重要的化工原料-其结构简式如图所示,燃料电池,代理判定·题干壳归位:材料讲微生物燃料电池（有机物在负极室被微生物分解、质子经质子交换膜到正极、O2在正极得电子），属燃料电池。
chem-ammonia-catalytic-oxidation-and-nox,在酸性条件下-黄铁矿-fes2-其中s为-1价-催化氧化的反应转化如图所示,氨的化学性质,代理判定·题干壳归位:材料标题为NH3的催化氧化及其与NOx的归中反应；正文为4NH3+5O2催化氧化得NO及NH3脱硝，属氨的化学性质
chem-kb-sodium-oxygen-reactions,在酸性条件下-黄铁矿-fes2-其中s为-1价-催化氧化的反应转化如图所示,化学性质,代理判定·题干壳归位:材料讲钠与O2常温生成Na2O、加热（点燃）生成Na2O2及对应现象，属钠的化学性质
chem-hj-tie-yufeijinshu-fanying,在酸性条件下-黄铁矿-fes2-其中s为-1价-催化氧化的反应转化如图所示,铁的化学性质,代理判定·题干壳归位:材料讲铁与O2、Cl2、S、I2等非金属单质的反应及产物价态，属铁的化学性质
chem-hj2-chun-cuihuayang-guilv,在酸性条件下-黄铁矿-fes2-其中s为-1价-催化氧化的反应转化如图所示,醇的化学性质,代理判定·题干壳归位:材料标题为醇的催化氧化规律；正文按羟基所连碳上的氢原子数判断氧化产物，属醇的化学性质
chem-hj2-yichun-qiangyanghuaji-yanghua,在酸性条件下-黄铁矿-fes2-其中s为-1价-催化氧化的反应转化如图所示,醇的化学性质,代理判定·题干壳归位:材料讲乙醇被酸性KMnO4或酸性K2Cr2O7氧化为乙酸的现象与产物，属醇的氧化反应即醇的化学性质
chem-fx-liang-tong-bu-neng-zuo-fan-ying-qi-f05x04,在酸性条件下-黄铁矿-fes2-其中s为-1价-催化氧化的反应转化如图所示,常见仪器,代理判定·题干壳归位:材料标题为量筒；正文讲量筒不能作反应器、不能直接稀释浓溶液等使用规范，属常见仪器
chem-fx-qi-zhong-f43x09,在酸性条件下-黄铁矿-fes2-其中s为-1价-催化氧化的反应转化如图所示,浓度商与化学平衡常数的表达式,代理判定·题干壳归位:材料说明Kx是以平衡物质的量分数代替平衡浓度计算的平衡常数，属平衡常数的表达式（该节点已含Kp定义与表达式类材料）
chem-fx-te-bie-ti-xing-fen-zhi-zai-jian-xing-t-f61x08,在酸性条件下-黄铁矿-fes2-其中s为-1价-催化氧化的反应转化如图所示,酯和油脂的结构和性质,代理判定·题干壳归位:材料提醒酚酯在碱性条件下水解消耗NaOH的定量关系（1 mol消耗2 mol），属酯的水解即酯的结构和性质
chem-fx-fen-bie-xie-chu-gu-an-suan-zai-qiang-s-f62x13,在酸性条件下-黄铁矿-fes2-其中s为-1价-催化氧化的反应转化如图所示,氨基酸的结构与性质,代理判定·题干壳归位:材料要求写出谷氨酸在强酸或强碱条件下的存在形式并写出合成二肽的氨基酸结构，属氨基酸的两性与成肽
chem-fx-zhi-ji-shui-jie-fan-ying-suan-xing-tia-f64x07,在酸性条件下-黄铁矿-fes2-其中s为-1价-催化氧化的反应转化如图所示,酯和油脂的结构和性质,代理判定·题干壳归位:材料讲酯基在酸性条件下水解生成羧酸和醇、碱性条件下生成羧酸盐和醇，属酯的结构和性质
chem-kb-so2-co2-identification,以混有sio2的mgco3为原料制备氧化镁的实验流程如图,so2和co2的鉴别方法,代理判定·题干壳归位:材料标题为SO2与CO2的鉴别与共存检验；正文为品红鉴别SO2、酸性KMnO4除SO2、澄清石灰水检验CO2的流程，与节
chem-hj-so2-zhibei-fangfa,以混有sio2的mgco3为原料制备氧化镁的实验流程如图,二氧化硫,代理判定·题干壳归位:材料讲二氧化硫的实验室制备（Na2SO3与较浓H2SO4不加热、Cu与浓H2SO4加热），包内无SO2制备专节点故归入二
chem-hj-guisuan-guisuanna,以混有sio2的mgco3为原料制备氧化镁的实验流程如图,硅酸和硅酸盐,代理判定·题干壳归位:材料标题为硅酸与硅酸钠（水玻璃）；正文讲H2SiO3的弱酸性及硅酸钠的水玻璃用途，与节点名对应
chem-hj2-wujizhi-zhibei-silu,以混有sio2的mgco3为原料制备氧化镁的实验流程如图,实验方案设计,代理判定·题干壳归位:材料讲无机物制备实验的设计思路与核心考点（仪器试剂、装置与试剂作用、方案评价、装置连接顺序、分离提纯），属实验方案设计
chem-fx-yu-f07x09,以混有sio2的mgco3为原料制备氧化镁的实验流程如图,物质间转化的5个常见易错点,代理判定·题干壳归位:材料列举Al2O3、SiO2、Fe2O3与H2O不反应、Fe与Cl2不生成FeCl2、Fe与H+及S、I2不生成Fe3+
chem-fx-yang-hua-mei-rong-yu-xi-liu-suan-f08x16,以混有sio2的mgco3为原料制备氧化镁的实验流程如图,与量有关的离子方程式书写技巧,代理判定·题干壳归位:材料为离子方程式书写练习（含向AlCl3溶液中滴加过量氨水、向NaHSO3溶液中加入过量NaHSO4），以过量试剂控制产
chem-fx-xiao-suan-ke-yang-hua-f25x10,以混有sio2的mgco3为原料制备氧化镁的实验流程如图,硝酸,代理判定·题干壳归位:材料讲硝酸可氧化H2S、SO2、Na2SO3、HI、Fe2+等还原性物质及其离子方程式，属硝酸的强氧化性
chem-fx-de-rong-dian-bi-gao-f34x08,以混有sio2的mgco3为原料制备氧化镁的实验流程如图,晶体熔-沸点高低的比较方法,代理判定·题干壳归位:材料以SiO2是共价晶体而CO2是分子晶体解释SiO2熔点比CO2高，属晶体熔沸点高低的比较
chem-fx-yi-wei-zhu-yao-yuan-liao-f63x12,以混有sio2的mgco3为原料制备氧化镁的实验流程如图,常见有机合成路线,代理判定·题干壳归位:材料要求以CH2=CHCH2OH为主要原料设计CH2=CHCOOH的合成路线流程图，属有机合成路线的设计
chem-selenium-iodometric-equation,写出下列物质转化涉及的化学方程式,陌生化学方程式书写的思路,代理判定·题干壳归位:材料为亚硒酸根碘量法测定的方程式模型（SeO32-+4I-+4H+得Se与I2、再用Na2S2O3滴定），属陌生情境下方
chem-hj-f143-hanlv-zhuanhua-bibei-fangchengshi,写出下列物质转化涉及的化学方程式,氯气,代理判定·题干壳归位:材料汇总含氯物质转化的必背方程式组（电解饱和食盐水制氯气、实验室制Cl2、Cl2与H2O及碱、漂白粉），核心是氯气的制取
chem-fx-hua-xue-fang-cheng-shi-fa-f03x13,写出下列物质转化涉及的化学方程式,有机物分子分子式的确定,代理判定·题干壳归位:材料讲化学方程式法即利用有机反应中反应物与生成物之间量的关系求分子式，属有机物分子式的确定
chem-fx-gen-ju-wu-zhi-zhuan-hua-zhong-f40x04,写出下列物质转化涉及的化学方程式,判断原电池正-负极的方法,代理判定·题干壳归位:材料讲根据物质转化中元素化合价变化或离子移动（阳离子移向正极区域）判断电池正负极，与节点名对应
chem-fx-ruo-hua-xue-fang-cheng-shi-zhong-ge-wu-f43x08,写出下列物质转化涉及的化学方程式,化学平衡常数的影响因素,代理判定·题干壳归位:材料讲化学计量数变为n倍时平衡常数变为n次幂、两方程式相加时平衡常数为乘积，属平衡常数随方程式书写形式的变化规律
chem-hj-teshu-wuzhi-huajia-suchan,部分含铜物质的分类与相应铜元素的化合价关系如图所示-下列说法正确的是,化合价,代理判定·题干壳归位:材料为特殊物质中元素化合价速查（CH4、C2H2、FeS2、S2O32-、N2H4等），属化合价
chem-hj2-dengxiao-pingheng-silei,部分含铜物质的分类与相应铜元素的化合价关系如图所示-下列说法正确的是,等效平衡,代理判定·题干壳归位:材料标题为等效平衡的分类与判断；正文讲恒温恒容、恒温恒压下按比例投料与折算判断等效，与节点名对应
chem-fx-cong-wu-zhi-lei-bie-he-wu-zhi-suo-han-f16x01,部分含铜物质的分类与相应铜元素的化合价关系如图所示-下列说法正确的是,横向变化体现了同价态不同的类别-氧化物-碱-盐-物质之间的转化,代理判定·题干壳归位:材料从物质类别与核心元素化合价两个角度分析转化；正文(1)为横向变化体现同价态不同类别（氧化物、盐、碱）之间的转化，与节
chem-fx-pan-duan-yuan-su-de-hua-he-jia-f30x03,部分含铜物质的分类与相应铜元素的化合价关系如图所示-下列说法正确的是,电离能的三个重要应用,代理判定·题干壳归位:材料由In+1远大于In判断常见化合价为+n、由逐级电离能突变判断电子层，属电离能的应用
chem-fx-yi-zhi-yuan-su-de-dian-fu-xing-he-yuan-f30x10,部分含铜物质的分类与相应铜元素的化合价关系如图所示-下列说法正确的是,电负性的三个重要应用,代理判定·题干壳归位:材料给出14种元素的电负性数据并考查其应用（与化合价一样是元素的基本性质），属电负性的应用
chem-hj-youji-zhibei-caozuo-yaodian,实验室制备溴苯的反应装置如图所示-下列关于实验操作或叙述错误的是,实验探究乙酸乙酯的制备,代理判定·题干壳归位:材料以乙酸乙酯制备为例讲加料顺序、冷凝回流、温度计位置、防暴沸与产率等关键操作要点，属该制备实验的探究
chem-hj2-youji-zhibei-tongyong-guilv,实验室制备溴苯的反应装置如图所示-下列关于实验操作或叙述错误的是,溴苯和硝基苯的制取实验,代理判定·题干壳归位:材料为有机物制备的通用规律（冷凝回流、廉价反应物过量、控温、防暴沸、产率计算）；包内无更通用的有机制备节点，归入有机制取
chem-hj2-shiyan-shunxu-sanlei,实验室制备溴苯的反应装置如图所示-下列关于实验操作或叙述错误的是,气体制备,代理判定·题干壳归位:材料讲操作顺序、加热顺序与连接顺序（发生、除杂、干燥、收集、尾气处理及进出气口），属气体制备实验的装置连接与操作顺序
chem-fx-zhuang-zhi-xing-cheng-feng-bi-ti-xi-ca-f66x08,实验室制备溴苯的反应装置如图所示-下列关于实验操作或叙述错误的是,气体制备,代理判定·题干壳归位:材料讲装置形成封闭体系后用微热法、液差法检查气密性的关键词与现象，属气体制备装置的组装与检查操作
chem-butadiene-bromination-control,已知-①环己烯可以通过1-3-丁二烯与乙烯发生环化加成反应得到,烯烃的化学性质,代理判定·题干壳归位:材料讲1，3-丁二烯与Br2的1，2-加成与1，4-加成及低温动力学控制、高温热力学控制的产物差异，属烯烃（二烯烃）的化
chem-fx-yi-zhi-f54x16,已知-①环己烯可以通过1-3-丁二烯与乙烯发生环化加成反应得到,沉淀溶解平衡的应用,代理判定·题干壳归位:材料给出Ksp(AgCl)、Ksp(AgBr)、Ksp(Ag2CrO4)要求计算三种阴离子沉淀的先后顺序，属分步沉淀这一
chem-fx-er-xi-ting-de-jia-cheng-fan-ying-he-ji-f59x02,已知-①环己烯可以通过1-3-丁二烯与乙烯发生环化加成反应得到,烯烃的化学性质,代理判定·题干壳归位:材料标题为二烯烃的加成反应和加聚反应；正文给出加成与加聚的方程式模型，属烯烃的化学性质
chem-unit-cell-distance-relations,一种由cu-in-te组成的晶体属四方晶系-晶胞参数如图所示,晶胞,代理判定·题干壳归位:材料讲立方晶胞中顶点与棱心、面心与体心等微粒间距关系（a/2、√2a/2、√3a/2及金刚石C-C键长），属晶胞的参数与
chem-hj-jingbao-canshu-jihggs,一种由cu-in-te组成的晶体属四方晶系-晶胞参数如图所示,晶胞,代理判定·题干壳归位:材料讲晶胞参数3组棱长a、b、c与3组夹角及立方晶胞面对角线√2a、体对角线√3a与堆积半径关系
chem-fx-jing-bao-can-shu-f35x03,一种由cu-in-te组成的晶体属四方晶系-晶胞参数如图所示,晶胞,代理判定·题干壳归位:材料定义晶胞参数为晶胞形状大小的6个参数（3组棱长与3组夹角），属晶胞的构成描述
chem-hj-rongzhi-teshu-jiejing-shui,碘-紫黑色固体-微溶于水-及其化合物广泛用于医药-染料等方面-回答下列问题,物质的量浓度,代理判定·题干壳归位:材料讲溶质的几种特殊情况（Na、Na2O2溶于水溶质为NaOH、SO3溶于水为H2SO4、结晶水合物溶质为无水物），属物
chem-fx-shao-bei-yong-yu-rong-jie-gu-ti-huo-xi-f05x07,碘-紫黑色固体-微溶于水-及其化合物广泛用于医药-染料等方面-回答下列问题,常见仪器,代理判定·题干壳归位:材料标题为烧杯；正文讲烧杯用于溶解固体或稀释浓溶液并要求洗涤液转入容量瓶，属常见仪器的使用
chem-fx-yuan-zi-de-dian-zi-shi-wei-f80x07,写出下列物质的电子式,电子式的书写与判断,代理判定·题干壳归位:材料由C原子的电子式推出sp2杂化与成单电子参与形成大π键；包内无大π键节点，归入电子式的书写与判断
chem-fx-yuan-zi-de-dian-zi-shi-wei-f80x08,写出下列物质的电子式,电子式的书写与判断,代理判定·题干壳归位:材料由C、N原子的电子式推出sp2杂化与大π键（n=4×1+2=6）；包内无大π键节点，归入电子式的书写与判断
chem-fx-an-shi-qi-ta-han-an-hua-he-wu-de-sheng-f78x01,2025-湖北卷-化合物g是某药物的关键原料-合成路线如下,氨的化学性质,代理判定·题干壳归位:材料讲氨转化为其他含氮含氨物质（氨在氧气中燃烧、液氨溶液、遇水转化、溶于氨水得深蓝色溶液、氨解反应），属氨的化学性质
chem-hj-peiwieshu-gainian,某离子晶体的晶胞结构如图所示-x位于立方体的顶点-y位于立方体的中心,晶胞,代理判定·题干壳归位:材料讲简单立方6、面心立方12、体心立方8及NaCl中均为6的晶体与晶胞配位数含义和求法，属晶胞结构的分析
chem-hj2-sidazhong-jingti-rongbodian,某离子晶体的晶胞结构如图所示-x位于立方体的顶点-y位于立方体的中心,晶体熔-沸点高低的比较方法,代理判定·题干壳归位:材料比较四类晶体的构成微粒与熔沸点（共价晶体高于离子晶体高于金属晶体高于分子晶体），属熔沸点高低的比较方法
chem-activation-energy-rate-priority,下列指定反应的离子方程式正确的是,活化能,代理判定·题干壳归位:材料讲相同反应时间内活化能（能垒）低的反应速率更快、产物物质的量与选择性更高，属活化能对反应速率与选择性的影响
chem-fx-pei-he-wu-de-sheng-cheng-shi-yan-tan-j-f78x07,硅及其化合物的应用范围很广-下列说法正确的是,配合物,代理判定·题干壳归位:材料讲配合物的生成实验探究与应用（叶绿素、血红素、维生素B12等以Mg2+为中心离子），属配合物
chem-kb-cl2-hydrogen-reaction,如图是通过热化学循环在较低温度下由水或硫化氢分解制备氢气的反应系统原理,氯气,代理判定·题干壳归位:材料讲H2+Cl2=2HCl及点燃时安静燃烧苍白色火焰、光照爆炸的现象，属氯气的化学性质
chem-fx-zhi-han-yi-zhong-yuan-su-de-wu-zhi-bu-f07x02,含碳元素的物质是化学世界中最庞大的家族-请填写下列空格,对物质的元素组成的几个误区,代理判定·题干壳归位:材料为易错点：只含一种元素的物质不一定是纯净物（O2与O3、金刚石与石墨）、不同同位素构成的单质是纯净物，属元素组成认识
chem-hj-youji-fenli-tichun-fangfa,下列关于有机物的分离-提纯方法-正确的是,有机物的分离和提纯,代理判定·题干壳归位:材料讲有机物分离提纯的蒸馏、重结晶、萃取与分液方法及甲烷除乙烯、乙醇除水、苯酚除苯等常见组合
chem-fx-chang-jian-jing-ti-de-jie-gou-mo-xing-f34x06,有关晶体的结构如图所示-下列说法不正确的是,分子晶体,代理判定·题干壳归位:材料为常见晶体的结构模型；正文内容为典型分子晶体干冰和冰（每个CO2周围等距紧邻12个CO2），属分子晶体的结构模型
chem-fx-cha-liang-fa-jie-ti-de-guan-jian-shi-z-f01x02,2025-湖北卷-化合物g是某药物的关键原料-合成路线如下,差量法,差量法缺节点已建，材料归位
math-kb-necessary-sufficient-iff,重要不等式-当且仅当时取号,充要条件,"材料标题《充要条件》与目标节点同名，原挂「重要不等式：,（当且仅当时取号）.」；别名取证反查（audit_bindings_by_alias）逐条裁定"
math-kb-fractional-inequality-transform,含参一元二次不等式的解法,分式不等式的解法,材料标题《分式不等式的解法》与目标节点同名，原挂「含参一元二次不等式的解法」；别名取证反查（audit_bindings_by_alias）逐条裁定
math-hj-sanchuixian-dingli,向量共线定理,三垂线定理及其逆定理,材料标题《三垂线定理及其逆定理》与目标节点同名，原挂「向量共线定理」；别名取证反查（audit_bindings_by_alias）逐条裁定
math-hj-zhongshu-zhongweishu-pingjunshu,平均数与中位数,众数、中位数与平均数,材料标题《众数、中位数与平均数》与目标节点同名，原挂「平均数与中位数」；别名取证反查（audit_bindings_by_alias）逐条裁定
math-hj-erxiangshi-xishu-xingzhi,函数的对称性,二项式系数的性质,材料标题《二项式系数的性质》与目标节点同名，原挂「函数的对称性」；别名取证反查（audit_bindings_by_alias）逐条裁定
math-hj-gailv-jiben-xingzhi,不等式的基本性质,概率的基本性质,材料标题《概率的基本性质》与目标节点同名，原挂「不等式的基本性质」；别名取证反查（audit_bindings_by_alias）逐条裁定
math-hj-s14-sub-1,取倒数法-an-1-p-q-r是常数-可变形为,1的代换,材料标题《1的代换》与目标节点同名，原挂「取倒数法」；别名取证反查（audit_bindings_by_alias）逐条裁定
math-hj-s26-power-props,函数单调性的性质,幂函数的性质,材料标题《幂函数的性质》与目标节点同名，原挂「函数单调性的性质」；别名取证反查（audit_bindings_by_alias）逐条裁定
math-hj-s92-variance,平面向量的线性运算,方差与标准差,材料标题《方差与标准差》与目标节点同名，原挂「平面向量的线性运算」；别名取证反查（audit_bindings_by_alias）逐条裁定
math-hj-s103-binomial-props,函数的对称性,二项式系数的性质,材料标题《二项式系数的性质》与目标节点同名，原挂「函数的对称性」；别名取证反查（audit_bindings_by_alias）逐条裁定
math-mo-erxiangshi-xishu-xingzhi,抽象函数的性质综合,二项式系数的性质,材料标题《二项式系数的性质》与目标节点同名，原挂「抽象函数的性质综合」；别名取证反查（audit_bindings_by_alias）逐条裁定
phys-bridge-method-resistance,平衡条件-根本条件-作用在物体上的所有共点力的合力为零-即-f_合-0,电桥法测电阻,材料标题《电桥法测电阻》与目标节点同名，原挂「平衡条件」；别名取证反查（audit_bindings_by_alias）逐条裁定
phys-kb-point-mass-ideal-model,物体看作质点的条件-物体的大小和形状对研究问题的影响可以忽略,质点,材料标题《质点》与目标节点同名，原挂「物体看作质点的条件」；别名取证反查（audit_bindings_by_alias）逐条裁定
phys-kb-motion-composition-independence,核心处理思想-运动的合成与分解-约束条件,运动的合成与分解,材料标题《运动的合成与分解》与目标节点同名，原挂「核心处理思想：运动的合成与分解 + 约束」；别名取证反查（audit_bindings_by_alias）逐条裁定
phys-kb-boat-crossing-river,速度定义-位移与发生这段位移所用时间之比-表示物体运动快慢的物理量-是过程量,小船渡河模型,材料标题《小船渡河模型》与目标节点同名，原挂「速度定义」；别名取证反查（audit_bindings_by_alias）逐条裁定
phys-kb-meter-modification,电压表-电流表的改装,电表的改装,材料标题《电表的改装》与目标节点同名，原挂「电压表、电流表的改装」；别名取证反查（audit_bindings_by_alias）逐条裁定
phys-kb-doppler-effect,多普勒效应的成因分析,多普勒效应,材料标题《多普勒效应》与目标节点同名，原挂「多普勒效应的成因分析」；别名取证反查（audit_bindings_by_alias）逐条裁定
phys-kb-wave-particle-duality-light,光的波粒二象性-长期争论后达成的共识,光的波粒二象性,材料标题《光的波粒二象性》与目标节点同名，原挂「光的波粒二象性(长期争论后达成的共识)」；别名取证反查（audit_bindings_by_alias）逐条裁定
phys-kb-half-life-statistic,规律的用途-利用天然放射性元素的半衰期可以估测岩石-化石和文物的年代,半衰期,材料标题《半衰期》与目标节点同名，原挂「规律的用途」；别名取证反查（audit_bindings_by_alias）逐条裁定
phys-kb-mechanical-energy-verification,机械能守恒定律,验证机械能守恒定律,材料标题《验证机械能守恒定律》与目标节点同名，原挂「机械能守恒定律」；别名取证反查（audit_bindings_by_alias）逐条裁定
phys-kb-oil-film-molecule-diameter,物体看作质点的条件-物体的大小和形状对研究问题的影响可以忽略,油膜法估测油酸分子的大小,材料标题《油膜法估测油酸分子的大小》与目标节点同名，原挂「物体看作质点的条件」；别名取证反查（audit_bindings_by_alias）逐条裁定
phys-hj-061-motion-composition-rule,核心处理思想-运动的合成与分解-约束条件,运动的合成与分解,材料标题《运动的合成与分解》与目标节点同名，原挂「核心处理思想：运动的合成与分解 + 约束」；别名取证反查（audit_bindings_by_alias）逐条裁定
phys-hj-088-impulse-concept,动量定理,冲量,材料标题《冲量》与目标节点同名，原挂「动量定理」；别名取证反查（audit_bindings_by_alias）逐条裁定
phys-hj-064-river-crossing-model,滑块-木板模型的临界问题,小船渡河模型,材料标题《小船渡河模型》与目标节点同名，原挂「滑块-木板模型的临界问题」；别名取证反查（audit_bindings_by_alias）逐条裁定
phys-hj-071-acceleration-concept,速度-速度的变化量-加速度的比较,加速度,材料标题《加速度》与目标节点同名，原挂「速度、速度的变化量、加速度的比较」；别名取证反查（audit_bindings_by_alias）逐条裁定
phys-hj-193-magnetic-field-superposition,磁场的基本概念和性质,磁场的叠加,材料标题《磁场的叠加》与目标节点同名，原挂「磁场的基本概念和性质」；别名取证反查（audit_bindings_by_alias）逐条裁定
phys-hj2-dongliang-dingli-dianci-yingyong,动量定理的应用-流体类模型,动量定理在电磁感应中的应用,材料标题《动量定理在电磁感应中的应用》与目标节点同名，原挂「动量定理的应用——流体类模型」；别名取证反查（audit_bindings_by_alias）逐条裁定
phys-hj2-qiti-fenzidonglilun-tedian,分子运动速率分布图像-气体分子速率呈-中间多-两头少-的规律分布-如下图所示,气体分子运动的特点,材料标题《气体分子运动的特点》与目标节点同名，原挂「分子运动速率分布图像」；别名取证反查（audit_bindings_by_alias）逐条裁定
phys-hj2-guang-de-boli-erxiangxing,光的波粒二象性-长期争论后达成的共识,光的波粒二象性,材料标题《光的波粒二象性》与目标节点同名，原挂「光的波粒二象性(长期争论后达成的共识)」；别名取证反查（audit_bindings_by_alias）逐条裁定
phys-hj2-shuangfeng-shiyan-cebchang,实验原理-条纹间距δx与光波长λ-双缝间距d及双缝与屏的距离l-有关系式为,用双缝干涉测量光的波长实验,材料标题《用双缝干涉测量光的波长实验》与目标节点同名，原挂「实验原理」；别名取证反查（audit_bindings_by_alias）逐条裁定
phys-hj2-banpianfa-ce-neizu,电压表-电流表的改装,半偏法测电表内阻,材料标题《半偏法测电表内阻》与目标节点同名，原挂「电压表、电流表的改装」；别名取证反查（audit_bindings_by_alias）逐条裁定
phys-hj2-xiaochuan-duhe-moxing,速度定义-位移与发生这段位移所用时间之比-表示物体运动快慢的物理量-是过程量,小船渡河模型,材料标题《小船渡河模型》与目标节点同名，原挂「速度定义」；别名取证反查（audit_bindings_by_alias）逐条裁定
phys-hj3-magnetic-field-superposition,磁场的基本概念和性质,磁场的叠加,材料标题《磁场的叠加》与目标节点同名，原挂「磁场的基本概念和性质」；别名取证反查（audit_bindings_by_alias）逐条裁定
phys-hj3-em-induction-momentum-theorem,动量定理的应用-流体类模型,动量定理在电磁感应中的应用,材料标题《动量定理在电磁感应中的应用》与目标节点同名，原挂「动量定理的应用——流体类模型」；别名取证反查（audit_bindings_by_alias）逐条裁定
phys-hj3-gravity-vs-gravitation,万有引力与航天的基本定律和概念,万有引力与重力的关系,材料标题《万有引力与重力的关系》与目标节点同名，原挂「万有引力与航天的基本定律和概念」；别名取证反查（audit_bindings_by_alias）逐条裁定
phys-fx-boat-crossing-river-model,速度定义-位移与发生这段位移所用时间之比-表示物体运动快慢的物理量-是过程量,小船渡河模型,材料标题《小船渡河模型》与目标节点同名，原挂「速度定义」；别名取证反查（audit_bindings_by_alias）逐条裁定
phys-mo-dyn-equilibrium-b,相似三角形-动态三角形-拉密定理等方法解决临界极值问题,动态平衡问题,材料标题《动态平衡问题》与目标节点同名，原挂「三力平衡的三角形法与拉密定理」；别名取证反查（audit_bindings_by_alias）逐条裁定
phys-mo-l01-motion-description-b-4,平均速度与瞬时速度的区别,速度,材料标题《速度》与目标节点同名，原挂「平均速度与瞬时速度的区别：」；别名取证反查（audit_bindings_by_alias）逐条裁定
phys-mo-l01-motion-description-b-5,速度-速度的变化量-加速度的比较,加速度,材料标题《加速度》与目标节点同名，原挂「速度、速度的变化量、加速度的比较」；别名取证反查（audit_bindings_by_alias）逐条裁定
phys-mo-l02-uniform-acceleration-b,应用匀变速直线运动规律解题的基本思路,匀变速直线运动,材料标题《匀变速直线运动》与目标节点同名，原挂「应用匀变速直线运动规律解题的基本思路」；别名取证反查（audit_bindings_by_alias）逐条裁定
phys-mo-l05-three-nature-forces-b-2,方向-总是竖直向下-竖直向下是和水平面垂直-不一定和接触面垂直-也不一定指向地心,重力,材料标题《重力》与目标节点同名，原挂「重力的方向」；别名取证反查（audit_bindings_by_alias）逐条裁定
phys-mo-l05-three-nature-forces-b-3,探究结果-胡克定律-x为形变量,弹力,材料标题《弹力》与目标节点同名，原挂「探究结果：胡克定律（x为形变量）」；别名取证反查（audit_bindings_by_alias）逐条裁定
phys-mo-l05-three-nature-forces-b-4,静摩擦力与滑动摩擦力的比较,摩擦力,材料标题《摩擦力》与目标节点同名，原挂「静摩擦力与滑动摩擦力的比较」；别名取证反查（audit_bindings_by_alias）逐条裁定
phys-mo-l06-force-composition-b-2,合成与分解法则-平行四边形法则,力的合成,材料标题《力的合成》与目标节点同名，原挂「合成与分解法则：平行四边形法则」；别名取证反查（audit_bindings_by_alias）逐条裁定
phys-mo-l06-force-composition-b-3,按实际作用效果分解-最典型的是将速度分解为,力的分解,材料标题《力的分解》与目标节点同名，原挂「按实际作用效果分解。最典型的是将速度分解」；别名取证反查（audit_bindings_by_alias）逐条裁定
phys-mo-l09-newton-laws-basic-b-3,作用力与反作用力,牛顿第三定律,材料标题《牛顿第三定律》与目标节点同名，原挂「作用力与反作用力」；别名取证反查（audit_bindings_by_alias）逐条裁定
phys-mo-l13-curved-motion-b,运动性质-匀变速曲线运动-加速度恒为重力加速度-g-大小方向不变,曲线运动,材料标题《曲线运动》与目标节点同名，原挂「运动性质」；别名取证反查（audit_bindings_by_alias）逐条裁定
phys-mo-l13-curved-motion-b-2,核心处理思想-运动的合成与分解-约束条件,运动的合成与分解,材料标题《运动的合成与分解》与目标节点同名，原挂「核心处理思想：运动的合成与分解 + 约束」；别名取证反查（audit_bindings_by_alias）逐条裁定
phys-mo-l14-projectile-b,运动性质-匀变速曲线运动-加速度恒为重力加速度-g-大小方向不变,平抛运动,材料标题《平抛运动》与目标节点同名，原挂「运动性质」；别名取证反查（audit_bindings_by_alias）逐条裁定
ext-bio-a31d151554-004,共同进化,协同进化与生物多样性的形成,材料标题《协同进化与生物多样性的形成》与目标节点同名，原挂「共同进化」；别名取证反查（audit_bindings_by_alias）逐条裁定
phys-mo-l16-exp-projectile-centripetal-b-4,实验方法-控制变量法-保持m不变探究a与f关系-保持f不变探究a与m关系,控制变量法,材料标题《控制变量法》与目标节点同名，原挂「实验方法」；别名取证反查（audit_bindings_by_alias）逐条裁定
phys-mo-l19-work-power-b,合力做功的计算方法,功,材料标题《功》与目标节点同名，原挂「合力做功的计算方法」；别名取证反查（audit_bindings_by_alias）逐条裁定
phys-mo-l19-work-power-b-2,机车启动问题,功率,材料标题《功率》与目标节点同名，原挂「机车启动问题」；别名取证反查（audit_bindings_by_alias）逐条裁定
phys-mo-l20-kinetic-theorem-b,时刻-表示某一瞬间-在时间轴上用点表示-是一个状态量,动能,材料标题《动能》与目标节点同名，原挂「时刻」；别名取证反查（audit_bindings_by_alias）逐条裁定
phys-mo-l21-mech-energy-b-4,机械能守恒定律的三种表达式,机械能守恒定律,材料标题《机械能守恒定律》与目标节点同名，原挂「机械能守恒定律的三种表达式」；别名取证反查（audit_bindings_by_alias）逐条裁定
phys-mo-l22-work-energy-b,功能关系和能量守恒定律,功能关系,材料标题《功能关系》与目标节点同名，原挂「功能关系和能量守恒定律」；别名取证反查（audit_bindings_by_alias）逐条裁定
phys-mo-l24-momentum-impulse-b-3,速度定义-位移与发生这段位移所用时间之比-表示物体运动快慢的物理量-是过程量,冲量,材料标题《冲量》与目标节点同名，原挂「速度定义」；别名取证反查（audit_bindings_by_alias）逐条裁定
phys-mo-l25-momentum-consv-b,机械能守恒定律的三种表达式,动量守恒定律,材料标题《动量守恒定律》与目标节点同名，原挂「机械能守恒定律的三种表达式」；别名取证反查（audit_bindings_by_alias）逐条裁定
phys-mo-l31-mechanical-wave-b-3,衍射-波在传播过程中可以绕过障碍物继续传播的现象叫做波的衍射,波的衍射,材料标题《波的衍射》与目标节点同名，原挂「衍射」；别名取证反查（audit_bindings_by_alias）逐条裁定
phys-mo-l31-mechanical-wave-b-4,波的干涉中振动加强点和减弱点的判断方法,波的干涉,材料标题《波的干涉》与目标节点同名，原挂「波的干涉中振动加强点和减弱点的判断方法：」；别名取证反查（audit_bindings_by_alias）逐条裁定
phys-mo-l31-mechanical-wave-b-5,多普勒效应的成因分析,多普勒效应,材料标题《多普勒效应》与目标节点同名，原挂「多普勒效应的成因分析」；别名取证反查（audit_bindings_by_alias）逐条裁定
phys-mo-l47-particle-magnetic-field-b,特点-f-b-f-v-即f垂直于b与v决定的平面-f与v始终垂直-洛伦兹力不做功,洛伦兹力,材料标题《洛伦兹力》与目标节点同名，原挂「洛伦兹力的特点」；别名取证反查（audit_bindings_by_alias）逐条裁定
chem-hj-an-huaxuexingzhi,从化合价的角度认识cl2的化学性质-歧化反应,氨的化学性质,材料标题《氨的化学性质》与目标节点同名，原挂「从化合价的角度认识Cl2的化学性质——歧」；别名取证反查（audit_bindings_by_alias）逐条裁定
chem-hj-lv-dexingzhi,从化合价的角度认识cl2的化学性质-歧化反应,铝的化学性质,材料标题《铝的化学性质》与目标节点同名，原挂「从化合价的角度认识Cl2的化学性质——歧」；别名取证反查（audit_bindings_by_alias）逐条裁定
chem-fx-fan-ying-re-f37x01,反应热-焓变,反应热,材料标题《反应热》与目标节点同名，原挂「反应热、焓变」；别名取证反查（audit_bindings_by_alias）逐条裁定
ext-mat-f80078ac75-001,递推数列,数列的递推公式,材料标题《数列的递推公式》与目标节点同名，原挂「递推数列」；别名取证反查（audit_bindings_by_alias）逐条裁定
ext-mat-bdf0d92b84-005,由线-面关系误解向量关系,空间位置关系的向量表示,材料标题《空间位置关系的向量表示》与目标节点同名，原挂「由线、面关系误解向量关系」；别名取证反查（audit_bindings_by_alias）逐条裁定
chem-fx-ran-liao-dian-chi-f39x06,制作简单的燃料电池,燃料电池,材料标题《燃料电池》与目标节点同名，原挂「制作简单的燃料电池」；别名取证反查（audit_bindings_by_alias）逐条裁定
ext-phy-5aff2fc1d4-022,原子核,原子核的组成-原子核是由质子和中子组成的-原子核的电荷数等于核内的质子数,材料标题《原子核的组成》与目标节点同名，原挂「原子核」；别名取证反查（audit_bindings_by_alias）逐条裁定
ext-phy-ad8be6d3ca-016,弹簧振子,弹簧振子模型,材料标题《弹簧振子模型》与目标节点同名，原挂「弹簧振子」；别名取证反查（audit_bindings_by_alias）逐条裁定
ext-phy-d160864baa-004,路端电压,路端电压与外电阻的关系,材料标题《路端电压与外电阻的关系》与目标节点同名，原挂「路端电压」；别名取证反查（audit_bindings_by_alias）逐条裁定
ext-phy-0d3c7c81f5-013,多普勒效应,多普勒效应的成因分析,材料标题《多普勒效应的成因分析》与目标节点同名，原挂「多普勒效应」；别名取证反查（audit_bindings_by_alias）逐条裁定
ext-phy-14007d0207-002,运动分解-核心思想,运动的合成与分解,材料标题《运动的合成与分解》与目标节点同名，原挂「运动分解（核心思想）」；别名取证反查（audit_bindings_by_alias）逐条裁定
ext-phy-3d0f385573-001,等效重力场的相关知识点及解释,等效重力场,材料标题《等效重力场》与目标节点同名，原挂「等效重力场的相关知识点及解释」；别名取证反查（audit_bindings_by_alias）逐条裁定
ext-phy-1c3b50efe0-003,表达式-e-n-n为线圈匝数,法拉第电磁感应定律,材料标题《法拉第电磁感应定律》与目标节点同名，原挂「表达式：E＝n，n为线圈匝数。」；别名取证反查（audit_bindings_by_alias）逐条裁定
ext-mat-54bbe673d9-005b,内切球与球的相切问题,棱切球（与各棱相切的球）,材料标题《棱切球（与各棱相切的球）》与目标节点同名，原挂「内切球与球的相切问题」；别名取证反查（audit_bindings_by_alias）逐条裁定
ext-mat-e40854d3d9-002,数列中的公共项问题,数列的公共项问题,材料标题《数列的公共项问题》与目标节点同名，原挂「数列中的公共项问题」；别名取证反查（audit_bindings_by_alias）逐条裁定
bio-kb3-f3-s3-2-n03,用高倍显微镜观察叶绿体和细胞质的流动,叶绿体,材料标题《叶绿体》与目标节点同名，原挂「用高倍显微镜观察叶绿体和细胞质的流动」；别名取证反查（audit_bindings_by_alias）逐条裁定
bio-kb3-f5-s5-3-n11,细胞呼吸的影响因素及应用,无氧呼吸,材料标题《无氧呼吸》与目标节点同名，原挂「细胞呼吸的影响因素及应用」；别名取证反查（audit_bindings_by_alias）逐条裁定
bio-mo-heredity-004,孟德尔的豌豆杂交实验过程分析,分离定律,材料标题《分离定律》与目标节点同名，原挂「孟德尔的豌豆杂交实验过程分析」；别名取证反查（audit_bindings_by_alias）逐条裁定
bio-mo-heredity-020,孟德尔的豌豆杂交实验过程分析,自由组合定律,材料标题《自由组合定律》与目标节点同名，原挂「孟德尔的豌豆杂交实验过程分析」；别名取证反查（audit_bindings_by_alias）逐条裁定
bio-mo-gene-007,减数分裂细胞中染色体-dna数量变化规律,减数分裂,材料标题《减数分裂》与目标节点同名，原挂「减数分裂细胞中染色体、DNA数量变化规律」；别名取证反查（audit_bindings_by_alias）逐条裁定
ext-che-08a9179372-024,硫,应用氧化还原反应的原理实现不同价态含硫物质的转化,材料标题《不同价态含硫物质的转化》与目标节点同名，原挂「硫」；别名取证反查（audit_bindings_by_alias）逐条裁定
ext-che-b8ae75e42f-014,主要因素,影响化学反应速率的因素,材料标题《影响化学反应速率的因素》与目标节点同名，原挂「主要因素」；别名取证反查（audit_bindings_by_alias）逐条裁定
bio-mo-sex-linked-003,伴性遗传的特点及应用,伴性遗传,材料标题《伴性遗传》与目标节点同名，原挂「伴性遗传的特点及应用」；别名取证反查（audit_bindings_by_alias）逐条裁定
ext-che-c07d9578b6-002,弱电解质的电离,弱电解质的电离平衡,材料标题《弱电解质的电离平衡》与目标节点同名，原挂「弱电解质的电离」；别名取证反查（audit_bindings_by_alias）逐条裁定
ext-che-debd9107b2-004,化学键与物质的类别,化学键与物质类别的关系,材料标题《化学键与物质类别的关系》与目标节点同名，原挂「化学键与物质的类别」；别名取证反查（audit_bindings_by_alias）逐条裁定
ext-che-af4dd3fb51-016,自然资源的开发利用,金属矿物的开发利用,材料标题《金属矿物的开发利用》与目标节点同名，原挂「自然资源的开发利用」；别名取证反查（audit_bindings_by_alias）逐条裁定
ext-phy-21d4982874-046,动量定理,动量定理在磁场中的应用,材料标题《动量定理在磁场中的应用》与目标节点同名，原挂「动量定理」；别名取证反查（audit_bindings_by_alias）逐条裁定
ext-phy-b6feafc5c0-008,整体法与隔离法在受力分析中的应用,系统牛顿第二定律,材料标题《系统牛顿第二定律》与目标节点同名，原挂「整体法与隔离法在受力分析中的应用」；别名取证反查（audit_bindings_by_alias）逐条裁定
ext-phy-5d101c954d-003b,波粒二象性,光的波粒二象性,材料标题《光的波粒二象性》与目标节点同名，原挂「波粒二象性」；别名取证反查（audit_bindings_by_alias）逐条裁定
ext-phy-eb0776923d-003,核心处理思想-运动的合成与分解,小船渡河模型,材料标题《小船渡河模型》与目标节点同名，原挂「核心处理思想：运动的合成与分解：」；别名取证反查（audit_bindings_by_alias）逐条裁定
bio-plasmolysis-death-verification,实验-探究抗生素对细菌的选择作用,质壁分离,复原实验鉴别平衡与死亡＝质壁分离实验的判读，与抗生素实验无关
bio-kb2-01-cyanobacteria,实验-探究抗生素对细菌的选择作用,原核细胞,蓝细菌是必修1 第一章的原核细胞典型，与抗生素实验无关
bio-fx-acetobacter-characters,实验-探究抗生素对细菌的选择作用,传统发酵技术,醋酸菌/果醋发酵属传统发酵技术
bio-fx-selective-media-screening,实验-探究抗生素对细菌的选择作用,结束后-应将耐药菌-培养基-纸片等进行高温灭菌处理-防止对环境造成污染,选择培养基筛选法属《培养基的分类》同一知识（该节点已改名「培养基的分类与使用」）
