subject,slug,action,new_name,new_slug,reason
MATH,配方法-主要用于二次函数或可化为二次函数的函数-要特别注意自变量的取值范围,rename,配方法,,整句话当名称 -> 机械推导
MATH,判别式法-主要用于含有二次的分式函数-形如,rename,判别式法,,名称只含难度星号/结尾标点，清理即可
MATH,为奇函数,rename,为奇函数,,名称只含难度星号/结尾标点，清理即可
MATH,判断抽象函数单调性的方法,rename,判断抽象函数单调性的方法,,名称只含难度星号/结尾标点，清理即可
MATH,已知的定义域为-求的定义域-其实质是的取值范围为-求的取值范围,review,,,名称不可用（整句话当名称），需读上下文定名
MATH,已知的定义域-求的定义域-要先按-2-求出的定义域,review,,,名称不可用（整句话当名称），需读上下文定名
MATH,偶次方根的被开方数的被开方数必须大于等于零-即中,review,,,名称不可用（公式被剥离），需读上下文定名
MATH,零次幂的底数不能为零-即中,review,,,名称不可用（公式被剥离），需读上下文定名
MATH,待定系数法-若已知函数的类型-如一次函数-二次函数等-可用待定系数法,rename,待定系数法,,整句话当名称 -> 机械推导
MATH,换元法-主要用于解决已知的解析式-求函数的解析式的问题,rename,换元法,,整句话当名称 -> 机械推导
MATH,方程组法-主要解决已知与-的方程-求解析式,rename,方程组法,,整句话当名称 -> 机械推导
MATH,比较函数值的大小-先将自变量转化到同一个单调区间内-然后利用函数的单调性解决,rename,比较函数值的大小,,整句话当名称 -> 机械推导
MATH,利用奇偶性求值-将待求函数值或不等式利用奇偶性转化为已知区间上的函数值求解,rename,利用奇偶性求值,,整句话当名称 -> 机械推导
MATH,幂函数的定义-一般地-函数y-xα叫做幂函数-其中x是自变量-α是常数,rename,幂函数的定义,,整句话当名称 -> 机械推导
MATH,作差法-作商法,rename,作差法、作商法,,只有标题冒号 -> 机械推导
MATH,估值法-1-估算要比较大小的两个值所在的大致区间,rename,估值法,,整句话当名称 -> 机械推导
MATH,构造函数-运用函数的单调性比较,rename,构造函数法比较大小,,残句当名称（机械 rename 只把 slug 的连字符换成标点，名字并未成形）
MATH,放缩法,rename,放缩法,,只有标题冒号 -> 机械推导
MATH,定理法-利用零点存在定理-函数的图象在区间上是连续不断的曲线-且,rename,定理法,,整句话当名称 -> 机械推导
MATH,图象法,rename,图象法,,只有标题冒号 -> 机械推导
MATH,性质法-利用函数性质-若能确定函数的单调性-则其零点个数不难得到,rename,性质法,,整句话当名称 -> 机械推导
MATH,直接法-利用零点存在的判定定理构建不等式求解,rename,直接法,,名称只含难度星号/结尾标点，清理即可
MATH,分离参数法-分离参数后转化为求函数的值域-最值-问题求解,rename,分离参数法,,整句话当名称 -> 机械推导
MATH,2025-安徽蚌埠-三模-已知-则,delete,,,抽取事故：高考题干残句，非知识点
MATH,2023-山西-模拟预测-已知-且-则,delete,,,抽取事故：高考题干残句，非知识点
MATH,2025-黑龙江吉林-模拟预测-已知-则的值为,delete,,,抽取事故：高考题干残句，非知识点
MATH,2024-天津-一模-在中-角-的对边分别为-已知,delete,,,抽取事故：高考题干残句，非知识点
MATH,2024-天津红桥-二模-在中-内角-的对边分别为-已知-且,delete,,,抽取事故：高考题干残句，非知识点
MATH,已知函数,delete,,,抽取事故：题干/答案标记，非知识点
MATH,在中-角a-的对边分别为-且,review,,,名称不可用（公式被剥离），需读上下文定名
MATH,2023-天津-一模-在中-内角-的对边分别为-已知,delete,,,抽取事故：高考题干残句，非知识点
MATH,2024-四川宜宾-一模-已知函数-在锐角中-内角的对边分别为-且,delete,,,抽取事故：高考题干残句，非知识点
MATH,2025-天津南开-一模-在中-内角的对边分别为-且,delete,,,抽取事故：高考题干残句，非知识点
MATH,重要不等式-当且仅当时取号,rename,重要不等式,,名称只含难度星号/结尾标点，清理即可
MATH,基本不等式-x1,merge,,基本不等式,与 基本不等式 是同一概念（去星号后同名）
MATH,作差法,rename,作差法,,只有标题冒号 -> 机械推导
MATH,作商法,rename,作商法,,只有标题冒号 -> 机械推导
MATH,在求函数的最值时-一定要在定义域-使实际问题有意义的自变量的取值范围-内求解,review,,,名称不可用（整句话当名称），需读上下文定名
MATH,命题的否定-对命题p加以否定-得到一个新的命题-记作-读作-非p-或p的否定,rename,命题的否定,,整句话当名称 -> 机械推导
MATH,端点取值需谨慎-在求参数范围时-要注意边界或区间端点值的检验-从而确定取舍,rename,端点取值需谨慎,,整句话当名称 -> 机械推导
MATH,列举观察法-列出几何中的全部元素-通过定义得出集合间关系,rename,列举观察法,,整句话当名称 -> 机械推导
MATH,等价转化法-将命题转化为另一个与之等价的且便于判断真假的命题,rename,等价转化法,,整句话当名称 -> 机械推导
MATH,前n项和公式法-为常数为等差数列,rename,前n项和公式法,,名称只含难度星号/结尾标点，清理即可
MATH,在等差数列-an-中-当m-n时-d-为公差公式-利用这个公式很容易求出公差,review,,,名称不可用（整句话当名称），需读上下文定名
MATH,若s奇表示奇数项的和-s偶表示偶数项的和-公差为d,review,,,名称不可用（整句话当名称），需读上下文定名
MATH,前项和公式法-若数列的前项和-则该数列是等比数列,rename,前项和公式法,,整句话当名称 -> 机械推导
MATH,累加法-适用于an-1-an-f-n-可变形为an-1-an-f-n,rename,累加法,,整句话当名称 -> 机械推导
MATH,累乘法-适用于an-1-f-n-an-可变形为-f-n,rename,累乘法,,整句话当名称 -> 机械推导
MATH,取倒数法-an-1-p-q-r是常数-可变形为,rename,取倒数法,,整句话当名称 -> 机械推导
MATH,裂项问题,rename,裂项问题,,只有标题冒号 -> 机械推导
MATH,等差乘等比数列求和-令-可以用错位相减法,rename,错位相减法求和,,残句当名称（机械 rename 只把 slug 的连字符换成标点，名字并未成形）
MATH,2025-新疆喀什-模拟预测-已知数列中-则,delete,,,抽取事故：高考题干残句，非知识点
MATH,2025-四川广安-模拟预测-已知数列满足-则使得成立的最小自然数为,delete,,,抽取事故：高考题干残句，非知识点
MATH,2025-江苏苏州-三模-已知数列满足-则,delete,,,抽取事故：高考题干残句，非知识点
MATH,2025-海南海口-模拟预测-若数列满足-已知-则,delete,,,抽取事故：高考题干残句，非知识点
MATH,2025-福建福州-模拟预测-记为正整数-的最大公约数-正整数数列满足,delete,,,抽取事故：高考题干残句，非知识点
MATH,已知数列-求证,delete,,,抽取事故：题干/答案标记，非知识点
MATH,2025-四川成都-一模-在等差数列中-则,delete,,,抽取事故：高考题干残句，非知识点
MATH,2025-江苏-模拟预测-函数满足-且-设-则的前项的和为,delete,,,抽取事故：高考题干残句，非知识点
MATH,2025-山西-三模-已知数列的通项公式为-则下列说法正确的是,delete,,,抽取事故：题干/答案标记，非知识点
MATH,2025-广东广州-三模-已知等差数列的前n项和为-则,delete,,,抽取事故：高考题干残句，非知识点
MATH,2025-广东佛山-三模-已知数列满足-且是关于的方程的两个根,delete,,,抽取事故：高考题干残句，非知识点
MATH,2025-云南昭通-模拟预测-已知数列是等差数列-且-数列的前项和为-且,delete,,,抽取事故：高考题干残句，非知识点
MATH,解决垂直问题-利用-可将垂直问题转化为向量数量积的计算问题,rename,解决垂直问题,,整句话当名称 -> 机械推导
MATH,二面角,merge,,二面角-x1,与 二面角-x1 是同一概念（去星号后同名）
MATH,破-重点难点-突破重难点-冲刺高分,rename,破·重点难点,,名称只含难度星号/结尾标点，清理即可
MATH,辨-易混易错-辨析易混易错知识点-夯实基础,rename,辨·易混易错,,名称只含难度星号/结尾标点，清理即可
MATH,点-方法技巧-点拨解题方法-练一题通一类,rename,点·方法技巧,,名称只含难度星号/结尾标点，清理即可
MATH,在棱长为的正四面体中-高-外接球半径-内切球半径,review,,,名称不可用（整句话当名称），需读上下文定名
MATH,立体几何中的探索性问题立体几何中的探索性问题的主要类型,review,,,名称不可用（整句话当名称），需读上下文定名
MATH,对命题条件探索的三种方法,rename,对命题条件探索的三种方法,,名称只含难度星号/结尾标点，清理即可
MATH,线面平行的定义-一条直线与一个平面无公共点-不相交,rename,线面平行的定义,,整句话当名称 -> 机械推导
MATH,利用面面平行的定义,rename,利用面面平行的定义,,名称只含难度星号/结尾标点，清理即可
MATH,利用-线线平行-线面平行-面面平行-的相互转化,review,,,名称不可用（整句话当名称），需读上下文定名
MATH,α-γ-β-γ-α-β-l-l-γ-客观题可用,review,,,名称不可用（整句话当名称），需读上下文定名
MATH,垂线法求线面角-也称直接法,rename,垂线法求线面角（也称直接法）,,名称只含难度星号/结尾标点，清理即可
MATH,定义法-步骤是-一作-二证-三求,rename,定义法,,名称只含难度星号/结尾标点，清理即可
MATH,求距离的方法,rename,求距离的方法,,只有标题冒号 -> 机械推导
MATH,点面距离-线面距离-面面距离都转化为点面距离,rename,点面距离、线面距离、面面距离都转化为点面距离,,名称只含难度星号/结尾标点，清理即可
PHYSICS,物体看作质点的条件-物体的大小和形状对研究问题的影响可以忽略,rename,物体看作质点的条件,,整句话当名称 -> 机械推导
PHYSICS,时刻-表示某一瞬间-在时间轴上用点表示-是一个状态量,rename,时刻,,整句话当名称 -> 机械推导
PHYSICS,路程-物体运动轨迹的长度-只有大小-没有方向-是标量-其单位就是长度的单位,review,,,改名后与「路程」同名，需确认是否同一概念（同概念则 merge）
PHYSICS,矢量和标量,rename,矢量和标量,,只有标题冒号 -> 机械推导
PHYSICS,速度定义-位移与发生这段位移所用时间之比-表示物体运动快慢的物理量-是过程量,rename,速度定义,,整句话当名称 -> 机械推导
PHYSICS,平均速度与瞬时速度的区别,rename,平均速度与瞬时速度的区别,,名称只含难度星号/结尾标点，清理即可
PHYSICS,分类,review,,,名称不可用（通用名词无主语），需读上下文定名
PHYSICS,基本规律,review,,,名称不可用（通用名词无主语），需读上下文定名
PHYSICS,以上各式均为矢量式-应用时应规定正方向,rename,列方程时规定正方向,,残句当名称（机械 rename 只把 slug 的连字符换成标点，名字并未成形）
PHYSICS,平均速度公式,rename,平均速度公式,,只有标题冒号 -> 机械推导
PHYSICS,位移差公式,rename,位移差公式,,只有标题冒号 -> 机械推导
PHYSICS,初速度为零的几个重点推论,rename,初速度为零的几个重点推论,,名称只含难度星号/结尾标点，清理即可
PHYSICS,多过程问题,rename,多过程运动问题的分析方法,,列表项的**行首标签**被当成了名字，名字脱离父主题就不成知识点名；原边界：运动包含几个阶段就要分段分析，各段交接处的速度是连接各段的纽带
PHYSICS,基本规律-x1,review,,,名称不可用（只有标题冒号），需读上下文定名
PHYSICS,运动规律,rename,运动规律,,只有标题冒号 -> 机械推导
PHYSICS,追及相遇问题的实质及分析思路,rename,追及相遇问题的实质及分析思路,,名称只含难度星号/结尾标点，清理即可
PHYSICS,在1t末-2t末-3t末-4t末-n-t末的速度比为-1-2-3-n,review,,,名称不可用（整句话当名称），需读上下文定名
PHYSICS,解题方法,review,,,名称不可用（只有标题冒号），需读上下文定名
PHYSICS,竖直上抛运动的处理方法,rename,竖直上抛运动的处理方法,,名称只含难度星号/结尾标点，清理即可
PHYSICS,意义,review,,,名称不可用（只有标题冒号），需读上下文定名
PHYSICS,惯性参考系,rename,惯性参考系,,只有标题冒号 -> 机械推导
PHYSICS,非惯性参考系,rename,非惯性参考系,,只有标题冒号 -> 机械推导
PHYSICS,定义-物体具有保持原来匀速直线运动状态或静止状态的性质-质量是惯性的唯一量度,review,,,名称不可用（整句话当名称），需读上下文定名
PHYSICS,公式,review,,,名称不可用（只有标题冒号），需读上下文定名
PHYSICS,超重-物体有向上的加速度称物体处于超重,review,,,改名后与「超重」同名，需确认是否同一概念（同概念则 merge）
PHYSICS,等时圆使用条件,rename,等时圆使用条件,,只有标题冒号 -> 机械推导
PHYSICS,模型示意图,review,,,名称不可用（只有标题冒号），需读上下文定名
PHYSICS,解题的思路,review,,,名称不可用（通用名词无主语），需读上下文定名
PHYSICS,解题思路,review,,,名称不可用（只有标题冒号），需读上下文定名
PHYSICS,运动特征,review,,,名称不可用（只有标题冒号），需读上下文定名
PHYSICS,核心处理思想-运动的合成与分解-约束条件,review,,,改名后与「核心处理思想：运动的合成与分解：」同名，需确认是否同一概念（同概念则 merge）
PHYSICS,运动性质-匀变速曲线运动-加速度恒为重力加速度-g-大小方向不变,rename,运动性质,,整句话当名称 -> 机械推导
PHYSICS,产生条件,review,,,名称不可用（通用名词无主语），需读上下文定名
PHYSICS,核心处理思想-运动的合成与分解,review,,,改名后与「核心处理思想：运动的合成与分解 + 约束」同名，需确认是否同一概念（同概念则 merge）
PHYSICS,定义,review,,,名称不可用（只有标题冒号），需读上下文定名
PHYSICS,与平抛的区别,rename,与平抛的区别,,只有标题冒号 -> 机械推导
PHYSICS,基本概念,review,,,名称不可用（通用名词无主语），需读上下文定名
PHYSICS,关键物理量,review,,,名称不可用（通用名词无主语），需读上下文定名
PHYSICS,应用场景,review,,,名称不可用（通用名词无主语），需读上下文定名
PHYSICS,水平射程-即水平射程由初速度v0和下落高度h共同决定-与其他因素无关,rename,水平射程,,整句话当名称 -> 机械推导
PHYSICS,按实际作用效果分解-最典型的是将速度分解为,rename,按力的作用效果分解,,残句当名称（机械 rename 只把 slug 的连字符换成标点，名字并未成形）
PHYSICS,按运动独立性建立坐标系,rename,按运动独立性建立坐标系,,名称只含难度星号/结尾标点，清理即可
PHYSICS,物体间恰好不发生相对滑动-的临界条件是物体间恰好达到最大静摩擦力,review,,,名称不可用（整句话当名称），需读上下文定名
PHYSICS,分析方法,review,,,名称不可用（通用名词无主语），需读上下文定名
PHYSICS,两个质量均为m的木块a-b用恰好伸直的轻绳相连-放在水平圆盘上,review,,,名称不可用（整句话当名称），需读上下文定名
PHYSICS,解题关键,review,,,名称不可用（通用名词无主语），需读上下文定名
PHYSICS,绳球模型-杆球模型两类经典模型中的临界条件-情景分析,review,,,名称不可用（整句话当名称），需读上下文定名
PHYSICS,受力分析-图示如下,rename,受力分析,,名称只含难度星号/结尾标点，清理即可
PHYSICS,力的分解-x1,rename,力的分解,,只有标题冒号 -> 机械推导
PHYSICS,运动的对称性,rename,运动的对称性,,只有标题冒号 -> 机械推导
PHYSICS,单位制-由基本单位和导出单位共同构成-常考-国际单位制-si-国际制基本单位,review,,,改名后与「单位制」同名，需确认是否同一概念（同概念则 merge）
PHYSICS,牛顿第二定律的理解-五性,rename,牛顿第二定律的理解,,名称只含难度星号/结尾标点，清理即可
PHYSICS,合成与分解法则-平行四边形法则,rename,合成与分解法则,,名称只含难度星号/结尾标点，清理即可
PHYSICS,向心力-x1,rename,向心力,,只有标题冒号 -> 机械推导
PHYSICS,向心力计算,rename,向心力计算,,只有标题冒号 -> 机械推导
PHYSICS,力的分解,merge,,力的分解-x1,与 力的分解-x1 是同一概念（去星号后同名）
PHYSICS,性质,review,,,名称不可用（只有标题冒号），需读上下文定名
PHYSICS,四种基本相互作用-引力相互作用-电磁相互作用-强相互作用和弱相互作用,rename,四种基本相互作用,,整句话当名称 -> 机械推导
PHYSICS,方向-总是竖直向下-竖直向下是和水平面垂直-不一定和接触面垂直-也不一定指向地心,review,,,名称不可用（整句话当名称），需读上下文定名
PHYSICS,核心规律-受力分析-力的合成与分解-共点力的平衡,review,,,名称不可用（整句话当名称），需读上下文定名
PHYSICS,定义与目的,review,,,名称不可用（只有标题冒号），需读上下文定名
PHYSICS,基本原则,review,,,名称不可用（只有标题冒号），需读上下文定名
PHYSICS,常见力分析,rename,重力、弹力与摩擦力的对比,,列表项的**行首标签**被当成了名字，名字脱离父主题就不成知识点名；原边界：重力 地球吸引 G=mg；弹力 接触形变；摩擦力…三者的产生、方向与大小
PHYSICS,分析步骤,review,,,名称不可用（只有标题冒号），需读上下文定名
PHYSICS,特点,review,,,名称不可用（只有标题冒号），需读上下文定名
PHYSICS,合力范围,rename,合力范围,,只有标题冒号 -> 机械推导
PHYSICS,本质-是力的合成的逆运算-同样遵循矢量运算法则,review,,,名称不可用（整句话当名称），需读上下文定名
PHYSICS,分解法则,rename,力的分解法则,,列表项的**行首标签**被当成了名字，名字脱离父主题就不成知识点名；原边界：（1）平行四边形定则…（2）按力的作用效果分解
PHYSICS,分解方法,rename,分解方法,,只有标题冒号 -> 机械推导
PHYSICS,平衡条件-根本条件-作用在物体上的所有共点力的合力为零-即-f_合-0,rename,平衡条件,,整句话当名称 -> 机械推导
PHYSICS,核心特点,review,,,名称不可用（只有标题冒号），需读上下文定名
PHYSICS,动态平衡问题,rename,动态平衡问题,,只有标题冒号 -> 机械推导
PHYSICS,静摩擦-滑动摩擦-大小突减,rename,静摩擦 → 滑动摩擦 (大小突减),,名称只含难度星号/结尾标点，清理即可
PHYSICS,滑动摩擦-静摩擦-大小可能突增,rename,滑动摩擦 → 静摩擦 (大小可能突增),,名称只含难度星号/结尾标点，清理即可
PHYSICS,接触面性质突变,rename,接触面性质突变,,只有标题冒号 -> 机械推导
PHYSICS,外部作用导致-n-突变,rename,外部作用导致 N 突变,,名称只含难度星号/结尾标点，清理即可
PHYSICS,斜面倾角突变-等效于-n-变,rename,斜面倾角突变 (等效于 N 变),,名称只含难度星号/结尾标点，清理即可
PHYSICS,外力方向突变,rename,外力方向突变,,只有标题冒号 -> 机械推导
PHYSICS,约束条件改变,rename,约束条件改变,,只有标题冒号 -> 机械推导
PHYSICS,核心分析方法,rename,三力平衡的图解法,,列表项的**行首标签**被当成了名字，名字脱离父主题就不成知识点名；原边界：（1）图解法（矢量三角形法）最常用直观；适用：三力平衡问题…
PHYSICS,相似三角形-动态三角形-拉密定理等方法解决临界极值问题,review,,,名称不可用（整句话当名称），需读上下文定名
PHYSICS,加速度方向突变,rename,加速度方向突变,,只有标题冒号 -> 机械推导
PHYSICS,向心力,merge,,向心力-x1,与 向心力-x1 是同一概念（去星号后同名）
PHYSICS,向心加速度,merge,,向心加速度-x1,与 向心加速度-x1 是同一概念（去星号后同名）
PHYSICS,天上-星球上空距离星体中心r-r-h处的重力加速度为g,review,,,名称不可用（整句话当名称），需读上下文定名
PHYSICS,地下-在天体内部距离中心r处-r-r-加速度为g-r,review,,,名称不可用（整句话当名称），需读上下文定名
PHYSICS,自力更生法-求解地球-中心天体-质量,rename,自力更生法,,名称只含难度星号/结尾标点，清理即可
PHYSICS,环绕天体法-计算天体的质量,rename,环绕天体法,,名称只含难度星号/结尾标点，清理即可
PHYSICS,卫星变轨-1-2-3,rename,卫星变轨,,名称只含难度星号/结尾标点，清理即可
PHYSICS,模型解读,review,,,名称不可用（只有标题冒号），需读上下文定名
PHYSICS,模型分类,merge,,模型解读,知识点的属性条目被提成独立节点（定义：/表达式：/应用：），并入主节点（目标名 卫星的追及与相遇问题，同一主题下；原边界讲的是两卫星相距最近/最远）
PHYSICS,性质-x1,review,,,名称不可用（通用名词无主语），需读上下文定名
PHYSICS,传送带模型中的功和能量的关系,rename,传送带模型中的功和能量的关系,,名称只含难度星号/结尾标点，清理即可
PHYSICS,定义-x2,review,,,名称不可用（只有标题冒号），需读上下文定名
PHYSICS,表达式,review,,,名称不可用（只有标题冒号），需读上下文定名
PHYSICS,位移-速度和加速度,rename,位移、速度和加速度,,只有标题冒号 -> 机械推导
PHYSICS,图象信息,rename,振动图象的信息,,列表项的**行首标签**被当成了名字，名字脱离父主题就不成知识点名；原边界：由图象可得出振幅 A、周期 T（或频率 f）和初相位 φ0
PHYSICS,传播特点,rename,传播特点,,只有标题冒号 -> 机械推导
PHYSICS,机械波的分类,rename,机械波的分类,,只有标题冒号 -> 机械推导
PHYSICS,波长λ-在波动中振动相位总是相同的两个相邻质点间的距离-用-λ-表示,rename,波长λ,,整句话当名称 -> 机械推导
PHYSICS,波速v-波长λ和频率f-周期t的关系-v-λf,rename,波速v、波长λ和频率f、周期T的关系,,整句话当名称 -> 机械推导
PHYSICS,反射-波在传播过程中遇到介质界面会返回来继续传播的现象叫作波的反射,rename,反射,,整句话当名称 -> 机械推导
PHYSICS,衍射-波在传播过程中可以绕过障碍物继续传播的现象叫做波的衍射,rename,衍射,,整句话当名称 -> 机械推导
PHYSICS,单摆周期,rename,单摆周期,,只有标题冒号 -> 机械推导
PHYSICS,运动特点,rename,运动特点,,只有标题冒号 -> 机械推导
PHYSICS,单摆的受力特征,rename,单摆的受力特征,,只有标题冒号 -> 机械推导
PHYSICS,动能定理表达式的推导,rename,动能定理表达式的推导,,只有标题冒号 -> 机械推导
PHYSICS,回复力,rename,回复力,,只有标题冒号 -> 机械推导
PHYSICS,波的干涉-x1,merge,,波的干涉,与 波的干涉 是同一概念（去星号后同名）
PHYSICS,波的干涉中振动加强点和减弱点的判断方法,rename,波的干涉中振动加强点和减弱点的判断方法,,名称只含难度星号/结尾标点，清理即可
PHYSICS,性质-x2,review,,,名称不可用（只有标题冒号），需读上下文定名
PHYSICS,定义-物体在一个过程中所受合外力的冲量等于该物体在这个过程中动量的变化量,review,,,名称不可用（整句话当名称），需读上下文定名
PHYSICS,定性分析有关现象,rename,定性分析有关现象,,只有标题冒号 -> 机械推导
PHYSICS,定量计算某过程中合外力的冲量或动量变化量,rename,定量计算某过程中合外力的冲量或动量变化量,,名称只含难度星号/结尾标点，清理即可
PHYSICS,定义-碰撞指的是两个物体在很短的时间内发生相互作用,review,,,名称不可用（整句话当名称），需读上下文定名
PHYSICS,情景分析,review,,,名称不可用（只有标题冒号），需读上下文定名
PHYSICS,结果讨论,delete,,,抽取事故：题干/答案标记，非知识点
PHYSICS,模型解读-x1,review,,,名称不可用（只有标题冒号），需读上下文定名
PHYSICS,模型临界问题,rename,动量守恒中的临界问题,,列表项的**行首标签**被当成了名字，名字脱离父主题就不成知识点名；原边界：上升到最大高度时 m 与 M 具有共同的水平速度，系统水平方向动量守恒
PHYSICS,规律,review,,,名称不可用（通用名词无主语），需读上下文定名
PHYSICS,机械波,merge,,机械波-x1,与 机械波-x1 是同一概念（去星号后同名）
PHYSICS,受迫振动,merge,,受迫振动-x1,与 受迫振动-x1 是同一概念（去星号后同名）
PHYSICS,反射定律,rename,反射定律,,只有标题冒号 -> 机械推导
PHYSICS,图示,rename,折射定律,,列表项的**行首标签**被当成了名字，名字脱离父主题就不成知识点名；原边界：折射定律：(1)内容：如图所示…(2)表达式：＝n12
PHYSICS,分类-x1,review,,,名称不可用（通用名词无主语），需读上下文定名
PHYSICS,偏振光-在垂直于光的传播方向的平面上-只沿着某个特定的方向振动的光,rename,偏振光,,整句话当名称 -> 机械推导
PHYSICS,电磁说-麦克斯韦认为光是一种电磁波,rename,电磁说,,名称只含难度星号/结尾标点，清理即可
PHYSICS,条件-①光从光密介质射入光疏介质-②入射角大于或等于临界角,review,,,名称不可用（整句话当名称），需读上下文定名
PHYSICS,应用,review,,,名称不可用（只有标题冒号），需读上下文定名
PHYSICS,应用光的折射和全反射解决问题的两个技巧,rename,应用光的折射和全反射解决问题的两个技巧,,名称只含难度星号/结尾标点，清理即可
PHYSICS,应用光的折射和全反射解决问题的四个注意,rename,应用光的折射和全反射解决问题的四个注意,,名称只含难度星号/结尾标点，清理即可
PHYSICS,过程分析,rename,静电感应,,列表项的**行首标签**被当成了名字，名字脱离父主题就不成知识点名；原边界：将金属导体放到外电场 E0 中，自由电子移动，导体内部出现反向电场 E'
PHYSICS,分析方法-x1,review,,,名称不可用（通用名词无主语），需读上下文定名
PHYSICS,求电场力做功的方法,rename,求电场力做功的方法,,只有标题冒号 -> 机械推导
PHYSICS,结构,review,,,名称不可用（通用名词无主语），需读上下文定名
PHYSICS,原理,review,,,名称不可用（通用名词无主语），需读上下文定名
PHYSICS,作用,review,,,名称不可用（只有标题冒号），需读上下文定名
PHYSICS,原理-x1,review,,,名称不可用（只有标题冒号），需读上下文定名
PHYSICS,电源的内阻-电源内部是由导体构成-所以也有电阻-这个电阻叫做电源的内阻,rename,电源的内阻,,整句话当名称 -> 机械推导
PHYSICS,电流-x1,merge,,电流,与 电流 是同一概念（去星号后同名）
PHYSICS,电阻,rename,电阻,,只有标题冒号 -> 机械推导
PHYSICS,电流做功的实质-电能转化成其他形式能的过程,rename,电流做功的实质,,名称只含难度星号/结尾标点，清理即可
PHYSICS,定义-x1,review,,,名称不可用（只有标题冒号），需读上下文定名
PHYSICS,程序法-遵循-局部-整体-局部-的思路,rename,程序法,,名称只含难度星号/结尾标点，清理即可
PHYSICS,结论法-串反并同-应用条件为电源内阻不为零,rename,结论法,,名称只含难度星号/结尾标点，清理即可
PHYSICS,特殊值法-对于某些特殊电路问题-可以采取代入特殊值的方法去判定,rename,特殊值法,,整句话当名称 -> 机械推导
PHYSICS,电源输出功率-整个外电路上消耗的电功率,rename,电源输出功率,,名称只含难度星号/结尾标点，清理即可
PHYSICS,电动势-x1,merge,,电动势,与 电动势 是同一概念（去星号后同名）
PHYSICS,概念理解,rename,磁性、磁体与磁极,,列表项的**行首标签**被当成了名字，名字脱离父主题就不成知识点名；原边界：（1）磁性…（2）磁体…（3）磁极…不存在磁单极
PHYSICS,对磁感应强度定义式-b-的理解,rename,对磁感应强度定义式,,名称只含难度星号/结尾标点，清理即可
PHYSICS,大小,review,,,名称不可用（只有标题冒号），需读上下文定名
PHYSICS,特点-f-b-f-v-即f垂直于b与v决定的平面-f与v始终垂直-洛伦兹力不做功,review,,,名称不可用（整句话当名称），需读上下文定名
PHYSICS,仪器构造,review,,,名称不可用（只有标题冒号），需读上下文定名
PHYSICS,仪器构造-质谱仪由粒子源-加速电场-偏转磁场和照相底片构成,review,,,名称不可用（整句话当名称），需读上下文定名
PHYSICS,仪器介绍-磁流体发电是一项新兴技术-它可以把内能直接转化为电能,rename,仪器介绍,,整句话当名称 -> 机械推导
PHYSICS,解题方法-x1,review,,,名称不可用（通用名词无主语），需读上下文定名
PHYSICS,产生感应电流的条件,rename,产生感应电流的条件,,只有标题冒号 -> 机械推导
PHYSICS,判断电磁感应现象能否产生的方法,rename,判断电磁感应现象能否产生的方法,,名称只含难度星号/结尾标点，清理即可
PHYSICS,适用情况-判断导线切割磁感线产生的感应电流方向,rename,适用情况,,名称只含难度星号/结尾标点，清理即可
PHYSICS,产生条件-穿过回路的磁通量发生改变-与电路是否闭合无关,review,,,名称不可用（整句话当名称），需读上下文定名
PHYSICS,危害-互感现象能发生在任何两个相互靠近的电路之间-互感现象有时会影响电路的工作,rename,危害,,整句话当名称 -> 机械推导
PHYSICS,定义-一个线圈中的电流变化时-它所产生的变化的磁场在它本身激发出感应电动势的现象,review,,,名称不可用（整句话当名称），需读上下文定名
PHYSICS,自感电动势的大小-el-l-式中l为自感系数-它可以超出线圈两端的原电压,rename,自感电动势的大小,,整句话当名称 -> 机械推导
PHYSICS,自感现象的理解,rename,自感现象的理解,,只有标题冒号 -> 机械推导
PHYSICS,特点-整个导体回路的电阻一般很小-感应电流很大-故金属块的发热功率很大,review,,,名称不可用（整句话当名称），需读上下文定名
PHYSICS,应用-1-涡流热效应的应用-如真空冶炼炉-2-涡流磁效应的应用-如探雷器,review,,,名称不可用（整句话当名称），需读上下文定名
PHYSICS,平动切割与转动切割的几种情形,rename,平动切割与转动切割的几种情形,,名称只含难度星号/结尾标点，清理即可
PHYSICS,基本思路-x1,review,,,名称不可用（通用名词无主语），需读上下文定名
PHYSICS,两种运动状态-x1,merge,,两种运动状态,与 两种运动状态 是同一概念（去星号后同名）
PHYSICS,力学对象和电学对象的相互联系-x1,merge,,力学对象和电学对象的相互联系,与 力学对象和电学对象的相互联系 是同一概念（去星号后同名）
PHYSICS,求解电能的思路-x1,merge,,求解电能的思路,与 求解电能的思路 是同一概念（去星号后同名）
PHYSICS,磁通量φ-磁通量的变化量δφ及磁通量的变化率的比较,review,,,名称不可用（整句话当名称），需读上下文定名
PHYSICS,带电粒子在叠加场-复合场-电场与磁场重叠-中的运动,review,,,名称不可用（整句话当名称），需读上下文定名
PHYSICS,带电粒子在组合场-电场与磁场各位于一定的区域内-并不重叠-中的运动,review,,,名称不可用（整句话当名称），需读上下文定名
PHYSICS,带电粒子在交变电磁场中的运动,rename,带电粒子在交变电磁场中的运动,,名称只含难度星号/结尾标点，清理即可
PHYSICS,楞次定律的理解-阻碍-的含义,rename,楞次定律的理解,,名称只含难度星号/结尾标点，清理即可
PHYSICS,特点-x1,review,,,名称不可用（通用名词无主语），需读上下文定名
PHYSICS,匀强磁场中磁通量的计算,rename,匀强磁场中磁通量的计算,,名称只含难度星号/结尾标点，清理即可
PHYSICS,工作原理,rename,电磁流量计的工作原理,,列表项的**行首标签**被当成了名字，名字脱离父主题就不成知识点名；原边界：流量 Q…导电液体中自由电荷在洛伦兹力作用下偏转，a、b 间出现电势差
PHYSICS,能量转化-导体克服安培力做功-其他形式能转化为电能-最终转化为内能,rename,能量转化,,整句话当名称 -> 机械推导
PHYSICS,电容-通交流-隔直流-通高频-阻低频,review,,,改名后与「电容」同名，需确认是否同一概念（同概念则 merge）
PHYSICS,周期与频率,rename,周期与频率,,只有标题冒号 -> 机械推导
PHYSICS,理想变压器的关系式,rename,理想变压器的关系式,,只有标题冒号 -> 机械推导
PHYSICS,匝数比不变的分析思路,rename,匝数比不变的分析思路,,只有标题冒号 -> 机械推导
PHYSICS,负载电阻不变的分析思路,rename,负载电阻不变的分析思路,,名称只含难度星号/结尾标点，清理即可
PHYSICS,正弦式交变电流的变化规律-线圈在中性面位置时开始计时,review,,,名称不可用（整句话当名称），需读上下文定名
PHYSICS,核心规律,rename,远距离输电的规律,,列表项的**行首标签**被当成了名字，名字脱离父主题就不成知识点名；原边界：（1）升压变压器…（3）输电电流…（6）减小输电线电能损失的主要途径
PHYSICS,电能的远距离输送电路图,rename,电能的远距离输送电路图,,名称只含难度星号/结尾标点，清理即可
PHYSICS,电磁波-x1,merge,,电磁波,与 电磁波 是同一概念（去星号后同名）
PHYSICS,宏观量和微观量,rename,宏观量和微观量,,只有标题冒号 -> 机械推导
PHYSICS,分子间的作用力与分子间距离的关系,rename,分子间的作用力与分子间距离的关系,,名称只含难度星号/结尾标点，清理即可
PHYSICS,物体的内能,rename,物体的内能,,只有标题冒号 -> 机械推导
PHYSICS,定义-在任何温度-任何压强下都遵从气体实验定律的气体,review,,,名称不可用（整句话当名称），需读上下文定名
PHYSICS,理想气体的状态方程,rename,理想气体的状态方程,,只有标题冒号 -> 机械推导
PHYSICS,对晶体和非晶体的理解,rename,对晶体和非晶体的理解,,只有标题冒号 -> 机械推导
PHYSICS,温度计-测量温度的仪器,rename,温度计,,名称只含难度星号/结尾标点，清理即可
PHYSICS,物理意义-一切自发过程总是沿着分子热运动的无序度增大的方向进行程,rename,物理意义,,整句话当名称 -> 机械推导
PHYSICS,一些方向性的例子,rename,一些方向性的例子,,只有标题冒号 -> 机械推导
PHYSICS,意义-x1,review,,,名称不可用（只有标题冒号），需读上下文定名
PHYSICS,内容-一个热力学系统的内能变化量等于外界向它传递的热量与外界对它所做的功的和,review,,,名称不可用（整句话当名称），需读上下文定名
PHYSICS,不要漏掉大气压强-同时又要尽可能平衡掉某些大气的压力,review,,,名称不可用（整句话当名称），需读上下文定名
PHYSICS,注意事项-x1,delete,,,抽取事故：题干/答案标记，非知识点
PHYSICS,实验步骤-x1,merge,,实验步骤,与 实验步骤 是同一概念（去星号后同名）
PHYSICS,数据处理-x2,review,,,名称不可用（只有标题冒号），需读上下文定名
PHYSICS,注意事项-x2,delete,,,抽取事故：题干/答案标记，非知识点
PHYSICS,若边线宽度不等于玻璃砖宽度时引起的误差分析,rename,若边线宽度不等于玻璃砖宽度时引起的误差分析,,名称只含难度星号/结尾标点，清理即可
PHYSICS,实验原理-条纹间距δx与光波长λ-双缝间距d及双缝与屏的距离l-有关系式为,rename,实验原理,,整句话当名称 -> 机械推导
PHYSICS,注意事项-1-调节各器件的高度-使光源灯丝发出的光能沿遮光筒轴线到达光屏,review,,,名称不可用（整句话当名称），需读上下文定名
PHYSICS,分子运动速率分布图像-气体分子速率呈-中间多-两头少-的规律分布-如下图所示,delete,,,抽取事故：题干/答案标记，非知识点
PHYSICS,原理-x2,review,,,名称不可用（通用名词无主语），需读上下文定名
PHYSICS,分类-x2,review,,,名称不可用（通用名词无主语），需读上下文定名
PHYSICS,玻尔理论的几个重要概念,rename,玻尔理论的几个重要概念,,名称只含难度星号/结尾标点，清理即可
PHYSICS,质能方程-该式表明物体的能量和质量之间存在着密切的联系,rename,质能方程,,整句话当名称 -> 机械推导
PHYSICS,基本概念理解,rename,基本概念理解,,只有标题冒号 -> 机械推导
PHYSICS,常用公式-n-n-m-m,rename,常用公式,,名称只含难度星号/结尾标点，清理即可
PHYSICS,规律的用途-利用天然放射性元素的半衰期可以估测岩石-化石和文物的年代,rename,规律的用途,,整句话当名称 -> 机械推导
PHYSICS,电子束衍射实验-戴维孙-g-p-汤姆孙-证实电子的波动性,rename,电子束衍射实验(戴维孙、G.P.汤姆孙),,整句话当名称 -> 机械推导
PHYSICS,中子-卢瑟福预言中子的存在-查德威克证实,rename,中子,,名称只含难度星号/结尾标点，清理即可
PHYSICS,第一次人工核反应,rename,第一次人工核反应,,只有标题冒号 -> 机械推导
PHYSICS,光电效应方程,rename,光电效应方程,,名称只含难度星号/结尾标点，清理即可
PHYSICS,原子核的组成-原子核是由质子和中子组成的-原子核的电荷数等于核内的质子数,rename,原子核的组成,,整句话当名称 -> 机械推导
PHYSICS,黑体辐射-黑体虽然不反射电磁波-却可以向外辐射电磁波,rename,黑体辐射,,整句话当名称 -> 机械推导
PHYSICS,光的波粒二象性的表现规律,rename,光的波粒二象性的表现规律,,名称只含难度星号/结尾标点，清理即可
PHYSICS,能量观点-用动能定理和能量守恒观点解题-可处理非匀变速运动问题,rename,能量观点,,整句话当名称 -> 机械推导
PHYSICS,判断滑块和模板运动状态的技巧,rename,判断滑块和模板运动状态的技巧,,名称只含难度星号/结尾标点，清理即可
PHYSICS,模型解读-x2,review,,,名称不可用（只有标题冒号），需读上下文定名
PHYSICS,模型临界问题-x1,merge,,模型临界问题,与 模型临界问题 是同一概念（去星号后同名）
PHYSICS,模型特点-x1,merge,,模型特点,与 模型特点 是同一概念（去星号后同名）
PHYSICS,情景分析-x1,review,,,名称不可用（只有标题冒号），需读上下文定名
PHYSICS,结果讨论-x1,delete,,,抽取事故：题干/答案标记，非知识点
PHYSICS,弹簧锁定模型,rename,弹簧锁定模型,,只有标题冒号 -> 机械推导
PHYSICS,倾斜传送带-x1,merge,,倾斜传送带,与 倾斜传送带 是同一概念（去星号后同名）
PHYSICS,功能关系分析,rename,功能关系分析,,只有标题冒号 -> 机械推导
PHYSICS,如果要列出各物理量在某一时刻的关系式-可用牛顿第二定律,review,,,名称不可用（整句话当名称），需读上下文定名
PHYSICS,若单独利用动量观点-或能量观点-无法解决问题-可尝试两种观点结合联立方程求解,review,,,名称不可用（整句话当名称），需读上下文定名
PHYSICS,基本思路,review,,,名称不可用（通用名词无主语），需读上下文定名
PHYSICS,系统误差,rename,系统误差,,只有标题冒号 -> 机械推导
PHYSICS,偶然误差,rename,偶然误差,,只有标题冒号 -> 机械推导
PHYSICS,图例,rename,多用电表面板标识的含义,,列表项的**行首标签**被当成了名字，名字脱离父主题就不成知识点名；原边界：欧姆表的欧姆调零旋钮、指针定位螺丝、表笔的正负插孔
PHYSICS,用途,rename,多用电表的使用,,列表项的**行首标签**被当成了名字，名字脱离父主题就不成知识点名；原边界：①测电压…②测电流…多用电表与被测电路并联/串联
PHYSICS,必须估读的仪器-这类仪器是大多数-其读数需要包含一位可靠的估计值,rename,必须估读的仪器,,整句话当名称 -> 机械推导
PHYSICS,纸带处理,rename,纸带处理,,只有标题冒号 -> 机械推导
PHYSICS,探究结果-胡克定律-x为形变量,rename,探究结果,,名称只含难度星号/结尾标点，清理即可
PHYSICS,重点步骤,rename,验证力的平行四边形定则,,列表项的**行首标签**被当成了名字，名字脱离父主题就不成知识点名；原边界：(1)第一次拉：两把称…(2)第二次拉…作力的图示，再用平行四边形定则合成
PHYSICS,实验方法-控制变量法-保持m不变探究a与f关系-保持f不变探究a与m关系,rename,实验方法,,整句话当名称 -> 机械推导
PHYSICS,误差分析,merge,,误差分析-x1,与 误差分析-x1 是同一概念（去星号后同名）
PHYSICS,实验描迹法-一次抛动记录一个点-重复抛动,rename,实验描迹法,,名称只含难度星号/结尾标点，清理即可
PHYSICS,实验目的,rename,探究向心力大小的影响因素,,列表项的**行首标签**被当成了名字，名字脱离父主题就不成知识点名；原边界：探究向心力与半径、角速度、质量的关系
PHYSICS,注意事项,delete,,,抽取事故：题干/答案标记，非知识点
PHYSICS,数据处理,review,,,名称不可用（只有标题冒号），需读上下文定名
PHYSICS,小球碰撞平抛实验法步骤,rename,小球碰撞平抛实验法步骤,,名称只含难度星号/结尾标点，清理即可
PHYSICS,拓展-气垫导轨光电门测速实验法,rename,拓展,,名称只含难度星号/结尾标点，清理即可
PHYSICS,测周期-测n次-约50次-全振动的总时间,rename,测周期,,名称只含难度星号/结尾标点，清理即可
PHYSICS,实验结论-周期的平方与摆长成正比,review,,,改名后与「实验结论」同名，需确认是否同一概念（同概念则 merge）
PHYSICS,以基本的力学模型为载体-依托运动学规律和力学定律设计实验,delete,,,抽取事故：题干/答案标记，非知识点
PHYSICS,用力传感器或已知质量的钩码等代替弹簧测力计,rename,用力传感器或已知质量的钩码等代替弹簧测力计,,名称只含难度星号/结尾标点，清理即可
PHYSICS,由测定加速度延伸为测定动摩擦因数,rename,由测定加速度延伸为测定动摩擦因数,,名称只含难度星号/结尾标点，清理即可
PHYSICS,由测定加速度延伸为测定交流电的频率,rename,由测定加速度延伸为测定交流电的频率,,名称只含难度星号/结尾标点，清理即可
PHYSICS,图像法在处理实验数据方面的应用,merge,,图像法在处理实验数据方面的应用-x1,与 图像法在处理实验数据方面的应用-x1 是同一概念（去星号后同名）
PHYSICS,电磁感应中的线框模型,merge,,电磁感应中的线框模型-x1,与 电磁感应中的线框模型-x1 是同一概念（去星号后同名）
CHEMISTRY,易错辨析-正确的打-错误的打,delete,,,抽取事故：题干/答案标记，非知识点
CHEMISTRY,通过对比物理变化和化学变化的不同-回答下列问题,delete,,,抽取事故：题干/答案标记，非知识点
CHEMISTRY,判断下列转化能否实现-能实现的打-不能实现的打,delete,,,抽取事故：题干/答案标记，非知识点
CHEMISTRY,fecl3溶液-fe-oh-3胶体-fe-oh-3浊液是三种重要的分散系,review,,,名称不可用（整句话当名称），需读上下文定名
CHEMISTRY,下列事实与胶体性质无关的是_________,delete,,,抽取事故：题干/答案标记，非知识点
CHEMISTRY,请把下列物质的序号填写到下图的横线上,delete,,,抽取事故：题干/答案标记，非知识点
CHEMISTRY,对下列物质分类-并完善表格内容,delete,,,抽取事故：题干/答案标记，非知识点
CHEMISTRY,下列有关物质的组成与分类的叙述正确的有________-填序号,delete,,,抽取事故：题干/答案标记，非知识点
CHEMISTRY,写出下列物质转化涉及的化学方程式,delete,,,抽取事故：题干/答案标记，非知识点
CHEMISTRY,举例说明下列反应在一定条件下可以实现,delete,,,抽取事故：题干/答案标记，非知识点
CHEMISTRY,书写fe-oh-3胶体制备的化学方程式的五个易错点,delete,,,抽取事故：题干/答案标记，非知识点
CHEMISTRY,用fe-oh-3胶体进行下列实验,delete,,,抽取事故：题干/答案标记，非知识点
CHEMISTRY,判断下列实验过程是否正确,delete,,,抽取事故：题干/答案标记，非知识点
CHEMISTRY,看-气体-是否处于-标准状况-0-101kpa,review,,,名称不可用（整句话当名称），需读上下文定名
CHEMISTRY,d2o-h-h-d-h-t-h-三者中的中子数不同,rename,D2O,,整句话当名称 -> 机械推导
CHEMISTRY,计算下列小题中所含微粒数目,delete,,,抽取事故：题干/答案标记，非知识点
CHEMISTRY,判断正误-正确的打-错误的打,delete,,,抽取事故：题干/答案标记，非知识点
CHEMISTRY,从溶液改变角度分析产生的误差-用-偏大-偏小-或-无影响-填空,review,,,名称不可用（整句话当名称），需读上下文定名
CHEMISTRY,从溶质改变角度分析产生的误差-用-偏大-偏小-或-无影响-填空,review,,,名称不可用（整句话当名称），需读上下文定名
CHEMISTRY,设为阿伏加德罗常数的值-下列说法正确的是,delete,,,抽取事故：题干/答案标记，非知识点
CHEMISTRY,下列有关的叙述正确的是,delete,,,抽取事故：题干/答案标记，非知识点
CHEMISTRY,02-1022个na-的物质的量为,delete,,,抽取事故：题干/答案标记，非知识点
CHEMISTRY,看-标准状况-下物质是否为-气体,rename,看“标准状况”下物质是否为“气体”,,名称只含难度星号/结尾标点，清理即可
CHEMISTRY,在化学研究中-物质的量浓度是使用最广泛的一种表示溶液浓度的方法,review,,,名称不可用（整句话当名称），需读上下文定名
CHEMISTRY,物质的量是高中化学常用的物理量-请完成以下有关计算,review,,,名称不可用（整句话当名称），需读上下文定名
CHEMISTRY,物质的量是高中化学常用的物理量-请完成以下有关计算-设na为阿伏加德罗常数的值,review,,,名称不可用（整句话当名称），需读上下文定名
CHEMISTRY,完成下列反应的离子方程式,delete,,,抽取事故：题干/答案标记，非知识点
CHEMISTRY,写出符合下列情况的离子方程式,delete,,,抽取事故：题干/答案标记，非知识点
CHEMISTRY,连续型离子方程式的书写-分类分析法,rename,连续型离子方程式的书写(分类分析法),,名称只含难度星号/结尾标点，清理即可
CHEMISTRY,竞争型离子方程式的书写-先强后弱法,rename,竞争型离子方程式的书写(先强后弱法),,名称只含难度星号/结尾标点，清理即可
CHEMISTRY,配比型离子方程式的书写-少定多变法,rename,配比型离子方程式的书写(少定多变法),,名称只含难度星号/结尾标点，清理即可
CHEMISTRY,按要求写出下列反应的离子方程式,delete,,,抽取事故：题干/答案标记，非知识点
CHEMISTRY,易错辨析-正确的打-错误的打-x2,delete,,,抽取事故：题干/答案标记，非知识点
CHEMISTRY,下列离子在未知溶液中的检验方法正确的是,delete,,,抽取事故：题干/答案标记，非知识点
CHEMISTRY,下列指定反应的离子方程式正确的是,delete,,,抽取事故：题干/答案标记，非知识点
CHEMISTRY,2024-经典习题改编-按要求正确书写相关离子方程式,review,,,名称不可用（整句话当名称），需读上下文定名
CHEMISTRY,某溶液中可能含有下列阴离子-so-so-co-cl,delete,,,抽取事故：题干/答案标记，非知识点
CHEMISTRY,下列有关离子的鉴别方法不正确的是,delete,,,抽取事故：题干/答案标记，非知识点
CHEMISTRY,已知某100-ml溶液中含有的部分离子的浓度大小如表所示,review,,,名称不可用（整句话当名称），需读上下文定名
CHEMISTRY,能正确表示下列反应的离子方程式为,delete,,,抽取事故：题干/答案标记，非知识点
CHEMISTRY,下列离子方程式正确的是,delete,,,抽取事故：题干/答案标记，非知识点
CHEMISTRY,下列离子方程式书写正确的是,delete,,,抽取事故：题干/答案标记，非知识点
CHEMISTRY,下列溶液中-离子一定能大量共存的有____________,delete,,,抽取事故：题干/答案标记，非知识点
CHEMISTRY,书写离子方程式应注意的问题,delete,,,抽取事故：题干/答案标记，非知识点
CHEMISTRY,根据要求回答下列问题,delete,,,抽取事故：题干/答案标记，非知识点
CHEMISTRY,某同学用na2co3和nahco3溶液进行如图所示实验-下列说法不正确的是,delete,,,抽取事故：题干/答案标记，非知识点
CHEMISTRY,碱金属元素单质及其化合物有广泛用途,rename,碱金属元素单质及其化合物有广泛用途,,名称只含难度星号/结尾标点，清理即可
CHEMISTRY,na2o2是一种常见的过氧化物-具有强氧化性和漂白性,review,,,名称不可用（整句话当名称），需读上下文定名
CHEMISTRY,绿色思想-循环使用的物质为co2-饱和食盐水,rename,绿色思想,,名称只含难度星号/结尾标点，清理即可
CHEMISTRY,金属钠与二氧化碳反应的实验步骤及现象如下表,delete,,,抽取事故：题干/答案标记，非知识点
CHEMISTRY,易错辨析-x1,delete,,,抽取事故：题干/答案标记，非知识点
CHEMISTRY,下列关于卤素的叙述正确的是,delete,,,抽取事故：题干/答案标记，非知识点
CHEMISTRY,碘-紫黑色固体-微溶于水-及其化合物广泛用于医药-染料等方面-回答下列问题,delete,,,抽取事故：题干/答案标记，非知识点
CHEMISTRY,气体摩尔体积,merge,,气体摩尔体积-x1,与 气体摩尔体积-x1 是同一概念（去星号后同名）
CHEMISTRY,物质的量浓度,merge,,物质的量浓度-x1,与 物质的量浓度-x1 是同一概念（去星号后同名）
CHEMISTRY,下列说法正确的是,delete,,,抽取事故：题干/答案标记，非知识点
CHEMISTRY,在指定条件下-下列有关铁单质的转化不能实现的是,delete,,,抽取事故：题干/答案标记，非知识点
CHEMISTRY,菠菜常用作补铁食品之一-为探究其中铁元素的价态-现进行如下实验,delete,,,抽取事故：题干/答案标记，非知识点
CHEMISTRY,电子工业常用30-的fecl3溶液腐蚀敷在绝缘板上的铜箔-制造印刷电路板,review,,,名称不可用（整句话当名称），需读上下文定名
CHEMISTRY,下列叙述正确的是,delete,,,抽取事故：题干/答案标记，非知识点
CHEMISTRY,铁与水蒸气反应实验改进前后的装置如图所示,delete,,,抽取事故：题干/答案标记，非知识点
CHEMISTRY,在fecl3-cucl2混合溶液中-加入铁粉与铜粉的混合物,review,,,名称不可用（整句话当名称），需读上下文定名
CHEMISTRY,横向变化体现了同价态不同的类别-氧化物-碱-盐-物质之间的转化,review,,,名称不可用（整句话当名称），需读上下文定名
CHEMISTRY,斜向变化体现不同价态-不同类别之间物质的转化-主要体现物质的氧化性或还原性,review,,,名称不可用（整句话当名称），需读上下文定名
CHEMISTRY,用如图所示装置-夹持仪器省略-制备氢氧化亚铁,delete,,,抽取事故：题干/答案标记，非知识点
CHEMISTRY,判断正误-正确的打-错误的打-x4,delete,,,抽取事故：题干/答案标记，非知识点
CHEMISTRY,粗铜的电解精炼示意图如图所示,delete,,,抽取事故：题干/答案标记，非知识点
CHEMISTRY,判断正误-正确的打-错误的打-x5,delete,,,抽取事故：题干/答案标记，非知识点
CHEMISTRY,深度思考-x1,delete,,,抽取事故：题干/答案标记，非知识点
CHEMISTRY,了解电镀原理,rename,了解电镀原理,,名称只含难度星号/结尾标点，清理即可
CHEMISTRY,查阅资料-了解工业生产中提高电镀质量的方法,delete,,,题干/答案原文或抽取截断，节点不含知识点
CHEMISTRY,设计和制作一个氢氧燃料电池,rename,设计和制作一个氢氧燃料电池,,名称只含难度星号/结尾标点，清理即可
CHEMISTRY,mol-l-1-na2so4溶液-酚酞溶液,rename,mol·L－1 Na2SO4溶液、酚酞溶液,,名称只含难度星号/结尾标点，清理即可
CHEMISTRY,电解水,rename,电解水,,名称只含难度星号/结尾标点，清理即可
CHEMISTRY,制作一个氢氧燃料电池,rename,制作一个氢氧燃料电池,,名称只含难度星号/结尾标点，清理即可
CHEMISTRY,关于氢氧燃料电池说法正确的是,delete,,,抽取事故：题干/答案标记，非知识点
CHEMISTRY,判断正误-正确的打-错误的打-x6,delete,,,抽取事故：题干/答案标记，非知识点
CHEMISTRY,分析电解过程的思维程序,rename,分析电解过程的思维程序,,名称只含难度星号/结尾标点，清理即可
CHEMISTRY,如图-回答下列问题,delete,,,抽取事故：题干/答案标记，非知识点
CHEMISTRY,某兴趣小组利用电解装置-探究-铁作阳极-时发生反应的多样性-实验过程如图,delete,,,抽取事故：题干/答案标记，非知识点
CHEMISTRY,以混有sio2的mgco3为原料制备氧化镁的实验流程如图,delete,,,抽取事故：题干/答案标记，非知识点
CHEMISTRY,电解池工作原理-以电解cucl2溶液为例,rename,电解池工作原理(以电解CuCl2溶液为例),,名称只含难度星号/结尾标点，清理即可
CHEMISTRY,能源与科学-技术-社会密不可分-下列装置或过程能实现电能转化为化学能的是,delete,,,抽取事故：题干/答案标记，非知识点
CHEMISTRY,部分含铜物质的分类与相应铜元素的化合价关系如图所示-下列说法正确的是,delete,,,抽取事故：题干/答案标记，非知识点
CHEMISTRY,电负性-x1,merge,,电负性,与 电负性 是同一概念（去星号后同名）
CHEMISTRY,下列事实不能说明元素的金属性或非金属性相对强弱的是,delete,,,抽取事故：题干/答案标记，非知识点
CHEMISTRY,根据信息回答下列问题,delete,,,抽取事故：题干/答案标记，非知识点
CHEMISTRY,确定下列指定元素的原子序数,delete,,,抽取事故：题干/答案标记，非知识点
CHEMISTRY,比较下列微粒半径的大小-用-或-填空,delete,,,抽取事故：题干/答案标记，非知识点
CHEMISTRY,c-o-na-al-si-s-cl是常见的几种元素-请回答下列问题,delete,,,抽取事故：题干/答案标记，非知识点
CHEMISTRY,根据元素周期律比较下列各组性质-用-或-填空,delete,,,抽取事故：题干/答案标记，非知识点
CHEMISTRY,易错辨析-x2,delete,,,抽取事故：题干/答案标记，非知识点
CHEMISTRY,在下列反应中硫元素只表现氧化性的是,delete,,,抽取事故：题干/答案标记，非知识点
CHEMISTRY,易错辨析-x3,delete,,,抽取事故：题干/答案标记，非知识点
CHEMISTRY,如图所示是检验某无色气体a是so2和co2的混合气体的装置-按要求回答下列问题,delete,,,抽取事故：题干/答案标记，非知识点
CHEMISTRY,硫酸是中学化学实验室的常见药品-其性质有,delete,,,题干/答案原文或抽取截断，节点不含知识点
CHEMISTRY,某小组同学设计实验实现几种价态硫元素的转化,delete,,,抽取事故：题干/答案标记，非知识点
CHEMISTRY,熟练掌握溶解-过滤-蒸发等操作-认识化学方法在物质分离和提纯中的重要作用,review,,,名称不可用（整句话当名称），需读上下文定名
CHEMISTRY,本实验中加入试剂的顺序是什么-按照其他顺序加入试剂能否达到同样的目的,review,,,名称不可用（整句话当名称），需读上下文定名
CHEMISTRY,在实验操作②中为什么依次加入的试剂都要略微过量-实验操作④中加入盐酸的目的是什么,review,,,名称不可用（整句话当名称），需读上下文定名
CHEMISTRY,粗盐水中加入氯化钡溶液使s沉淀而除去-如何检验s是否沉淀完全,review,,,名称不可用（整句话当名称），需读上下文定名
CHEMISTRY,通过此次实验活动-你认为物质分离和提纯原则应该有哪些,review,,,名称不可用（整句话当名称），需读上下文定名
CHEMISTRY,某同学在一张ph试纸上滴几滴新制氯水-现象如图-下列有关该实验的说法中正确的是,delete,,,抽取事故：题干/答案标记，非知识点
CHEMISTRY,下图是检验某无色气体a是so2和co2的混合气体的装置图-按要求回答下列问题,delete,,,抽取事故：题干/答案标记，非知识点
CHEMISTRY,下列氮气的用途叙述中-分别应用了氮气的什么性质,delete,,,抽取事故：题干/答案标记，非知识点
CHEMISTRY,nox是汽车尾气中的主要污染物之一,rename,NOx 对大气的污染,,列表项的**行首标签**被当成了名字，名字脱离父主题就不成知识点名；名字是陈述句；同科目材料：工业尾气中的 NOx 常用碱液吸收处理
CHEMISTRY,nh3是中学化学中唯一的碱性气体-能使湿润的-色石蕊试纸变,delete,,,抽取事故：题干/答案标记，非知识点
CHEMISTRY,物理性质-x1,merge,,物理性质,与 物理性质 是同一概念（去星号后同名）
CHEMISTRY,化学性质-x1,merge,,化学性质,与 化学性质 是同一概念（去星号后同名）
CHEMISTRY,n2o-no和no2等氮氧化物是空气污染物-含有氮氧化物的尾气需处理后才能排放,review,,,名称不可用（整句话当名称），需读上下文定名
CHEMISTRY,工业上制备的盐酸显黄色是因为溶有fe3-而浓hno3显黄色是因为溶有no2,review,,,名称不可用（整句话当名称），需读上下文定名
CHEMISTRY,浓盐酸和浓氨水反应有白烟生成-常用于hcl和nh3的相互检验,review,,,名称不可用（整句话当名称），需读上下文定名
CHEMISTRY,验证某无色气体为no的方法是向无色气体中通入o2-或空气-无色气体变为红棕色,review,,,名称不可用（整句话当名称），需读上下文定名
CHEMISTRY,常温下-铁-铝遇浓硝酸能发生-钝化-并非不反应-故常温下浓硝酸可以用铁桶盛放,review,,,名称不可用（整句话当名称），需读上下文定名
CHEMISTRY,吸收氨气-或hcl-时要注意防止倒吸,rename,吸收氨气(或HCl)时要注意防止倒吸,,名称只含难度星号/结尾标点，清理即可
CHEMISTRY,正误判断-正确的打-错误的打-x1,delete,,,抽取事故：题干/答案标记，非知识点
CHEMISTRY,若某溶液中既含又含-请设计实验检验混合溶液中是否存在,delete,,,抽取事故：题干/答案标记，非知识点
CHEMISTRY,应用氧化还原反应的原理实现不同价态含硫物质的转化,rename,应用氧化还原反应的原理实现不同价态含硫物质的转化,,整句话当名称 -> 机械推导
CHEMISTRY,绿色化学-x1,merge,,绿色化学,与 绿色化学 是同一概念（去星号后同名）
CHEMISTRY,正误判断-正确的打-错误的打-x2,delete,,,抽取事故：题干/答案标记，非知识点
CHEMISTRY,写出除去下列气体中混有的杂质-括号内为杂质-可采取的方法,delete,,,抽取事故：题干/答案标记，非知识点
CHEMISTRY,易错辨析-x4,delete,,,抽取事故：题干/答案标记，非知识点
CHEMISTRY,判断正误-正确的打-错误的打-x7,delete,,,抽取事故：题干/答案标记，非知识点
CHEMISTRY,硅单质及其化合物应用范围很广-请回答下列问题,delete,,,抽取事故：题干/答案标记，非知识点
CHEMISTRY,硅及其化合物的应用范围很广-下列说法正确的是,delete,,,抽取事故：题干/答案标记，非知识点
CHEMISTRY,由下列实验事实得出的结论正确的是,delete,,,抽取事故：题干/答案标记，非知识点
CHEMISTRY,硅是地壳中储量仅次于氧的元素-在自然界中主要以和硅酸盐的形式存在,review,,,名称不可用（整句话当名称），需读上下文定名
CHEMISTRY,含铁化合物的应用研究是科学研究的前沿之一-回答下列问题,delete,,,抽取事故：题干/答案标记，非知识点
CHEMISTRY,写出除去下列固体粉末中混有杂质-括号内为杂质-可采取的方法-写出有关反应的方程式,delete,,,抽取事故：题干/答案标记，非知识点
CHEMISTRY,易错辨析,delete,,,抽取事故：题干/答案标记，非知识点
CHEMISTRY,在一定温度下-利用催化剂将nh3分解为n2和h2-相关化学键的键能数据如下,review,,,名称不可用（整句话当名称），需读上下文定名
CHEMISTRY,某反应的反应过程与能量关系如图所示,delete,,,抽取事故：题干/答案标记，非知识点
CHEMISTRY,写出下列燃烧元素对应的稳定产物及状态,delete,,,抽取事故：题干/答案标记，非知识点
CHEMISTRY,定义,review,,,名称不可用（通用名词无主语），需读上下文定名
CHEMISTRY,请写出298-k-101-kpa时-下列反应的热化学方程式,delete,,,抽取事故：题干/答案标记，非知识点
CHEMISTRY,如图是通过热化学循环在较低温度下由水或硫化氢分解制备氢气的反应系统原理,delete,,,抽取事故：题干/答案标记，非知识点
CHEMISTRY,依据图示关系-请回答,delete,,,题干/答案原文或抽取截断，节点不含知识点
CHEMISTRY,已知,delete,,,抽取事故：题干/答案标记，非知识点
CHEMISTRY,试比较下列各组δh的大小,delete,,,抽取事故：题干/答案标记，非知识点
CHEMISTRY,根据以下热化学方程式-δh1和δh2的大小比较错误的是,delete,,,抽取事故：题干/答案标记，非知识点
CHEMISTRY,正误判断-正确的打-错误的打,delete,,,抽取事故：题干/答案标记，非知识点
CHEMISTRY,标准状态下-下列物质气态时的相对能量如下表,delete,,,抽取事故：题干/答案标记，非知识点
CHEMISTRY,依据事实-写出下列反应的热化学方程式,delete,,,抽取事故：题干/答案标记，非知识点
CHEMISTRY,分析图像书写热化学方程式,rename,分析图像书写热化学方程式,,名称只含难度星号/结尾标点，清理即可
CHEMISTRY,按要求书写热化学方程式,delete,,,抽取事故：题干/答案标记，非知识点
CHEMISTRY,对于反应n2-g-3h2-g-2nh3-g,review,,,名称不可用（整句话当名称），需读上下文定名
CHEMISTRY,甲烷与氯气在光照条件下存在如下反应历程-表示电子,review,,,名称不可用（整句话当名称），需读上下文定名
CHEMISTRY,若上述题目中的-1-4-改成一定温度下的恒压密闭容器-结果又如何,review,,,名称不可用（整句话当名称），需读上下文定名
CHEMISTRY,2025-北京卷-为研究三价铁配合物性质进行如下实验-忽略溶液体积变化,delete,,,抽取事故：题干/答案标记，非知识点
CHEMISTRY,浓度,rename,浓度,,只有标题冒号 -> 机械推导
CHEMISTRY,压强,rename,压强,,只有标题冒号 -> 机械推导
CHEMISTRY,催化剂-催化剂同等程度改变正逆反应速率-不影响平衡移动,review,,,改名后与「催化剂」同名，需确认是否同一概念（同概念则 merge）
CHEMISTRY,对于以下反应-从反应开始进行到达到平衡后-保持温度-体积不变-按要求回答下列问题,delete,,,抽取事故：题干/答案标记，非知识点
CHEMISTRY,某温度下-在一恒容密闭容器中进行如下两个反应并达到平衡,review,,,名称不可用（整句话当名称），需读上下文定名
CHEMISTRY,工业上常用甲烷-水蒸气重整制备氢气-体系中发生如下反应,review,,,名称不可用（整句话当名称），需读上下文定名
CHEMISTRY,北京冬奥会期间使用氢燃料清洁能源汽车-其氢氧燃料电池工作示意图如图所示,delete,,,抽取事故：题干/答案标记，非知识点
CHEMISTRY,甲烷作燃料电池的负极反应物时-其电极反应式在不同的介质中有不同的写法,review,,,名称不可用（整句话当名称），需读上下文定名
CHEMISTRY,已知锂电池的正极反应物和产物-写出其正极反应,delete,,,抽取事故：题干/答案标记，非知识点
CHEMISTRY,o2作为原电池的正极反应物时-其电极反应在不同的介质中有不同的写法,review,,,名称不可用（整句话当名称），需读上下文定名
CHEMISTRY,判断正误-正确的打-错误的打-x2,delete,,,抽取事故：题干/答案标记，非知识点
CHEMISTRY,深度思考,delete,,,抽取事故：题干/答案标记，非知识点
CHEMISTRY,在浓差电池中-为了限定某些离子的移动-常涉及到-离子交换膜,review,,,名称不可用（整句话当名称），需读上下文定名
CHEMISTRY,在一定温度下-已知以下三个反应的平衡常数,delete,,,题干/答案原文或抽取截断，节点不含知识点
CHEMISTRY,已知反应-feo-s-co-g-fe-s-co2-g-δh-0,delete,,,抽取事故：题干/答案标记，非知识点
CHEMISTRY,已知-co-g-2h2-g-ch3oh-g-δh,delete,,,抽取事故：题干/答案标记，非知识点
CHEMISTRY,利用nh3的还原性可以消除氮氧化物的污染-其中除去no的主要反应如下,review,,,名称不可用（整句话当名称），需读上下文定名
CHEMISTRY,氢能是极具发展潜力的清洁能源-以氢燃料为代表的燃料电池有良好的应用前景,review,,,名称不可用（整句话当名称），需读上下文定名
CHEMISTRY,下列各组物质中化学键的类型和化合物的类型都相同的是,delete,,,抽取事故：题干/答案标记，非知识点
CHEMISTRY,写出下列物质的电子式,delete,,,抽取事故：题干/答案标记，非知识点
CHEMISTRY,甲-乙-丙三种有机物的结构如下,rename,甲、乙、丙三种有机物的结构,,名称只含难度星号/结尾标点，清理即可
CHEMISTRY,含碳元素的物质是化学世界中最庞大的家族-请填写下列空格,delete,,,抽取事故：题干/答案标记，非知识点
CHEMISTRY,判断下列物质中心原子的杂化方式,delete,,,抽取事故：题干/答案标记，非知识点
CHEMISTRY,1-指出下列粒子的空间结构,delete,,,抽取事故：题干/答案标记，非知识点
CHEMISTRY,1-比较下列分子或离子中的键角大小-填-或,delete,,,抽取事故：题干/答案标记，非知识点
CHEMISTRY,下列说法正确的是-x1,delete,,,抽取事故：题干/答案标记，非知识点
CHEMISTRY,有关分子的溶解性-解答下列各题,delete,,,抽取事故：题干/答案标记，非知识点
CHEMISTRY,有关物质的熔-沸点-解答下列问题,delete,,,抽取事故：题干/答案标记，非知识点
CHEMISTRY,下列说法不正确的是,delete,,,抽取事故：题干/答案标记，非知识点
CHEMISTRY,填写下表,delete,,,抽取事故：题干/答案标记，非知识点
CHEMISTRY,回答下列问题,delete,,,抽取事故：题干/答案标记，非知识点
CHEMISTRY,下列每组物质中含有的化学键类型相同的是,delete,,,抽取事故：题干/答案标记，非知识点
CHEMISTRY,下列表达正确的是,delete,,,抽取事故：题干/答案标记，非知识点
CHEMISTRY,下列化学用语正确的有___________,delete,,,抽取事故：题干/答案标记，非知识点
CHEMISTRY,柠檬酸是一种重要的有机酸-存在于柠檬-柑橘-菠萝等水果中-其结构简式如图所示,delete,,,抽取事故：题干/答案标记，非知识点
CHEMISTRY,已知几种共价键的键能如下,delete,,,抽取事故：题干/答案标记，非知识点
CHEMISTRY,下列描述正确的是,delete,,,抽取事故：题干/答案标记，非知识点
CHEMISTRY,v2o5常用作so2转化为so3的催化剂,rename,V2O5常用作SO2转化为SO3的催化剂,,名称只含难度星号/结尾标点，清理即可
CHEMISTRY,下列物质的性质变化与范德华力有关的是,delete,,,抽取事故：题干/答案标记，非知识点
CHEMISTRY,下列离子的中心原子的杂化方式与其他三种不同的是,delete,,,抽取事故：题干/答案标记，非知识点
CHEMISTRY,下列关于ph3和nh3的说法正确的是,delete,,,抽取事故：题干/答案标记，非知识点
CHEMISTRY,下列有关合成氨工业的说法中-正确的是,delete,,,抽取事故：题干/答案标记，非知识点
CHEMISTRY,乙烯是石油化工最基本的原料之一,rename,乙烯是石油化工最基本的原料之一,,名称只含难度星号/结尾标点，清理即可
CHEMISTRY,常见图像形式,rename,常见图像形式,,只有标题冒号 -> 机械推导
CHEMISTRY,析图关键-关注曲线变化趋势-采取-定一议二-法,rename,析图关键——关注曲线变化趋势，采取“定一议二”法,,整句话当名称 -> 机械推导
CHEMISTRY,2024-湖南卷-恒压下-向某密闭容器中充入一定量的和-发生如下反应,delete,,,抽取事故：高考题干残句，非知识点
CHEMISTRY,以fe3o4为原料炼铁-主要发生如下反应,delete,,,题干/答案原文或抽取截断，节点不含知识点
CHEMISTRY,2025-江苏卷-甘油水蒸气重整获得过程中的主要反应,delete,,,抽取事故：高考题干残句，非知识点
CHEMISTRY,2025-北京昌平-二模-催化加氢直接合成二甲醚过程中有以下2个反应,delete,,,抽取事故：高考题干残句，非知识点
CHEMISTRY,一种新型煤气化燃烧集成制氢发生的主要反应如下,rename,一种新型煤气化燃烧集成制氢发生的主要反应,,名称只含难度星号/结尾标点，清理即可
CHEMISTRY,下列措施可以增大化学反应速率的是________-填序号,delete,,,抽取事故：题干/答案标记，非知识点
CHEMISTRY,已知反应-4co-2no2n2-4co2在不同条件下的化学反应速率如下,review,,,名称不可用（整句话当名称），需读上下文定名
CHEMISTRY,书写下列化学反应的平衡常数表达式,delete,,,抽取事故：题干/答案标记，非知识点
CHEMISTRY,关于中和反应反应热的测定实验-请回答下列问题,delete,,,抽取事故：题干/答案标记，非知识点
CHEMISTRY,原电池-x1,merge,,原电池,与 原电池 是同一概念（去星号后同名）
CHEMISTRY,聚苯乙烯是一类重要的高分子材料-可通过苯乙烯聚合制得,review,,,名称不可用（整句话当名称），需读上下文定名
CHEMISTRY,化学键-x1,merge,,化学键,与 化学键 是同一概念（去星号后同名）
CHEMISTRY,共价键-x2,merge,,共价键,与 共价键 是同一概念（去星号后同名）
CHEMISTRY,按官能团的不同可以对有机物进行分类-请指出下列有机物所属的类别,delete,,,抽取事故：题干/答案标记，非知识点
CHEMISTRY,观察下列有机物-并按碳骨架把它们分类-完成填空,delete,,,抽取事故：题干/答案标记，非知识点
CHEMISTRY,写出下列官能团名称,delete,,,抽取事故：题干/答案标记，非知识点
CHEMISTRY,按要求填空-x1,delete,,,抽取事故：题干/答案标记，非知识点
CHEMISTRY,下列实验中-所采取的分离或提纯方法与对应原理都正确的是,delete,,,抽取事故：题干/答案标记，非知识点
CHEMISTRY,下列有机物分子中所有原子一定在同一平面内的是,delete,,,抽取事故：题干/答案标记，非知识点
CHEMISTRY,1-按要求完成下列填空,delete,,,抽取事故：题干/答案标记，非知识点
CHEMISTRY,1-下列物质中属于乙烯的同系物的是________-填序号-下同,delete,,,抽取事故：题干/答案标记，非知识点
CHEMISTRY,1-中含氧官能团名称是________,delete,,,抽取事故：题干/答案标记，非知识点
CHEMISTRY,用系统命名法给下列有机物命名,delete,,,抽取事故：题干/答案标记，非知识点
CHEMISTRY,写出下列有机物的名称,delete,,,抽取事故：题干/答案标记，非知识点
CHEMISTRY,下列关于有机物的分离-提纯方法-正确的是,delete,,,抽取事故：题干/答案标记，非知识点
CHEMISTRY,下列说法正确的是-x2,delete,,,抽取事故：题干/答案标记，非知识点
CHEMISTRY,某有机物结构为-回答下列问题,delete,,,抽取事故：题干/答案标记，非知识点
CHEMISTRY,有多种同分异构体-同时满足下列条件的同分异构体有_____种-不考虑立体异构,delete,,,抽取事故：题干/答案标记，非知识点
CHEMISTRY,在e-的同分异构体中-同时满足下列条件的总数为_____种,delete,,,抽取事故：题干/答案标记，非知识点
CHEMISTRY,4-溴甲基-1-环己烯的一种合成路线如下,rename,4-溴甲基-1-环己烯的一种合成路线,,名称只含难度星号/结尾标点，清理即可
CHEMISTRY,1-根据的结构特征-预测其可能的化学性质,delete,,,题干/答案原文或抽取截断，节点不含知识点
CHEMISTRY,以溴乙烷为原料制备1-2-二溴乙烷-下列方案中最合理的是,delete,,,抽取事故：题干/答案标记，非知识点
CHEMISTRY,已知-x1,delete,,,抽取事故：题干/答案标记，非知识点
CHEMISTRY,有机物g-是一种调香香精-也可用作抗氧化剂-工业合成路线之一如下,review,,,名称不可用（公式被剥离），需读上下文定名
CHEMISTRY,一种药物中间体-h-的合成路线如下,rename,一种药物中间体(H)的合成路线,,名称只含难度星号/结尾标点，清理即可
CHEMISTRY,黄酮哌酯是一种解痉药-可通过如下路线合成,delete,,,题干/答案原文或抽取截断，节点不含知识点
CHEMISTRY,2025-天津-一模-化合物z是合成连翘酯苷类似物的重要中间体-其合成路线如下,delete,,,抽取事故：高考题干残句，非知识点
CHEMISTRY,甲基丁香酚g-可用作食用香精-某小组设计的制备甲基丁香酚的流程如下,review,,,名称不可用（公式被剥离），需读上下文定名
CHEMISTRY,已知-①环己烯可以通过1-3-丁二烯与乙烯发生环化加成反应得到,review,,,名称不可用（整句话当名称），需读上下文定名
CHEMISTRY,在b-的同分异构体中-同时满足下列条件的共有____种-不考虑立体异构,delete,,,抽取事故：题干/答案标记，非知识点
CHEMISTRY,高聚物g是一种合成纤维-由a与e为原料制备j和g的一种合成路线如下,review,,,名称不可用（整句话当名称），需读上下文定名
CHEMISTRY,2025-湖北卷-化合物g是某药物的关键原料-合成路线如下,delete,,,抽取事故：高考题干残句，非知识点
CHEMISTRY,2025-北京卷-一种受体拮抗剂中间体p合成路线如下,delete,,,抽取事故：高考题干残句，非知识点
CHEMISTRY,支气管扩张药物特布他林-h-的一种合成路线如下,rename,支气管扩张药物特布他林(H)的一种合成路线,,名称只含难度星号/结尾标点，清理即可
CHEMISTRY,1-按系统命名法对下列有机物进行命名,delete,,,抽取事故：题干/答案标记，非知识点
CHEMISTRY,碳酸亚乙烯酯是锂离子电池低温电解液的重要添加剂-其分子结构如图,delete,,,抽取事故：题干/答案标记，非知识点
CHEMISTRY,化合物g可用于药用多肽的结构修饰-其人工合成路线如下,delete,,,题干/答案原文或抽取截断，节点不含知识点
CHEMISTRY,盖斯定律,merge,,盖斯定律-x1,与 盖斯定律-x1 是同一概念（去星号后同名）
CHEMISTRY,燃烧热,merge,,燃烧热-x1,与 燃烧热-x1 是同一概念（去星号后同名）
CHEMISTRY,氢化钠-nah-广泛应用于工业生产,rename,氢化钠(NaH)广泛应用于工业生产,,名称只含难度星号/结尾标点，清理即可
CHEMISTRY,已知nabh4与水反应的化学方程式为nabh4-2h2o-nabo2-4h2,review,,,名称不可用（整句话当名称），需读上下文定名
CHEMISTRY,根据反应事实判断性质的强弱,rename,根据反应事实判断性质的强弱,,名称只含难度星号/结尾标点，清理即可
CHEMISTRY,实验室制备高铁酸钾-k2feo4-并探究其性质,rename,实验室制备高铁酸钾(K2FeO4)并探究其性质,,名称只含难度星号/结尾标点，清理即可
CHEMISTRY,已知g-q-x-y-z均为含氯元素的化合物-在一定条件下有下列转化关系-未配平,delete,,,抽取事故：题干/答案标记，非知识点
CHEMISTRY,配平下列化学方程式,delete,,,抽取事故：题干/答案标记，非知识点
CHEMISTRY,已知有如下反应,delete,,,抽取事故：题干/答案标记，非知识点
CHEMISTRY,根据题给信息写出对应的方程式,rename,根据题给信息写出对应的方程式,,名称只含难度星号/结尾标点，清理即可
CHEMISTRY,在酸性条件下-黄铁矿-fes2-其中s为-1价-催化氧化的反应转化如图所示,delete,,,抽取事故：题干/答案标记，非知识点
CHEMISTRY,1-某催化转化过程如图所示,delete,,,抽取事故：题干/答案标记，非知识点
CHEMISTRY,按要求书写离子方程式,delete,,,抽取事故：题干/答案标记，非知识点
CHEMISTRY,氧化还原反应-x1,merge,,氧化还原反应,与 氧化还原反应 是同一概念（去星号后同名）
CHEMISTRY,配平下列氧化还原反应方程式,delete,,,抽取事故：题干/答案标记，非知识点
CHEMISTRY,现有下列三个氧化还原反应,delete,,,抽取事故：题干/答案标记，非知识点
CHEMISTRY,三步法-配平缺项氧化还原反应化学方程式,rename,“三步法”配平缺项氧化还原反应化学方程式,,名称只含难度星号/结尾标点，清理即可
CHEMISTRY,平衡常数-x1,merge,,平衡常数,与 平衡常数 是同一概念（去星号后同名）
CHEMISTRY,判断正误-正确的打-错误的打-x1,delete,,,抽取事故：题干/答案标记，非知识点
CHEMISTRY,下列电离方程式中-正确的是,delete,,,抽取事故：题干/答案标记，非知识点
CHEMISTRY,分别测定不同浓度溶液-溶液和溶液的电导率数值-测定结果的数据处理如下表,delete,,,抽取事故：题干/答案标记，非知识点
CHEMISTRY,部分弱酸的电离常数如下表,delete,,,抽取事故：题干/答案标记，非知识点
CHEMISTRY,1-在一定温度下-有a-盐酸b-硫酸c-醋酸三种酸,review,,,名称不可用（整句话当名称），需读上下文定名
CHEMISTRY,利用电离常数-k-巧判溶液稀释中有关粒子浓度比值大小,review,,,名称不可用（整句话当名称），需读上下文定名
CHEMISTRY,下列关于电离常数的说法正确的是,delete,,,抽取事故：题干/答案标记，非知识点
CHEMISTRY,下列酸碱溶液恰好完全中和-如图所示-则下列叙述正确的是,delete,,,抽取事故：题干/答案标记，非知识点
CHEMISTRY,在相同浓度-相同温度下-与强电解质溶液做导电性对比实验,review,,,名称不可用（整句话当名称），需读上下文定名
CHEMISTRY,常温下-下列事实不能说明nh3-h2o为弱电解质的是,delete,,,抽取事故：题干/答案标记，非知识点
CHEMISTRY,室温下-进行如下实验,delete,,,抽取事故：题干/答案标记，非知识点
CHEMISTRY,溶度积-x1,merge,,溶度积,与 溶度积 是同一概念（去星号后同名）
CHEMISTRY,难溶电解质的ksp数值越小-表明在水中的溶解能力就越弱-这种说法对吗,review,,,名称不可用（整句话当名称），需读上下文定名
CHEMISTRY,在饱和溶液中加入少量的溶液产生沉淀-若以ksp表示的溶度积常数-则平衡后溶液中,review,,,名称不可用（整句话当名称），需读上下文定名
CHEMISTRY,常温下-过量固体溶于水的ph随时间变化的关系如图所示,delete,,,抽取事故：题干/答案标记，非知识点
CHEMISTRY,下列说法中-正确的是,delete,,,抽取事故：题干/答案标记，非知识点
CHEMISTRY,黑色的水溶性很差-已知-平衡常数-下列有关说法错误的是,delete,,,抽取事故：题干/答案标记，非知识点
CHEMISTRY,化学反应速率-x1,merge,,化学反应速率,与 化学反应速率 是同一概念（去星号后同名）
CHEMISTRY,化学平衡状态,merge,,化学平衡状态-x1,与 化学平衡状态-x1 是同一概念（去星号后同名）
CHEMISTRY,化学平衡的移动,merge,,化学平衡的移动-x1,与 化学平衡的移动-x1 是同一概念（去星号后同名）
CHEMISTRY,常温下-几种弱酸的电离平衡常数如下表所示,delete,,,抽取事故：题干/答案标记，非知识点
CHEMISTRY,下表是几种弱酸常温下的电离平衡常数,delete,,,抽取事故：题干/答案标记，非知识点
CHEMISTRY,沉淀溶解平衡-x1,merge,,沉淀溶解平衡,与 沉淀溶解平衡 是同一概念（去星号后同名）
CHEMISTRY,在不同温度下的沉淀溶解平衡曲线如图所示-下列说法不正确的是,delete,,,抽取事故：题干/答案标记，非知识点
CHEMISTRY,25-时-和的沉淀溶解平衡曲线如图-代表或-所示-下列说法不正确的是,delete,,,抽取事故：题干/答案标记，非知识点
CHEMISTRY,判断正误-正确的打-错误的打-x3,delete,,,抽取事故：题干/答案标记，非知识点
CHEMISTRY,1-判断下列溶液的酸碱性-用-酸性-碱性-中性-或-不确定-填空,delete,,,抽取事故：题干/答案标记，非知识点
CHEMISTRY,下列有关滴定操作的顺序正确的是,delete,,,抽取事故：题干/答案标记，非知识点
CHEMISTRY,水电离出的c-h-或c-oh-的相关计算-25,review,,,名称不可用（整句话当名称），需读上下文定名
CHEMISTRY,常温下-下列有关电解质溶液的说法正确的是,delete,,,抽取事故：题干/答案标记，非知识点
CHEMISTRY,巧抓-四点-突破酸碱中和滴定曲线中的粒子浓度关系,review,,,名称不可用（整句话当名称），需读上下文定名
CHEMISTRY,常温下-用溶液滴定溶液过程中的变化如下图所示-下列说法错误的是,delete,,,抽取事故：题干/答案标记，非知识点
CHEMISTRY,室温时-关于1ml盐酸的说法不正确的是,delete,,,抽取事故：题干/答案标记，非知识点
CHEMISTRY,定义-x1,review,,,名称不可用（通用名词无主语），需读上下文定名
CHEMISTRY,规律,review,,,名称不可用（通用名词无主语），需读上下文定名
CHEMISTRY,按要求书写离子方程式-x1,delete,,,抽取事故：题干/答案标记，非知识点
CHEMISTRY,简要回答,rename,简要回答,,只有标题冒号 -> 机械推导
CHEMISTRY,0-1-mol-l-1的na2co3溶液中各粒子浓度的关系,review,,,名称不可用（整句话当名称），需读上下文定名
CHEMISTRY,0-1-mol-l-1的-nh4-2so4溶液中各粒子浓度的关系,review,,,名称不可用（整句话当名称），需读上下文定名
CHEMISTRY,0-1-mol-l-1的nahso3溶液ph-7-各离子浓度的关系,review,,,名称不可用（整句话当名称），需读上下文定名
CHEMISTRY,书写盐类水解离子方程式的注意事项,delete,,,抽取事故：题干/答案标记，非知识点
CHEMISTRY,分别对稀溶液进行下列操作-一定可使增大的是,delete,,,抽取事故：题干/答案标记，非知识点
CHEMISTRY,劳动创造美好生活-下列关于劳动项目的做法或对应化学知识的描述错误的是,delete,,,抽取事故：题干/答案标记，非知识点
CHEMISTRY,溶质为酸的溶液-oh-全部来自水的电离,rename,溶质为酸的溶液,,名称只含难度星号/结尾标点，清理即可
CHEMISTRY,溶质为碱的溶液-h-全部来自水的电离,rename,溶质为碱的溶液,,名称只含难度星号/结尾标点，清理即可
CHEMISTRY,常温下-下列操作能抑制水的电离-并使溶液的ph小于7的是,delete,,,抽取事故：题干/答案标记，非知识点
CHEMISTRY,特点,review,,,名称不可用（通用名词无主语），需读上下文定名
CHEMISTRY,电离能,merge,,电离能-x1,与 电离能-x1 是同一概念（去星号后同名）
CHEMISTRY,键参数,merge,,键参数-x1,与 键参数-x1 是同一概念（去星号后同名）
CHEMISTRY,易错辨析-正确的打-错误的打-x1,delete,,,抽取事故：题干/答案标记，非知识点
CHEMISTRY,写出下列原子-或离子-核外电子排布的表示方法,delete,,,抽取事故：题干/答案标记，非知识点
CHEMISTRY,1-基态f原子核外电子的运动状态有______种,delete,,,抽取事故：题干/答案标记，非知识点
CHEMISTRY,晶胞组成的计算-均摊法,rename,晶胞组成的计算——均摊法,,名称只含难度星号/结尾标点，清理即可
CHEMISTRY,下列有关晶体的叙述正确的是,delete,,,抽取事故：题干/答案标记，非知识点
CHEMISTRY,某离子晶体的晶胞结构如图所示-x位于立方体的顶点-y位于立方体的中心,delete,,,抽取事故：题干/答案标记，非知识点
CHEMISTRY,1-下面有关晶体的叙述中-不正确的是,delete,,,抽取事故：题干/答案标记，非知识点
CHEMISTRY,按要求填空,delete,,,抽取事故：题干/答案标记，非知识点
CHEMISTRY,碳元素的单质有多种形式-下图依次是c60-石墨和金刚石的结构图,review,,,名称不可用（整句话当名称），需读上下文定名
CHEMISTRY,下列各组晶体物质中-化学键类型相同-晶体类型也相同的是,delete,,,抽取事故：题干/答案标记，非知识点
CHEMISTRY,下列晶体分类中正确的一组是,delete,,,抽取事故：题干/答案标记，非知识点
CHEMISTRY,下列各图为几种晶体或晶胞的构型示意图,delete,,,抽取事故：题干/答案标记，非知识点
CHEMISTRY,有关晶体的结构如图所示-下列说法不正确的是,delete,,,抽取事故：题干/答案标记，非知识点
CHEMISTRY,根据下表中给出的有关数据-判断下列说法错误的是,delete,,,抽取事故：题干/答案标记，非知识点
CHEMISTRY,一种由cu-in-te组成的晶体属四方晶系-晶胞参数如图所示,delete,,,抽取事故：题干/答案标记，非知识点
CHEMISTRY,1-ni2c的晶胞结构如图1所示,delete,,,抽取事故：题干/答案标记，非知识点
CHEMISTRY,共价键-x1,merge,,共价键,与 共价键 是同一概念（去星号后同名）
CHEMISTRY,下列分子晶体中-关于熔-沸点高低的叙述正确的是,delete,,,抽取事故：题干/答案标记，非知识点
CHEMISTRY,原子结构-x1,merge,,原子结构,与 原子结构 是同一概念（去星号后同名）
CHEMISTRY,烷烃的命名,merge,,烷烃的命名-x1,与 烷烃的命名-x1 是同一概念（去星号后同名）
CHEMISTRY,1-写出分子式为c5h12的烷烃的结构简式,rename,(1)写出分子式为C5H12的烷烃的结构简式,,名称只含难度星号/结尾标点，清理即可
CHEMISTRY,完成下列方程式,delete,,,抽取事故：题干/答案标记，非知识点
CHEMISTRY,某烷烃的结构简式为,delete,,,题干/答案原文或抽取截断，节点不含知识点
CHEMISTRY,按要求填写下列空白,delete,,,抽取事故：题干/答案标记，非知识点
CHEMISTRY,按要求完成下列问题,delete,,,抽取事故：题干/答案标记，非知识点
CHEMISTRY,有机物的结构可用键线式表示-如,rename,键线式,,残句当名称（机械 rename 只把 slug 的连字符换成标点，名字并未成形）
CHEMISTRY,下列叙述正确的是-x1,delete,,,抽取事故：题干/答案标记，非知识点
CHEMISTRY,有下列物质,delete,,,抽取事故：题干/答案标记，非知识点
CHEMISTRY,如图所示是实验室干馏煤的装置图-回答下列问题,delete,,,抽取事故：题干/答案标记，非知识点
CHEMISTRY,石油裂解是一个复杂的过程-其产物为混合物-例如,rename,石油裂解的产物,,残句当名称（机械 rename 只把 slug 的连字符换成标点，名字并未成形）
CHEMISTRY,下列有关芳香烃的叙述不正确的是,delete,,,抽取事故：题干/答案标记，非知识点
CHEMISTRY,一种生产聚苯乙烯的流程如图,delete,,,抽取事故：题干/答案标记，非知识点
CHEMISTRY,实验室制备溴苯的反应装置如图所示-下列关于实验操作或叙述错误的是,delete,,,抽取事故：题干/答案标记，非知识点
CHEMISTRY,金刚烷是一种重要的化工原料-工业上以a-环戊二烯-为原料经下列途径制备,delete,,,抽取事故：题干/答案标记，非知识点
CHEMISTRY,月桂烯-是重要的化工原料-广泛用于香料行业,review,,,名称不可用（公式被剥离），需读上下文定名
CHEMISTRY,为了测定某卤代烃分子中所含有的卤素原子种类-可按下列步骤进行实验,delete,,,抽取事故：题干/答案标记，非知识点
CHEMISTRY,有以下物质-①ch3cl-②ch2cl-ch2cl-③-④-⑤-⑥,delete,,,抽取事故：题干/答案标记，非知识点
CHEMISTRY,现有下列七种有机物,delete,,,抽取事故：题干/答案标记，非知识点
CHEMISTRY,1-现有以下物质-①-②-③-④-⑤,rename,(1)现有以下物质,,名称只含难度星号/结尾标点，清理即可
CHEMISTRY,下列说法正确的是-x3,delete,,,抽取事故：题干/答案标记，非知识点
CHEMISTRY,丙酮-是最简单的酮-常用作有机溶剂-关于丙酮的说法正确的是,delete,,,抽取事故：题干/答案标记，非知识点
CHEMISTRY,已知乙酸的结构如图所示,delete,,,抽取事故：题干/答案标记，非知识点
CHEMISTRY,按要求书写酯化反应的化学方程式,delete,,,抽取事故：题干/答案标记，非知识点
CHEMISTRY,1-写出以乙醇为原料制备的化学方程式-无机试剂任选-并注明反应类型,review,,,名称不可用（整句话当名称），需读上下文定名
CHEMISTRY,已知某有机物的结构简式为-请回答下列问题,delete,,,抽取事故：题干/答案标记，非知识点
CHEMISTRY,下列说法中正确的是,delete,,,抽取事故：题干/答案标记，非知识点
CHEMISTRY,某化妆品的组成z具有美白功效-可用如图反应制备-下列叙述不正确的是,delete,,,抽取事故：题干/答案标记，非知识点
CHEMISTRY,有机物a是一种重要的化工原料-其结构简式如图所示,delete,,,抽取事故：题干/答案标记，非知识点
CHEMISTRY,一种活性物质的结构简式为-下列有关该物质的叙述正确的是,delete,,,抽取事故：题干/答案标记，非知识点
CHEMISTRY,苯甲酸异丙酯为无色油状液体-留香时间长-常用于香精-制备反应为,review,,,名称不可用（整句话当名称），需读上下文定名
CHEMISTRY,一种2-甲基色酮内酯-y-可通过下列反应合成,delete,,,抽取事故：题干/答案标记，非知识点
CHEMISTRY,利用已有知识并结合已知信息-完成下列转化-写出转化的路线图,delete,,,抽取事故：题干/答案标记，非知识点
CHEMISTRY,利用已有知识-完成下列转化-写出转化的路线图,delete,,,抽取事故：题干/答案标记，非知识点
CHEMISTRY,惕各酸及其酯类在香精配方中有广泛用途,rename,惕各酸及其酯类在香精配方中有广泛用途,,名称只含难度星号/结尾标点，清理即可
CHEMISTRY,已知两个醛分子在naoh溶液作用下可以发生加成反应-生成一种羟基醛,review,,,名称不可用（整句话当名称），需读上下文定名
CHEMISTRY,mol-hcho-4-mol-cu-oh-2-2-mol-cu2o,review,,,名称不可用（整句话当名称），需读上下文定名
CHEMISTRY,1-mol某醛和足量的银氨溶液反应-析出432-g-ag-则该醛不可能为,delete,,,抽取事故：题干/答案标记，非知识点
CHEMISTRY,为了检验淀粉水解产物-某学生设计了如下实验方案,rename,淀粉水解产物的检验,,残句当名称（机械 rename 只把 slug 的连字符换成标点，名字并未成形）
CHEMISTRY,下列是某蛋白质的结构片段,delete,,,抽取事故：题干/答案标记，非知识点
CHEMISTRY,核酸是生命的基础物质-是病毒的-身份证-下列关于核酸的叙述正确的是,delete,,,抽取事故：题干/答案标记，非知识点
CHEMISTRY,基本概念,review,,,名称不可用（通用名词无主语），需读上下文定名
CHEMISTRY,按要求书写下列反应的化学方程式并指出反应类型,delete,,,抽取事故：题干/答案标记，非知识点
CHEMISTRY,1-聚苯乙烯的结构简式为-试回答下列问题,delete,,,抽取事故：题干/答案标记，非知识点
CHEMISTRY,某学生设计如下实验方案用于检验淀粉水解的情况,rename,某学生设计如下实验方案用于检验淀粉水解的情况,,名称只含难度星号/结尾标点，清理即可
CHEMISTRY,半乳糖在水中可发生如下转化-下列关于半乳糖的说法错误的是,delete,,,抽取事故：题干/答案标记，非知识点
CHEMISTRY,甘氨酸-h2nch2cooh-是最简单的氨基酸-下列说法不正确的是,delete,,,抽取事故：题干/答案标记，非知识点
CHEMISTRY,卤代烃在生产生活中具有广泛的应用,rename,卤代烃在生产生活中具有广泛的应用,,名称只含难度星号/结尾标点，清理即可
CHEMISTRY,下列合成高分子化合物的反应及类型均正确的是,delete,,,抽取事故：题干/答案标记，非知识点
CHEMISTRY,高分子材料在疫情防控和新冠肺炎治疗中起到了重要的作用-下列说法正确的是,delete,,,抽取事故：题干/答案标记，非知识点
CHEMISTRY,c919大型飞机的主结构材料大量使用了铝锂合金-铝锂合金的优点是,delete,,,抽取事故：题干/答案标记，非知识点
CHEMISTRY,工业上用某种氧化铝矿石-含fe2o3杂质-为原料冶炼铝的工艺流程如下,review,,,名称不可用（整句话当名称），需读上下文定名
CHEMISTRY,由工业废渣-主要含fe-si-al等的氧化物-制取聚合硫酸铁铝净水剂的流程如下,review,,,名称不可用（整句话当名称），需读上下文定名
CHEMISTRY,中学化学中常见的既能与盐酸反应-又能与naoh溶液反应的物质,review,,,名称不可用（整句话当名称），需读上下文定名
CHEMISTRY,既能跟稀盐酸反应-又能跟氢氧化钠溶液反应的化合物是,review,,,名称不可用（公式被剥离），需读上下文定名
CHEMISTRY,下列关于铝及其化合物的叙述正确的是,delete,,,抽取事故：题干/答案标记，非知识点
CHEMISTRY,等质量的铝与足量的盐酸-氢氧化钠溶液分别反应,rename,等质量的铝与足量的盐酸、氢氧化钠溶液分别反应,,名称只含难度星号/结尾标点，清理即可
CHEMISTRY,一定量的铝分别与一定量的盐酸-氢氧化钠溶液反应,rename,一定量的铝分别与一定量的盐酸、氢氧化钠溶液反应,,名称只含难度星号/结尾标点，清理即可
CHEMISTRY,al3-al-oh-3-alo-al-oh-4-之间的转化,review,,,名称不可用（整句话当名称），需读上下文定名
CHEMISTRY,足量的铝分别与等物质的量的hcl和naoh反应,rename,足量的铝分别与等物质的量的HCl和NaOH反应,,名称只含难度星号/结尾标点，清理即可
BIOLOGY,实验-使用高倍显微镜观察几种细胞,rename,实验：使用高倍显微镜观察几种细胞,,名称只含难度星号/结尾标点，清理即可
BIOLOGY,病毒-x1,merge,,病毒,与 病毒 是同一概念（去星号后同名）
BIOLOGY,实验-检测生物组织中的糖类-脂肪和蛋白质,merge,,实验-检测生物组织中的糖类-脂肪和蛋白质-x1,与 实验-检测生物组织中的糖类-脂肪和蛋白质-x1 是同一概念（去星号后同名）
BIOLOGY,预测,delete,,,抽取事故：题干/答案标记，非知识点
BIOLOGY,用高倍显微镜观察叶绿体和细胞质的流动,merge,,用高倍显微镜观察叶绿体和细胞质的流动-x1,与 用高倍显微镜观察叶绿体和细胞质的流动-x1 是同一概念（去星号后同名）
BIOLOGY,有氧呼吸-x1,merge,,有氧呼吸,与 有氧呼吸 是同一概念（去星号后同名）
BIOLOGY,无氧呼吸-x1,merge,,无氧呼吸,与 无氧呼吸 是同一概念（去星号后同名）
BIOLOGY,辨析真正光合速率-净光合速率和呼吸速率,rename,辨析真正光合速率、净光合速率和呼吸速率,,名称只含难度星号/结尾标点，清理即可
BIOLOGY,c4植物-cam植物等特殊代谢类型,rename,C4植物、CAM植物等特殊代谢类型,,名称只含难度星号/结尾标点，清理即可
BIOLOGY,细胞周期,rename,细胞周期,,名称只含难度星号/结尾标点，清理即可
BIOLOGY,有氧呼吸-x2,merge,,有氧呼吸,与 有氧呼吸 是同一概念（去星号后同名）
BIOLOGY,无氧呼吸-x2,merge,,无氧呼吸,与 无氧呼吸 是同一概念（去星号后同名）
BIOLOGY,细胞核的结构和功能,merge,,细胞核的结构和功能-x1,与 细胞核的结构和功能-x1 是同一概念（去星号后同名）
BIOLOGY,细胞的生物膜系统,merge,,细胞的生物膜系统-x1,与 细胞的生物膜系统-x1 是同一概念（去星号后同名）
BIOLOGY,细胞的死亡,rename,细胞的死亡,,名称只含难度星号/结尾标点，清理即可
BIOLOGY,细胞是基本的生命系统,rename,细胞是基本的生命系统,,名称只含难度星号/结尾标点，清理即可
BIOLOGY,原核细胞和真核细胞,merge,,原核细胞和真核细胞-x1,与 原核细胞和真核细胞-x1 是同一概念（去星号后同名）
BIOLOGY,细胞的分化与全能性,rename,细胞的分化与全能性,,名称只含难度星号/结尾标点，清理即可
BIOLOGY,细胞中的水,merge,,细胞中的水-x1,与 细胞中的水-x1 是同一概念（去星号后同名）
BIOLOGY,对细胞膜的探究历程,rename,对细胞膜的探究历程,,名称只含难度星号/结尾标点，清理即可
BIOLOGY,细胞膜的结构和功能,rename,细胞膜的结构和功能,,名称只含难度星号/结尾标点，清理即可
BIOLOGY,细胞器的结构和功能,merge,,细胞器的结构和功能-x1,与 细胞器的结构和功能-x1 是同一概念（去星号后同名）
BIOLOGY,实验-探究酵母菌细胞呼吸的方式,merge,,实验-探究酵母菌细胞呼吸的方式-x1,与 实验-探究酵母菌细胞呼吸的方式-x1 是同一概念（去星号后同名）
BIOLOGY,细胞呼吸的影响因素及应用,merge,,细胞呼吸的影响因素及应用-x1,与 细胞呼吸的影响因素及应用-x1 是同一概念（去星号后同名）
BIOLOGY,光合作用与细胞呼吸过程-物质和能量的关系,rename,光合作用与细胞呼吸过程、物质和能量的关系,,整句话当名称 -> 机械推导
BIOLOGY,有丝分裂-x1,merge,,有丝分裂,与 有丝分裂 是同一概念（去星号后同名）
BIOLOGY,实验-观察根尖分生区组织细胞的有丝分裂,rename,实验：观察根尖分生区组织细胞的有丝分裂,,名称只含难度星号/结尾标点，清理即可
BIOLOGY,糖与脂质的转化,rename,糖与脂质的转化,,名称只含难度星号/结尾标点，清理即可
BIOLOGY,生物大分子以碳链为骨架,merge,,生物大分子以碳链为骨架-x1,与 生物大分子以碳链为骨架-x1 是同一概念（去星号后同名）
BIOLOGY,预测-x1,delete,,,抽取事故：题干/答案标记，非知识点
BIOLOGY,蛋白质的功能,merge,,蛋白质的功能-x1,与 蛋白质的功能-x1 是同一概念（去星号后同名）
BIOLOGY,蛋白质相关计算题的总结,rename,蛋白质相关计算题的总结,,名称只含难度星号/结尾标点，清理即可
BIOLOGY,核酸是由核苷酸连接而成的长链,merge,,核酸是由核苷酸连接而成的长链-x1,与 核酸是由核苷酸连接而成的长链-x1 是同一概念（去星号后同名）
BIOLOGY,细胞中的糖类,merge,,细胞中的糖类-x1,与 细胞中的糖类-x1 是同一概念（去星号后同名）
BIOLOGY,dna-rna-蛋白质等的水解产物和氧化产物-归纳总结,review,,,名称不可用（整句话当名称），需读上下文定名
BIOLOGY,物质出入细胞的方式,merge,,物质出入细胞的方式-x1,与 物质出入细胞的方式-x1 是同一概念（去星号后同名）
BIOLOGY,肺炎链球菌转化实验,rename,肺炎链球菌转化实验,,名称只含难度星号/结尾标点，清理即可
BIOLOGY,噬菌体侵染细菌实验,rename,噬菌体侵染细菌实验,,名称只含难度星号/结尾标点，清理即可
BIOLOGY,动物细胞的吸水和失水,merge,,动物细胞的吸水和失水-x1,与 动物细胞的吸水和失水-x1 是同一概念（去星号后同名）
BIOLOGY,成熟植物细胞的吸水和失水,merge,,成熟植物细胞的吸水和失水-x1,与 成熟植物细胞的吸水和失水-x1 是同一概念（去星号后同名）
BIOLOGY,dna是主要的遗传物质-x1,merge,,dna是主要的遗传物质,与 dna是主要的遗传物质 是同一概念（去星号后同名）
BIOLOGY,酶在代谢中的作用,rename,酶在代谢中的作用,,名称只含难度星号/结尾标点，清理即可
BIOLOGY,探究酶的专一性-高效性相关实验,rename,探究酶的专一性、高效性相关实验,,名称只含难度星号/结尾标点，清理即可
BIOLOGY,组-反应物-酶1溶液反应物被分解,delete,,,抽取事故：题干/答案标记，非知识点
BIOLOGY,预测-x2,delete,,,抽取事故：题干/答案标记，非知识点
BIOLOGY,atp的结构和功能,rename,ATP的结构和功能,,名称只含难度星号/结尾标点，清理即可
BIOLOGY,捕获光能的色素和结构,rename,捕获光能的色素和结构,,名称只含难度星号/结尾标点，清理即可
BIOLOGY,三率-的关系及测定,rename,“三率”的关系及测定,,名称只含难度星号/结尾标点，清理即可
BIOLOGY,预测-x3,delete,,,抽取事故：题干/答案标记，非知识点
BIOLOGY,探索光合作用原理的部分实验,rename,探索光合作用原理的部分实验,,名称只含难度星号/结尾标点，清理即可
BIOLOGY,光合作用的原理,rename,光合作用的原理,,名称只含难度星号/结尾标点，清理即可
BIOLOGY,影响光合作用强度的环境因素,rename,影响光合作用强度的环境因素,,名称只含难度星号/结尾标点，清理即可
BIOLOGY,精子的形成过程,rename,精子的形成过程,,名称只含难度星号/结尾标点，清理即可
BIOLOGY,精子与卵细胞形成过程的比较,rename,精子与卵细胞形成过程的比较,,名称只含难度星号/结尾标点，清理即可
BIOLOGY,基因位于染色体上的实验证据,merge,,基因位于染色体上的实验证据-x1,与 基因位于染色体上的实验证据-x1 是同一概念（去星号后同名）
BIOLOGY,遗传系谱图和电泳图谱分析,rename,遗传系谱图和电泳图谱分析,,名称只含难度星号/结尾标点，清理即可
BIOLOGY,探究基因位于常染色体上还是x-y染色体同源区段上,rename,探究基因位于常染色体上还是X、Y染色体同源区段上,,整句话当名称 -> 机械推导
BIOLOGY,减数分裂细胞中染色体-dna数量变化规律,rename,减数分裂细胞中染色体、DNA数量变化规律,,整句话当名称 -> 机械推导
BIOLOGY,受精作用-x1,merge,,受精作用,与 受精作用 是同一概念（去星号后同名）
BIOLOGY,实验-观察蝗虫精母细胞减数分裂装片,rename,实验：观察蝗虫精母细胞减数分裂装片,,名称只含难度星号/结尾标点，清理即可
BIOLOGY,伴性遗传的特点及应用,merge,,伴性遗传的特点及应用-x1,与 伴性遗传的特点及应用-x1 是同一概念（去星号后同名）
BIOLOGY,人类遗传病-x1,merge,,人类遗传病,与 人类遗传病 是同一概念（去星号后同名）
BIOLOGY,人类遗传病-x2,merge,,人类遗传病,与 人类遗传病 是同一概念（去星号后同名）
BIOLOGY,基因的本质,rename,基因的本质,,名称只含难度星号/结尾标点，清理即可
BIOLOGY,dna的结构及特点,rename,DNA的结构及特点,,名称只含难度星号/结尾标点，清理即可
BIOLOGY,豌豆用作遗传实验的材料,merge,,豌豆用作遗传实验的材料-x1,与 豌豆用作遗传实验的材料-x1 是同一概念（去星号后同名）
BIOLOGY,基因型-表型的推断,merge,,基因型-表型的推断-x1,与 基因型-表型的推断-x1 是同一概念（去星号后同名）
BIOLOGY,分离定律的概率计算-含自交与自由交配,rename,分离定律的概率计算（含自交与自由交配）,,名称只含难度星号/结尾标点，清理即可
BIOLOGY,自由组合定律的解题规律及方法,rename,自由组合定律的解题规律及方法,,名称只含难度星号/结尾标点，清理即可
BIOLOGY,预测-x4,delete,,,抽取事故：题干/答案标记，非知识点
BIOLOGY,技巧,rename,技巧,,只有标题冒号 -> 机械推导
BIOLOGY,技巧-实验数据-与-9-3-3-1及其变式-间的转化方法,rename,“9∶3∶3∶1”及其变式的转化方法,,残句当名称（机械 rename 只把 slug 的连字符换成标点，名字并未成形）
BIOLOGY,孟德尔两对相对性状的杂交实验,merge,,孟德尔两对相对性状的杂交实验-x1,与 孟德尔两对相对性状的杂交实验-x1 是同一概念（去星号后同名）
BIOLOGY,育种,rename,育种,,名称只含难度星号/结尾标点，清理即可
BIOLOGY,预测-x5,delete,,,抽取事故：题干/答案标记，非知识点
BIOLOGY,基因突变与细胞癌变,rename,基因突变与细胞癌变,,名称只含难度星号/结尾标点，清理即可
BIOLOGY,染色体变异-x1,merge,,染色体变异,与 染色体变异 是同一概念（去星号后同名）
BIOLOGY,实验-低温诱导植物细胞染色体数目的变化,rename,实验：低温诱导植物细胞染色体数目的变化,,名称只含难度星号/结尾标点，清理即可
BIOLOGY,实验-模拟生物体维持ph的稳定,rename,实验：模拟生物体维持pH的稳定,,名称只含难度星号/结尾标点，清理即可
BIOLOGY,内环境的稳态,rename,内环境的稳态,,名称只含难度星号/结尾标点，清理即可
BIOLOGY,细胞生活的环境,rename,细胞生活的环境,,名称只含难度星号/结尾标点，清理即可
BIOLOGY,水和无机盐平衡的调节,rename,水和无机盐平衡的调节,,名称只含难度星号/结尾标点，清理即可
BIOLOGY,预测-x6,delete,,,抽取事故：题干/答案标记，非知识点
BIOLOGY,兴奋的产生和传导,rename,兴奋的产生和传导,,名称只含难度星号/结尾标点，清理即可
BIOLOGY,神经调节的结构基础,rename,神经调节的结构基础,,名称只含难度星号/结尾标点，清理即可
BIOLOGY,神经调节的基本方式,rename,神经调节的基本方式,,名称只含难度星号/结尾标点，清理即可
BIOLOGY,体液调节和神经调节的区别与联系,rename,体液调节和神经调节的区别与联系,,名称只含难度星号/结尾标点，清理即可
BIOLOGY,人脑的高级功能,rename,人脑的高级功能,,名称只含难度星号/结尾标点，清理即可
BIOLOGY,免疫系统的组成和功能,rename,免疫系统的组成和功能,,名称只含难度星号/结尾标点，清理即可
BIOLOGY,特异性免疫-x1,merge,,特异性免疫,与 特异性免疫 是同一概念（去星号后同名）
BIOLOGY,免疫失调-x1,merge,,免疫失调,与 免疫失调 是同一概念（去星号后同名）
BIOLOGY,免疫学的应用,rename,免疫学的应用,,名称只含难度星号/结尾标点，清理即可
BIOLOGY,预测-x7,delete,,,抽取事故：题干/答案标记，非知识点
BIOLOGY,其他植物激素-x1,merge,,其他植物激素,与 其他植物激素 是同一概念（去星号后同名）
BIOLOGY,植物生长素及其生理作用,rename,植物生长素及其生理作用,,名称只含难度星号/结尾标点，清理即可
BIOLOGY,植物生长调节剂的应用,rename,植物生长调节剂的应用,,名称只含难度星号/结尾标点，清理即可
BIOLOGY,环境因素参与调节植物的生命活动,rename,环境因素参与调节植物的生命活动,,名称只含难度星号/结尾标点，清理即可
BIOLOGY,预测-x8,delete,,,抽取事故：题干/答案标记，非知识点
BIOLOGY,种群的数量特征,rename,种群的数量特征,,名称只含难度星号/结尾标点，清理即可
BIOLOGY,群落的结构-x1,merge,,群落的结构,与 群落的结构 是同一概念（去星号后同名）
BIOLOGY,种群数量的变化,rename,种群数量的变化,,名称只含难度星号/结尾标点，清理即可
BIOLOGY,实验-培养液中酵母菌种群数量的变化,rename,实验：培养液中酵母菌种群数量的变化,,名称只含难度星号/结尾标点，清理即可
BIOLOGY,群落的主要类型及群落的演替,rename,群落的主要类型及群落的演替,,名称只含难度星号/结尾标点，清理即可
BIOLOGY,生物多样性-x1,merge,,生物多样性,与 生物多样性 是同一概念（去星号后同名）
BIOLOGY,隔离在物种形成中的作用,rename,隔离在物种形成中的作用,,名称只含难度星号/结尾标点，清理即可
BIOLOGY,实验-探究抗生素对细菌的选择作用,rename,实验：探究抗生素对细菌的选择作用,,名称只含难度星号/结尾标点，清理即可
BIOLOGY,结束后-应将耐药菌-培养基-纸片等进行高温灭菌处理-防止对环境造成污染,review,,,名称不可用（整句话当名称），需读上下文定名
BIOLOGY,生物有共同祖先的证据,rename,生物有共同祖先的证据,,名称只含难度星号/结尾标点，清理即可
BIOLOGY,协同进化与生物多样性的形成,rename,协同进化与生物多样性的形成,,名称只含难度星号/结尾标点，清理即可
BIOLOGY,遗传信息的翻译,rename,遗传信息的翻译,,名称只含难度星号/结尾标点，清理即可
BIOLOGY,中心法则的提出及其发展,rename,中心法则的提出及其发展,,名称只含难度星号/结尾标点，清理即可
BIOLOGY,膜电位的测量及电表指针偏转的判断,rename,膜电位的测量及电表指针偏转的判断,,名称只含难度星号/结尾标点，清理即可
BIOLOGY,探究动植物生命活动调节实验的思路与方法,rename,探究动植物生命活动调节实验的思路与方法,,名称只含难度星号/结尾标点，清理即可
BIOLOGY,基因表达与性状的关系,rename,基因表达与性状的关系,,名称只含难度星号/结尾标点，清理即可
CHEMISTRY,实验室闻cl2及其他气体的方法是怎样的,rename,闻气体的方法,,残句当名称（机械 rename 只把 slug 的连字符换成标点，名字并未成形）
CHEMISTRY,铁粉与硫粉在空气中混合燃烧时-可能发生哪些反应,rename,铁与硫的反应,,残句当名称（机械 rename 只把 slug 的连字符换成标点，名字并未成形）
PHYSICS,定义-由于地球吸引而使物体受到的力叫做重力,merge,,重力,知识点的属性条目被提成独立节点（定义：/表达式：/应用：），并入主节点
PHYSICS,大小-g-mg-可用弹簧测力计测量,merge,,重力,知识点的属性条目被提成独立节点（定义：/表达式：/应用：），并入主节点
PHYSICS,定义-通电导线在磁场中受到的力叫安培力,merge,,安培力,知识点的属性条目被提成独立节点（定义：/表达式：/应用：），并入主节点
PHYSICS,概念-物体运动轨迹是曲线的运动,merge,,曲线运动,知识点的属性条目被提成独立节点（定义：/表达式：/应用：），并入主节点
PHYSICS,表达式-i-p2-p1或ft-mv2-mv1,merge,,动量定理,知识点的属性条目被提成独立节点（定义：/表达式：/应用：），并入主节点
PHYSICS,应用-光纤通信-激光测距-激光武器等,merge,,激光,知识点的属性条目被提成独立节点（定义：/表达式：/应用：），并入主节点
PHYSICS,表达式-δu-q-w,merge,,热力学第一定律,知识点的属性条目被提成独立节点（定义：/表达式：/应用：），并入主节点
PHYSICS,应用-交流感应电动机,merge,,涡流,知识点的属性条目被提成独立节点（定义：/表达式：/应用：），并入主节点
PHYSICS,表达式-e-n-n为线圈匝数,merge,,法拉第电磁感应定律,知识点的属性条目被提成独立节点（定义：/表达式：/应用：），并入主节点
CHEMISTRY,久置的浓硝酸呈黄色-如何除去-怎样保存浓硝酸,merge,,硝酸,知识点的属性条目被提成独立节点（定义：/表达式：/应用：），并入主节点
CHEMISTRY,步骤③和步骤④的操作顺序能否颠倒-为什么,delete,,,题干/答案原文或抽取截断，节点不含知识点
CHEMISTRY,手机-电脑的锂电池是一次电池还是二次电池,delete,,,题干/答案原文或抽取截断，节点不含知识点
CHEMISTRY,na22,delete,,,题干/答案原文或抽取截断，节点不含知识点
PHYSICS,表达式-f-g,delete,,,题干/答案原文或抽取截断，节点不含知识点
PHYSICS,公式选用原则,rename,匀变速直线运动公式的选用原则,,列表项的**行首标签**被当成了名字，名字脱离父主题就不成知识点名；原边界：三个公式共涉及五个物理量…不涉及位移选 v=v0+at…
CHEMISTRY,主要方法,rename,反应热的计算方法,,列表项的**行首标签**被当成了名字，名字脱离父主题就不成知识点名；原边界：①根据热化学方程式计算…②总能量…③键能…④盖斯定律
CHEMISTRY,实质,rename,盐类水解的实质,,列表项的**行首标签**被当成了名字，名字脱离父主题就不成知识点名；原边界：盐电离→破坏水的电离平衡→c(H＋)≠c(OH－)→溶液呈酸碱性
CHEMISTRY,so检验的易错点,rename,SO42-检验的易错点,,列表项的**行首标签**被当成了名字，名字脱离父主题就不成知识点名；原边界：（1）误将 Ag＋、Pb2＋判断成 SO42-…（3）用稀盐酸酸化，排除干扰
PHYSICS,理解,merge,,动能,知识点的属性条目被提成独立节点（定义：/表达式：/应用：），并入主节点（原边界讲动能的瞬时性、相对性、标量性与正负，与节点「动能」是同一件事）
PHYSICS,实验结论,merge,,实验目的,知识点的属性条目被提成独立节点（定义：/表达式：/应用：），并入主节点（角速度、质量相同时向心力与半径成正比…同一实验的结论部分）
PHYSICS,实验误差,merge,,实验目的,知识点的属性条目被提成独立节点（定义：/表达式：/应用：），并入主节点（小球质量半径变化、仪器不水平、标尺读数不准…同一实验的误差部分）
PHYSICS,函数法,rename,追及相遇问题的判别式法,,列表项的**行首标签**被当成了名字，名字脱离父主题就不成知识点名；原边界：设两物体在 t 时刻相遇，列关于 t 的方程…Δ>0 有两解说明两物体相遇
PHYSICS,图象法,rename,追及相遇问题的图象法,,列表项的**行首标签**被当成了名字，名字脱离父主题就不成知识点名；原边界：分别作出两个物体的位移图像，两图像相交则说明两物体相遇
PHYSICS,守恒条件,rename,机械能守恒的条件,,列表项的**行首标签**被当成了名字，名字脱离父主题就不成知识点名；原边界：「只有重力或弹力做功」并非「只受重力或弹力作用」…
PHYSICS,三类情况分析,rename,圆周运动临界问题的三类情况,,列表项的**行首标签**被当成了名字，名字脱离父主题就不成知识点名；原边界：水平转盘恰好不滑动、绳子被拉断…
PHYSICS,两个重要结论,rename,带电粒子偏转的两个重要结论,,列表项的**行首标签**被当成了名字，名字脱离父主题就不成知识点名；原边界：不同带电粒子从静止经同一电场加速再经同一偏转电场射出，偏移量与偏转角相同
PHYSICS,图象,rename,简谐运动的振动图象,,列表项的**行首标签**被当成了名字，名字脱离父主题就不成知识点名；原边界：从平衡位置开始计时，函数表达式为 x＝Asinωt
PHYSICS,周期性,rename,简谐运动的周期性,,列表项的**行首标签**被当成了名字，名字脱离父主题就不成知识点名；原边界：相隔 T/2 的两个时刻弹簧振子的位置关于平衡位置对称
PHYSICS,对称性,rename,简谐运动的对称性,,列表项的**行首标签**被当成了名字，名字脱离父主题就不成知识点名；原边界：A 与 B 间运动，O 为平衡位置，C 与 D 关于 O 对称，tOB＝tOA
