subject,slug,new_name
MATH,MATH·综合,跨册综合
PHYSICS,PHYSICS·综合,跨册综合
PHYSICS,PHYSICS·综合·综合,综合复习
PHYSICS,PHYSICS·综合·综合·综合,综合复习
CHEMISTRY,CHEMISTRY·综合,跨册综合
CHEMISTRY,CHEMISTRY·综合·综合,综合复习
BIOLOGY,BIOLOGY·综合,跨册综合
BIOLOGY,BIOLOGY·综合·综合,综合复习
BIOLOGY,BIOLOGY·综合·综合·综合,综合复习
BIOLOGY,BIOLOGY·综合·综合·综合·核酸是遗传信息的携带者,跨册：核酸是遗传信息的携带者
BIOLOGY,BIOLOGY·综合·综合·综合·基因表达与性状的关系,跨册：基因表达与性状的关系
CHEMISTRY,CHEMISTRY·综合·综合·综合·原子结构与元素周期表,铝与原子结构
CHEMISTRY,CHEMISTRY·综合·综合·综合·物质的量,铝与物质的量计算
CHEMISTRY,CHEMISTRY·综合·综合·综合,综合复习
PHYSICS,物理必修第二册·第八章·机械能与能量守恒·2 摩擦力,摩擦力做功与能量关系,同名主题消歧：名字相同但讲的不同内容（2026-09-19 主题去重）
PHYSICS,物理必修第一册·第三章·相互作用·4 速度变化快慢的描述——加速度,加速度方向突变,同名主题消歧：名字相同但讲的不同内容（2026-09-19 主题去重）
PHYSICS,物理必修第三册·第十三章（安培力/洛伦兹力/感应定律见选择性必修第二册）·磁场与电磁感应·5 带电粒子在电场中的运动,带电粒子在磁场中的运动,同名主题消歧：名字相同但讲的不同内容（2026-09-19 主题去重）
PHYSICS,物理选择性必修第三册·第四五章·近代物理·4 实验：用双缝干涉测量光的波长,光的波粒二象性,同名主题消歧：名字相同但讲的不同内容（2026-09-19 主题去重）
PHYSICS,物理选择性必修第一册·第二三章·机械振动与机械波·4 实验：用双缝干涉测量光的波长,波长,同名主题消歧：名字相同但讲的不同内容（2026-09-19 主题去重）
PHYSICS,物理必修第一册·第四章·牛顿运动定律·4 力学单位制,单位制,同名主题消歧：名字相同但讲的不同内容（2026-09-19 主题去重）
BIOLOGY,生物学必修1·第五章第四节·光合作用·环境因素参与调节植物的生命活动,影响光合作用强度的环境因素,同名主题消歧：名字相同但讲的不同内容（2026-09-19 主题去重）
CHEMISTRY,化学选择性必修3·有机化学基础·乙烯与有机高分子材料,高分子的分类及性质特点,同名主题消歧：名字相同但讲的不同内容（2026-09-19 主题去重第二批）
CHEMISTRY,化学选择性必修3·有机化学基础·分子的空间结构,苯分子的空间结构,同名主题消歧：名字相同但讲的不同内容（2026-09-19 主题去重第二批）
CHEMISTRY,烷烃,烷烃的结构与性质,同名主题消歧：名字相同但讲的不同内容（2026-09-19 主题去重第二批）
CHEMISTRY,化学必修第一册·第一章·物质分类与转化·电离平衡,电离,同名主题消歧：名字相同但讲的不同内容（2026-09-19 主题去重第二批）
