subject,pdf_page,content_page,wusan_chapter,wusan_section,renjiao_book,renjiao_chapter,locator
MATH,0001-0004,1,《2027 5·3 A版 高考数学》精讲册 目录（内容页 1–4）,,,,《2027 5·3 A版 高考数学》精讲册 目录（内容页 1–4）
MATH,0005,1,第一章 集合、常用逻辑用语与不等式,考情清单,,,第一章 集合、常用逻辑用语与不等式 / 考情清单
MATH,0006,2,第一章 集合、常用逻辑用语与不等式,1.1 集合,必修第一册,第一章 集合与常用逻辑用语,第一章 集合、常用逻辑用语与不等式 / 1.1 集合
MATH,0007,3,第一章 集合、常用逻辑用语与不等式,考点清单：集合及其运算,必修第一册,第一章,第一章 集合、常用逻辑用语与不等式 / 考点清单：集合及其运算
MATH,0008,4,第一章 集合与常用逻辑用语,"1.1 集合（页面含""角度 3 容斥原理""""角度 4 创新题""两个栏目）",必修第一册,第一章 集合与常用逻辑用语,"第一章 集合与常用逻辑用语 / 1.1 集合（页面含""角度 3 容斥原理""""角度 4 创新题""两个栏目）"
MATH,0009,5,第一章,1.2 常用逻辑用语,必修第一册,第一章 集合与常用逻辑用语,第一章 / 1.2 常用逻辑用语
MATH,0010,6,第一章,1.2 常用逻辑用语（考点清单）,必修第一册,第一章,第一章 / 1.2 常用逻辑用语（考点清单）
MATH,0011,7,第一章,1.3 不等式的性质与解法,必修第一册,第二章 一元二次函数、方程和不等式,第一章 / 1.3 不等式的性质与解法
MATH,0012,8,第一章,1.3 不等式的性质与解法（考点清单）,必修第一册,第二章,第一章 / 1.3 不等式的性质与解法（考点清单）
MATH,0013,9,第一章,1.3（续） / 一元二次不等式恒成立问题,必修第一册,第二章,第一章 / 1.3（续）/ 一元二次不等式恒成立问题
MATH,0014,10,第一章,1.4 基本不等式,必修第一册,第二章 一元二次函数、方程和不等式,第一章 / 1.4 基本不等式
MATH,0015,11,第一章,1.4（续） / 常数代换法、消元法、恒成立与有解问题,必修第一册,第二章,第一章 / 1.4（续）/ 常数代换法、消元法、恒成立与有解问题
MATH,0016,12,第一章,1.4（续） / 基本不等式的实际应用、与其他知识的交汇,必修第一册,第二章,第一章 / 1.4（续）/ 基本不等式的实际应用、与其他知识的交汇
MATH,0017,13,第二章 函数及其性质,考情清单,,,第二章 函数及其性质 / 考情清单
MATH,0018,14,第二章 函数及其性质,2.1 函数的概念及表示,必修第一册,第三章 函数的概念与性质,第二章 函数及其性质 / 2.1 函数的概念及表示
MATH,0019,15,第二章,2.1（续） / 复合函数定义域、解析式求法、分段函数,必修第一册,第三章,第二章 / 2.1（续）/ 复合函数定义域、解析式求法、分段函数
MATH,0020,16,第二章,2.2 函数的单调性和最值,必修第一册,第三章 函数的概念与性质,第二章 / 2.2 函数的单调性和最值
MATH,0021,17,第二章,2.2（续） / 单调性的判断、比较大小、解不等式,必修第一册,第三章,第二章 / 2.2（续）/ 单调性的判断、比较大小、解不等式
MATH,0022,18,第二章,2.2（续） / 利用单调性求参数、函数的最值（值域）,必修第一册,第三章,第二章 / 2.2（续）/ 利用单调性求参数、函数的最值（值域）
MATH,0023,19,第二章,2.3 函数的奇偶性、周期性和对称性,必修第一册,第三章,第二章 / 2.3 函数的奇偶性、周期性和对称性
MATH,0024,20,第二章,2.3（续） / 函数奇偶性的判断与应用,必修第一册,第三章,第二章 / 2.3（续）/ 函数奇偶性的判断与应用
MATH,0025,21,第二章,2.3（续） / 奇偶性与单调性、周期性与对称性,必修第一册,第三章,第二章 / 2.3（续）/ 奇偶性与单调性、周期性与对称性
MATH,0026,22,第二章,2.3（续） / 对称性与周期性、函数性质综合,必修第一册,第三章,第二章 / 2.3（续）/ 对称性与周期性、函数性质综合
MATH,0027,23,第二章,2.4 二次函数与幂函数,必修第一册,第三章（幂函数）；二次函数为初中延伸内容,第二章 / 2.4 二次函数与幂函数
MATH,0028,24,第二章,2.4（续） / 二次函数的图象、解析式与性质,必修第一册,第三章（初中延伸）,第二章 / 2.4（续）/ 二次函数的图象、解析式与性质
MATH,0029,25,第二章,2.4（续） / 幂函数的图象与性质,必修第一册,第三章,第二章 / 2.4（续）/ 幂函数的图象与性质
MATH,0030,26,第二章,2.5 指数函数与对数函数,必修第一册,第四章 指数函数与对数函数,第二章 / 2.5 指数函数与对数函数
MATH,0031,27,第二章,2.5（续） / 对数函数的图象与性质、反函数、指数幂的化简,必修第一册,第四章,第二章 / 2.5（续）/ 对数函数的图象与性质、反函数、指数幂的化简
MATH,0032,28,第二章,2.5（续） / 对数运算、指数函数的图象与性质,必修第一册,第四章,第二章 / 2.5（续）/ 对数运算、指数函数的图象与性质
MATH,0033,29,第二章,2.5（续） / 对数式与幂指对大小比较,必修第一册,第四章,第二章 / 2.5（续）/ 对数式与幂指对大小比较
MATH,0034,30,第二章,2.6 函数的图象,必修第一册,第三章（函数图象变换）,第二章 / 2.6 函数的图象
MATH,0035,31,第二章,2.6（续） / 作函数图象、识辨图象,必修第一册,第三章,第二章 / 2.6（续）/ 作函数图象、识辨图象
MATH,0036,32,第二章,2.7 函数的零点与方程的根,必修第一册,第四章 指数函数与对数函数,第二章 / 2.7 函数的零点与方程的根
MATH,0037,33,第二章,2.7（续） / 零点所在区间、零点个数、含参零点,必修第一册,第四章,第二章 / 2.7（续）/ 零点所在区间、零点个数、含参零点
MATH,0038,34,第二章,2.8 函数的模型及应用,必修第一册,第四章（函数模型及其应用）,第二章 / 2.8 函数的模型及应用
MATH,0039,35,第二章,2.8（续） / 函数模型的建立与应用,必修第一册,第四章,第二章 / 2.8（续）/ 函数模型的建立与应用
MATH,0040,36,第三章 导数及其应用,考情清单,,,第三章 导数及其应用 / 考情清单
MATH,0041,37,第三章,3.1 导数的概念及运算,选择性必修第二册,第五章 一元函数的导数及其应用,第三章 / 3.1 导数的概念及运算
MATH,0042,38,第三章,3.1（续） / 导数的运算、曲线的切线,选择性必修第二册,第五章,第三章 / 3.1（续）/ 导数的运算、曲线的切线
MATH,0043,39,第三章,3.2 导数与函数的单调性、极值和最值,选择性必修第二册,第五章,第三章 / 3.2 导数与函数的单调性、极值和最值
MATH,0044,40,第三章,3.2（续） / 利用导数求单调区间,选择性必修第二册,第五章,第三章 / 3.2（续）/ 利用导数求单调区间
MATH,0045,41,第三章,3.2（续） / 含参函数单调性讨论、已知单调性求参数,选择性必修第二册,第五章,第三章 / 3.2（续）/ 含参函数单调性讨论、已知单调性求参数
MATH,0046,42,第三章,3.2（续） / 极值、最值问题的一般思路,选择性必修第二册,第五章,第三章 / 3.2（续）/ 极值、最值问题的一般思路
MATH,0047,43,第三章,3.3 导数的综合应用 / 考点1 利用导数证明不等式,选择性必修第二册,第五章,第三章 / 3.3 导数的综合应用 / 考点1 利用导数证明不等式
MATH,0048,44,第三章,3.3（续） / 不等式恒（能）成立问题,选择性必修第二册,第五章,第三章 / 3.3（续）/ 不等式恒（能）成立问题
MATH,0049,45,第三章,3.3（续） / 放缩公式、函数零点,选择性必修第二册,第五章,第三章 / 3.3（续）/ 放缩公式、函数零点
MATH,0050,46,第三章,3.3（续） / 隐零点问题,选择性必修第二册,第五章,第三章 / 3.3（续）/ 隐零点问题
MATH,0051,47,第三章,高考热点 1 三次函数的性质综合,选择性必修第二册,第五章（专题拓展）,第三章 / 高考热点 1 三次函数的性质综合
MATH,0052,48,第三章,高考热点 1（续） / 三次函数的四类问题,选择性必修第二册,第五章（专题拓展）,第三章 / 高考热点 1（续）/ 三次函数的四类问题
MATH,0053,49,第三章,高考热点 2 导数中的构造问题 / 类型1 导数中原函数与导函数的混合构造,选择性必修第二册,第五章（专题拓展）,第三章 / 高考热点 2 导数中的构造问题 / 类型1 导数中原函数与导函数的混合构造
MATH,0054,50,第三章,高考热点 2（续） / 类型2 导数中的指对同构问题,选择性必修第二册,第五章（专题拓展）,第三章 / 高考热点 2（续）/ 类型2 导数中的指对同构问题
MATH,0055,51,第三章,高考热点 3 导数中的双变量问题 / 类型1 双变量地位等同同构思想,选择性必修第二册,第五章（专题拓展）,第三章 / 高考热点 3 导数中的双变量问题 / 类型1 双变量地位等同同构思想
MATH,0056,52,第三章,高考热点 3（续） / 根与系数关系代换、变量比值代换,选择性必修第二册,第五章（专题拓展）,第三章 / 高考热点 3（续）/ 根与系数关系代换、变量比值代换
MATH,0057,53,第三章,高考热点 3（续） / 类型3 极值点偏移,选择性必修第二册,第五章（专题拓展）,第三章 / 高考热点 3（续）/ 类型3 极值点偏移
MATH,0058,54,第四章 三角函数与解三角形,考情清单,,,第四章 三角函数与解三角形 / 考情清单
MATH,0059,55,第四章,4.1 三角函数的概念、同角三角函数的基本关系及诱导公式,必修第一册,第五章 三角函数,第四章 / 4.1 三角函数的概念、同角三角函数的基本关系及诱导公式
MATH,0060,56,第四章,4.1（续） / 三角函数定义、同角关系、诱导公式,必修第一册,第五章,第四章 / 4.1（续）/ 三角函数定义、同角关系、诱导公式
MATH,0061,57,第四章,4.2 三角恒等变换,必修第一册,第五章 三角函数,第四章 / 4.2 三角恒等变换
MATH,0062,58,第四章,4.2（续） / 三角函数式的化简、求值,必修第一册,第五章,第四章 / 4.2（续）/ 三角函数式的化简、求值
MATH,0063,59,第四章,4.3 三角函数的图象与性质,必修第一册,第五章 三角函数,第四章 / 4.3 三角函数的图象与性质
MATH,0064,60,第四章,4.3（续） / 三角函数最值的常见形式、由图象求解析式,必修第一册,第五章,第四章 / 4.3（续）/ 三角函数最值的常见形式、由图象求解析式
MATH,0065,61,第四章,4.3（续） / 图象变换步骤、三角函数的单调性,必修第一册,第五章,第四章 / 4.3（续）/ 图象变换步骤、三角函数的单调性
MATH,0066,62,第四章,4.3（续） / 奇偶性、周期性、对称性,必修第一册,第五章,第四章 / 4.3（续）/ 奇偶性、周期性、对称性
MATH,0067,63,第四章,高考热点 4 三角函数中 $\omega$ 的范围问题,必修第一册,第五章（专题拓展）,第四章 / 高考热点 4 三角函数中 $\omega$ 的范围问题
MATH,0068,64,第四章,高考热点 4（续） / 利用零点、极值求 $\omega$ 的范围,必修第一册,第五章（专题拓展）,第四章 / 高考热点 4（续）/ 利用零点、极值求 $\omega$ 的范围
MATH,0069,65,第四章,4.4 解三角形,必修第二册,第六章 平面向量及其应用（正弦定理、余弦定理）,第四章 / 4.4 解三角形
MATH,0070,66,第四章,4.4（续） / 实际问题中的常用角、正弦余弦定理求基本量、判断三角形形状,必修第二册,第六章,第四章 / 4.4（续）/ 实际问题中的常用角、正弦余弦定理求基本量、判断三角形形状
MATH,0071,67,第四章,4.4（续） / 三角形形状判断的易错点、解的个数,必修第二册,第六章,第四章 / 4.4（续）/ 三角形形状判断的易错点、解的个数
MATH,0072,68,第四章,4.4（续） / 最值与范围问题、实际应用,必修第二册,第六章,第四章 / 4.4（续）/ 最值与范围问题、实际应用
MATH,0073,69,第四章,"高考热点 5 三角形中的""爪型""模型 / 类型1 角平分线模型",必修第二册,第六章（专题拓展）,"第四章 / 高考热点 5 三角形中的""爪型""模型 / 类型1 角平分线模型"
MATH,0074,70,第四章,高考热点 5（续） / 中线模型、高线模型,必修第二册,第六章（专题拓展）,第四章 / 高考热点 5（续）/ 中线模型、高线模型
MATH,0075,71,第五章 平面向量与复数,考情清单,,,第五章 平面向量与复数 / 考情清单
MATH,0076,72,第五章,5.1 平面向量的概念、线性运算、基本定理及坐标表示,必修第二册,第六章 平面向量及其应用,第五章 / 5.1 平面向量的概念、线性运算、基本定理及坐标表示
MATH,0077,73,第五章,5.1（续） / 向量概念、共线向量定理,必修第二册,第六章,第五章 / 5.1（续）/ 向量概念、共线向量定理
MATH,0078,74,第五章,5.1（续） / 平面向量基本定理、坐标运算,必修第二册,第六章,第五章 / 5.1（续）/ 平面向量基本定理、坐标运算
MATH,0079,75,第五章,5.2 平面向量的数量积,必修第二册,第六章 平面向量及其应用,第五章 / 5.2 平面向量的数量积
MATH,0080,76,第五章,5.2（续） / 数量积运算、模、夹角、投影向量,必修第二册,第六章,第五章 / 5.2（续）/ 数量积运算、模、夹角、投影向量
MATH,0081,77,第五章,5.3 复数,必修第二册,第七章 复数,第五章 / 5.3 复数
MATH,0082,78,第五章,5.3（续） / 复数运算的技巧与几何意义,必修第二册,第七章,第五章 / 5.3（续）/ 复数运算的技巧与几何意义
MATH,0083,79,第六章 数列,考情清单,,,第六章 数列 / 考情清单
MATH,0084,80,第六章,6.1 数列的概念及表示,选择性必修第二册,第四章 数列,第六章 / 6.1 数列的概念及表示
MATH,0085,81,第六章,6.1（续） / 数列单调性、最值、通项公式,选择性必修第二册,第四章,第六章 / 6.1（续）/ 数列单调性、最值、通项公式
MATH,0086,82,第六章,6.1（续） / 累加法、累乘法、构造法求通项,选择性必修第二册,第四章,第六章 / 6.1（续）/ 累加法、累乘法、构造法求通项
MATH,0087,83,第六章,6.2 等差数列,选择性必修第二册,第四章 数列,第六章 / 6.2 等差数列
MATH,0088,84,第六章,6.2（续） / 基本量运算、等差数列的判定与证明,选择性必修第二册,第四章,第六章 / 6.2（续）/ 基本量运算、等差数列的判定与证明
MATH,0089,85,第六章,6.2（续） / 前 $n$ 项和最值、等差数列的性质,选择性必修第二册,第四章,第六章 / 6.2（续）/ 前 $n$ 项和最值、等差数列的性质
MATH,0090,86,第六章,6.3 等比数列,选择性必修第二册,第四章 数列,第六章 / 6.3 等比数列
MATH,0091,87,第六章,6.3（续） / 基本量运算、等比数列的判定与证明,选择性必修第二册,第四章,第六章 / 6.3（续）/ 基本量运算、等比数列的判定与证明
MATH,0092,88,第六章,6.3（续） / 等比数列的性质应用,选择性必修第二册,第四章,第六章 / 6.3（续）/ 等比数列的性质应用
MATH,0093,89,第六章,6.4 数列求和 / 考点1 错位相减法求和,选择性必修第二册,第四章,第六章 / 6.4 数列求和 / 考点1 错位相减法求和
MATH,0094,90,第六章,6.4（续） / 裂项相消法,选择性必修第二册,第四章,第六章 / 6.4（续）/ 裂项相消法
MATH,0095,91,第六章,6.4（续） / 考点3 分组、并项法求和,选择性必修第二册,第四章,第六章 / 6.4（续）/ 考点3 分组、并项法求和
MATH,0096,92,第六章,高考热点 6 数列的综合 / 类型1 数列与不等式的综合,选择性必修第二册,第四章（专题拓展）,第六章 / 高考热点 6 数列的综合 / 类型1 数列与不等式的综合
MATH,0097,93,第六章,高考热点 6（续） / 类型3 数列的创新题,选择性必修第二册,第四章（专题拓展）,第六章 / 高考热点 6（续）/ 类型3 数列的创新题
MATH,0098,94,第七章 立体几何与空间向量,考情清单,,,第七章 立体几何与空间向量 / 考情清单
MATH,0099,95,第七章,7.1 空间几何体的结构特征、表面积与体积,必修第二册,第八章 立体几何初步,第七章 / 7.1 空间几何体的结构特征、表面积与体积
MATH,0100,96,第七章,7.1（续） / 结构特征识辨、直观图、展开图,必修第二册,第八章,第七章 / 7.1（续）/ 结构特征识辨、直观图、展开图
MATH,0101,97,第七章,7.1（续） / 表面积与体积,必修第二册,第八章,第七章 / 7.1（续）/ 表面积与体积
MATH,0102,98,第七章,高考热点 7 球的接、切问题 / 类型1 几何体的外接球,必修第二册,第八章（专题拓展）,第七章 / 高考热点 7 球的接、切问题 / 类型1 几何体的外接球
MATH,0103,99,第七章,高考热点 7（续） / 棱切球、叠切球,必修第二册,第八章（专题拓展）,第七章 / 高考热点 7（续）/ 棱切球、叠切球
MATH,0104,100,第七章,7.2 空间点、线、面的位置关系,必修第二册,第八章 立体几何初步,第七章 / 7.2 空间点、线、面的位置关系
MATH,0105,101,第七章,7.2（续） / 位置关系判定、异面直线所成角,必修第二册,第八章,第七章 / 7.2（续）/ 位置关系判定、异面直线所成角
MATH,0106,102,第七章,7.3 直线、平面平行的判定与性质,必修第二册,第八章 立体几何初步,第七章 / 7.3 直线、平面平行的判定与性质
MATH,0107,103,第七章,7.3（续） / 线面平行与面面平行的证明方法,必修第二册,第八章,第七章 / 7.3（续）/ 线面平行与面面平行的证明方法
MATH,0108,104,第七章,7.4 直线、平面垂直的判定与性质,必修第二册,第八章 立体几何初步,第七章 / 7.4 直线、平面垂直的判定与性质
MATH,0109,105,第七章,7.4 直线、平面垂直的判定与性质,必修第二册,第八章 立体几何初步,第七章 / 7.4 直线、平面垂直的判定与性质
MATH,0110,106,第七章,7.4 直线、平面垂直的判定与性质,必修第二册,第八章 立体几何初步,第七章 / 7.4 直线、平面垂直的判定与性质
MATH,0111,107,第七章,高考热点 8 截面与翻折问题,必修第二册,第八章 立体几何初步,第七章 / 高考热点 8 截面与翻折问题
MATH,0112,108,第七章,高考热点 8 截面与翻折问题,必修第二册,第八章 立体几何初步,第七章 / 高考热点 8 截面与翻折问题
MATH,0113,109,第七章,7.5 空间角与空间距离、空间向量及其应用,选择性必修第一册,第一章 空间向量与立体几何,第七章 / 7.5 空间角与空间距离、空间向量及其应用
MATH,0114,110,第七章,7.5 空间角与空间距离、空间向量及其应用,选择性必修第一册,第一章 空间向量与立体几何,第七章 / 7.5 空间角与空间距离、空间向量及其应用
MATH,0115,111,第七章,7.5 空间角与空间距离、空间向量及其应用,选择性必修第一册,第一章 空间向量与立体几何,第七章 / 7.5 空间角与空间距离、空间向量及其应用
MATH,0116,112,第七章,7.5 空间角与空间距离、空间向量及其应用 · 考点 2 空间距离,选择性必修第一册,第一章 空间向量与立体几何,第七章 / 7.5 空间角与空间距离、空间向量及其应用 · 考点 2 空间距离
MATH,0117,113,第七章,7.5 空间角与空间距离、空间向量及其应用 · 考点 2 空间距离,选择性必修第一册,第一章 空间向量与立体几何,第七章 / 7.5 空间角与空间距离、空间向量及其应用 · 考点 2 空间距离
MATH,0118,114,第七章,高考热点 9 立体几何中的存在和动态问题 · 类型 1 存在性问题的探索,必修第二册 第八章 立体几何初步 / 选择性必修第一册,第一章,第七章 / 高考热点 9 立体几何中的存在和动态问题 · 类型 1 存在性问题的探索
MATH,0119,115,第七章,高考热点 9 立体几何中的存在和动态问题 · 类型 2 动态问题的探索,必修第二册 第八章 立体几何初步 / 选择性必修第一册,第一章,第七章 / 高考热点 9 立体几何中的存在和动态问题 · 类型 2 动态问题的探索
MATH,0120,116,第七章,高考热点 9 立体几何中的存在和动态问题,必修第二册 第八章 立体几何初步 / 选择性必修第一册,第一章,第七章 / 高考热点 9 立体几何中的存在和动态问题
MATH,0121,117,第八章 平面解析几何,考情清单,,,第八章 平面解析几何 / 考情清单
MATH,0122,118,第八章 平面解析几何,8.1 直线和圆,选择性必修第一册,第二章 直线和圆的方程,第八章 平面解析几何 / 8.1 直线和圆
MATH,0123,119,第八章 平面解析几何,8.1 直线和圆,选择性必修第一册,第二章 直线和圆的方程,第八章 平面解析几何 / 8.1 直线和圆
MATH,0124,120,第八章 平面解析几何,8.1 直线和圆,选择性必修第一册,第二章 直线和圆的方程,第八章 平面解析几何 / 8.1 直线和圆
MATH,0125,121,第八章 平面解析几何,8.1 直线和圆 · 考点 2 直线和圆、圆和圆的位置关系,选择性必修第一册,第二章 直线和圆的方程,第八章 平面解析几何 / 8.1 直线和圆 · 考点 2 直线和圆、圆和圆的位置关系
MATH,0126,122,第八章 平面解析几何,8.1 直线和圆 · 角度 4~6,选择性必修第一册,第二章 直线和圆的方程,第八章 平面解析几何 / 8.1 直线和圆 · 角度 4~6
MATH,0127,123,第八章 平面解析几何,8.2 椭圆,选择性必修第一册,第三章 圆锥曲线的方程,第八章 平面解析几何 / 8.2 椭圆
MATH,0128,124,第八章 平面解析几何,8.2 椭圆,选择性必修第一册,第三章 圆锥曲线的方程,第八章 平面解析几何 / 8.2 椭圆
MATH,0129,125,第八章 平面解析几何,8.2 椭圆（考点 1 椭圆的定义和标准方程 · 考点 2 椭圆的几何性质）,选择性必修第一册,第三章 圆锥曲线的方程,第八章 平面解析几何 / 8.2 椭圆（考点 1 椭圆的定义和标准方程 · 考点 2 椭圆的几何性质）
MATH,0130,126,第八章 平面解析几何,8.2 椭圆（考点 2 椭圆的几何性质 · 角度 1 求椭圆的离心率 · 角度 2 求离心率的最值（范围））,选择性必修第一册,第三章 圆锥曲线的方程,第八章 平面解析几何 / 8.2 椭圆（考点 2 椭圆的几何性质 · 角度 1 求椭圆的离心率 · 角度 2 求离心率的最值（范围））
MATH,0131,127,第八章 平面解析几何,8.3 双曲线（知识清单 · 知识点 1 双曲线的定义 · 知识点 2 双曲线的标准方程及几何性质）,选择性必修第一册,第三章 圆锥曲线的方程,第八章 平面解析几何 / 8.3 双曲线（知识清单 · 知识点 1 双曲线的定义 · 知识点 2 双曲线的标准方程及几何性质）
MATH,0132,128,第八章 平面解析几何,8.3 双曲线（考点 1 双曲线的定义和标准方程 · 角度 1 求双曲线的方程 · 角度 2 焦点三角形问题）,选择性必修第一册,第三章 圆锥曲线的方程,第八章 平面解析几何 / 8.3 双曲线（考点 1 双曲线的定义和标准方程 · 角度 1 求双曲线的方程 · 角度 2 焦点三角形问题）
MATH,0133,129,第八章 平面解析几何,8.3 双曲线（考点 2 双曲线的几何性质 · 角度 1 渐近线 · 角度 2 离心率）,选择性必修第一册,第三章 圆锥曲线的方程,第八章 平面解析几何 / 8.3 双曲线（考点 2 双曲线的几何性质 · 角度 1 渐近线 · 角度 2 离心率）
MATH,0134,130,第八章 平面解析几何,8.4 抛物线（知识清单 · 知识点 1 抛物线的定义 · 知识点 2 抛物线的标准方程与几何性质）,选择性必修第一册,第三章 圆锥曲线的方程,第八章 平面解析几何 / 8.4 抛物线（知识清单 · 知识点 1 抛物线的定义 · 知识点 2 抛物线的标准方程与几何性质）
MATH,0135,131,第八章 平面解析几何,8.4 抛物线（考点 1 抛物线的定义和标准方程 · 考点 2 抛物线的几何性质）,选择性必修第一册,第三章 圆锥曲线的方程,第八章 平面解析几何 / 8.4 抛物线（考点 1 抛物线的定义和标准方程 · 考点 2 抛物线的几何性质）
MATH,0136,132,第八章 平面解析几何,8.5 直线与圆锥曲线的位置关系（考点 1 直线与圆锥曲线的位置关系 · 考点 2 弦长与面积问题）,选择性必修第一册,第三章 圆锥曲线的方程,第八章 平面解析几何 / 8.5 直线与圆锥曲线的位置关系（考点 1 直线与圆锥曲线的位置关系 · 考点 2 弦长与面积问题）
MATH,0137,133,第八章 平面解析几何,8.5 直线与圆锥曲线的位置关系（考点 2 弦长与面积问题 · 考点 3 定点、定值与定线问题）,选择性必修第一册,第三章 圆锥曲线的方程,第八章 平面解析几何 / 8.5 直线与圆锥曲线的位置关系（考点 2 弦长与面积问题 · 考点 3 定点、定值与定线问题）
MATH,0138,134,第八章 平面解析几何,8.5 直线与圆锥曲线的位置关系（考点 3 定点、定值与定线问题）,选择性必修第一册,第三章 圆锥曲线的方程,第八章 平面解析几何 / 8.5 直线与圆锥曲线的位置关系（考点 3 定点、定值与定线问题）
MATH,0139,135,第八章 平面解析几何,高考热点 10 轨迹问题（类型 1 常规曲线的轨迹问题 · 类型 2 非常规曲线的轨迹问题）,选择性必修第一册,第三章 圆锥曲线的方程,第八章 平面解析几何 / 高考热点 10 轨迹问题（类型 1 常规曲线的轨迹问题 · 类型 2 非常规曲线的轨迹问题）
MATH,0140,136,第八章 平面解析几何,高考热点 11 圆锥曲线中的最值与范围问题（类型 1 圆锥曲线中的最值问题）,选择性必修第一册,第三章 圆锥曲线的方程,第八章 平面解析几何 / 高考热点 11 圆锥曲线中的最值与范围问题（类型 1 圆锥曲线中的最值问题）
MATH,0141,137,第八章 平面解析几何,高考热点 11 圆锥曲线中的最值与范围问题（类型 2 圆锥曲线中的范围问题）,选择性必修第一册,第三章 圆锥曲线的方程,第八章 平面解析几何 / 高考热点 11 圆锥曲线中的最值与范围问题（类型 2 圆锥曲线中的范围问题）
MATH,0142,138,第八章 平面解析几何,高考热点 12 圆锥曲线中的存在性（探索性）问题,选择性必修第一册,第三章 圆锥曲线的方程,第八章 平面解析几何 / 高考热点 12 圆锥曲线中的存在性（探索性）问题
MATH,0143,139,第八章 平面解析几何,高考热点 12 圆锥曲线中的存在性（探索性）问题,选择性必修第一册,第三章 圆锥曲线的方程,第八章 平面解析几何 / 高考热点 12 圆锥曲线中的存在性（探索性）问题
MATH,0144,140,第九章 计数原理,9.1 计数原理、排列与组合（知识清单 · 知识点 1 两个计数原理 · 知识点 2 排列与组合）,选择性必修第三册,第六章 计数原理,第九章 计数原理 / 9.1 计数原理、排列与组合（知识清单 · 知识点 1 两个计数原理 · 知识点 2 排列与组合）
MATH,0145,,广告插页（无章节归属）,,不适用,,广告插页（无章节归属）
MATH,0146,141,第九章 计数原理,9.1 计数原理、排列与组合（考点 1 两个计数原理的应用 · 考点 2 排列组合问题）,选择性必修第三册,第六章 计数原理,第九章 计数原理 / 9.1 计数原理、排列与组合（考点 1 两个计数原理的应用 · 考点 2 排列组合问题）
MATH,0147,142,第九章 计数原理,9.1 计数原理、排列与组合（角度 1 排列的常见模型 · 角度 2 组合的常见模型 · 角度 3 分组与分配问题）,选择性必修第三册,第六章 计数原理,第九章 计数原理 / 9.1 计数原理、排列与组合（角度 1 排列的常见模型 · 角度 2 组合的常见模型 · 角度 3 分组与分配问题）
MATH,0148,143,第九章 计数原理,9.2 二项式定理（知识清单 · 知识点 1 二项式定理 · 知识点 2 二项式系数的性质）,选择性必修第三册,第六章 计数原理,第九章 计数原理 / 9.2 二项式定理（知识清单 · 知识点 1 二项式定理 · 知识点 2 二项式系数的性质）
MATH,0149,144,第九章 计数原理,9.2 二项式定理（角度 1 二项展开式中的特定项和特定项的系数 · 角度 2 二项式系数和与各项系数和）,选择性必修第三册,第六章 计数原理,第九章 计数原理 / 9.2 二项式定理（角度 1 二项展开式中的特定项和特定项的系数 · 角度 2 二项式系数和与各项系数和）
MATH,0150,145,第十章 概率,考情清单与综合分析,必修第二册 第十章 概率；选择性必修第三册,第七章 随机变量及其分布,第十章 概率 / 考情清单与综合分析
MATH,0151,146,第十章 概率,10.1 随机事件、古典概型、条件概率与全概率公式,必修第二册,第十章 概率,第十章 概率 / 10.1 随机事件、古典概型、条件概率与全概率公式
MATH,0152,147,第十章 概率,10.1 随机事件、古典概型、条件概率与全概率公式,必修第二册,第十章 概率,第十章 概率 / 10.1 随机事件、古典概型、条件概率与全概率公式
MATH,0153,148,第十章 概率,10.1 随机事件、古典概型、条件概率与全概率公式（考点清单）,必修第二册,第十章 概率,第十章 概率 / 10.1 随机事件、古典概型、条件概率与全概率公式（考点清单）
MATH,0154,149,第十章 概率,10.1 随机事件、古典概型、条件概率与全概率公式（考点清单）,必修第二册,第十章 概率,第十章 概率 / 10.1 随机事件、古典概型、条件概率与全概率公式（考点清单）
MATH,0155,150,第十章 概率,10.2 离散型随机变量及其分布列、均值、方差,选择性必修第三册,第七章 随机变量及其分布,第十章 概率 / 10.2 离散型随机变量及其分布列、均值、方差
MATH,0156,151,第十章 概率,10.2 离散型随机变量及其分布列、均值、方差（考点清单）,选择性必修第三册,第七章 随机变量及其分布,第十章 概率 / 10.2 离散型随机变量及其分布列、均值、方差（考点清单）
MATH,0157,152,第十章 概率,10.2 离散型随机变量及其分布列、均值、方差（考点清单）,选择性必修第三册,第七章 随机变量及其分布,第十章 概率 / 10.2 离散型随机变量及其分布列、均值、方差（考点清单）
MATH,0158,153,第十章 概率,10.3 二项分布、超几何分布及正态分布,选择性必修第三册,第七章 随机变量及其分布,第十章 概率 / 10.3 二项分布、超几何分布及正态分布
MATH,0159,154,第十章 概率,10.3 二项分布、超几何分布及正态分布,选择性必修第三册,第七章 随机变量及其分布,第十章 概率 / 10.3 二项分布、超几何分布及正态分布
MATH,0160,155,第十章 概率,10.3 二项分布、超几何分布及正态分布（考点清单）,选择性必修第三册,第七章 随机变量及其分布,第十章 概率 / 10.3 二项分布、超几何分布及正态分布（考点清单）
MATH,0161,156,第十章 概率,10.3 二项分布、超几何分布及正态分布（考点清单）,选择性必修第三册,第七章 随机变量及其分布,第十章 概率 / 10.3 二项分布、超几何分布及正态分布（考点清单）
MATH,0162,157,第十章 概率,高考热点13 概率创新题,选择性必修第三册,第七章 随机变量及其分布,第十章 概率 / 高考热点13 概率创新题
MATH,0163,158,第十章 概率,高考热点13 概率创新题,选择性必修第三册,第七章 随机变量及其分布,第十章 概率 / 高考热点13 概率创新题
MATH,0164,159,第十章 概率,高考热点13 概率创新题,选择性必修第三册,第七章 随机变量及其分布,第十章 概率 / 高考热点13 概率创新题
MATH,0165,160,第十一章 统计,11.1 用样本估计总体（章首考情清单 + 知识清单）,必修第二册 第九章 统计；选择性必修第三册,第八章 成对数据的统计分析,第十一章 统计 / 11.1 用样本估计总体（章首考情清单 + 知识清单）
MATH,0166,161,第十一章 统计,11.1 用样本估计总体,必修第二册,第九章 统计,第十一章 统计 / 11.1 用样本估计总体
MATH,0167,162,第十一章 统计,11.1 用样本估计总体（考点清单）,必修第二册,第九章 统计,第十一章 统计 / 11.1 用样本估计总体（考点清单）
MATH,0168,163,第十一章 统计,11.1 用样本估计总体（考点清单）,必修第二册,第九章 统计,第十一章 统计 / 11.1 用样本估计总体（考点清单）
MATH,0169,164,第十一章 统计,11.1 用样本估计总体（考点清单）,必修第二册,第九章 统计,第十一章 统计 / 11.1 用样本估计总体（考点清单）
MATH,0170,165,第十一章 统计,11.1 用样本估计总体（考点清单）,必修第二册,第九章 统计,第十一章 统计 / 11.1 用样本估计总体（考点清单）
MATH,0171,166,第十一章 统计,11.2 成对数据的统计分析,选择性必修第三册,第八章 成对数据的统计分析,第十一章 统计 / 11.2 成对数据的统计分析
MATH,0172,167,第十一章 统计,11.2 成对数据的统计分析,选择性必修第三册,第八章 成对数据的统计分析,第十一章 统计 / 11.2 成对数据的统计分析
MATH,0173,168,第十一章 统计,11.2 成对数据的统计分析（考点清单）,选择性必修第三册,第八章 成对数据的统计分析,第十一章 统计 / 11.2 成对数据的统计分析（考点清单）
MATH,0174,169,第十一章 统计,11.2 成对数据的统计分析（考点清单）,选择性必修第三册,第八章 成对数据的统计分析,第十一章 统计 / 11.2 成对数据的统计分析（考点清单）
MATH,0175,170,第十一章 统计,11.2 成对数据的统计分析（考点清单）,选择性必修第三册,第八章 成对数据的统计分析,第十一章 统计 / 11.2 成对数据的统计分析（考点清单）
PHYSICS,0001-0006,1,《2027 5·3 A版 高考物理》精讲册 前言与目录（内容页 1–6）,,,,《2027 5·3 A版 高考物理》精讲册 前言与目录（内容页 1–6）
PHYSICS,0007,1,第一章 匀变速直线运动,第1节 运动的描述,必修第一册,第一章 运动的描述,第一章 匀变速直线运动 / 第1节 运动的描述
PHYSICS,0008,2,第一章 匀变速直线运动,第1节 运动的描述,必修第一册,第一章 运动的描述,第一章 匀变速直线运动 / 第1节 运动的描述
PHYSICS,0009,3,第一章 匀变速直线运动,第2节 匀变速直线运动规律及其应用,必修第一册,第二章 匀变速直线运动的研究,第一章 匀变速直线运动 / 第2节 匀变速直线运动规律及其应用
PHYSICS,0010,4,第一章 匀变速直线运动,第2节 匀变速直线运动规律及其应用,必修第一册,第二章 匀变速直线运动的研究,第一章 匀变速直线运动 / 第2节 匀变速直线运动规律及其应用
PHYSICS,0011,5,第一章 匀变速直线运动,第3节 自由落体运动和竖直上抛运动 多过程问题,必修第一册,第二章 匀变速直线运动的研究,第一章 匀变速直线运动 / 第3节 自由落体运动和竖直上抛运动 多过程问题
PHYSICS,0012,6,第一章 匀变速直线运动,第3节（考点2 匀变速直线运动中的多过程问题，续）,必修第一册,第二章 匀变速直线运动的研究,第一章 匀变速直线运动 / 第3节（考点2 匀变速直线运动中的多过程问题，续）
PHYSICS,0013,7,第一章 匀变速直线运动,微专题1 运动学图像,必修第一册,第二章 匀变速直线运动的研究,第一章 匀变速直线运动 / 微专题1 运动学图像
PHYSICS,0014,8,第一章 匀变速直线运动,微专题1 运动学图像（题型2 图像间的转换）,必修第一册,第二章 匀变速直线运动的研究,第一章 匀变速直线运动 / 微专题1 运动学图像（题型2 图像间的转换）
PHYSICS,0015,9,第一章 匀变速直线运动,微专题2 追及相遇问题,必修第一册,第二章 匀变速直线运动的研究,第一章 匀变速直线运动 / 微专题2 追及相遇问题
PHYSICS,0016,10,第一章 匀变速直线运动,微专题2 追及相遇问题（续）,必修第一册,第二章 匀变速直线运动的研究,第一章 匀变速直线运动 / 微专题2 追及相遇问题（续）
PHYSICS,0017,11,第一章 匀变速直线运动,实验1 测量做直线运动物体的瞬时速度,必修第一册,第二章 匀变速直线运动的研究（实验：探究小车速度随时间变化的规律）,第一章 匀变速直线运动 / 实验1 测量做直线运动物体的瞬时速度
PHYSICS,0018,12,第二章 相互作用,第1节 重力 弹力 摩擦力,必修第一册,第三章 相互作用——力,第二章 相互作用 / 第1节 重力 弹力 摩擦力
PHYSICS,0019,13,第二章 相互作用,第1节 重力 弹力 摩擦力,必修第一册,第三章 相互作用——力,第二章 相互作用 / 第1节 重力 弹力 摩擦力
PHYSICS,0020,14,第二章 相互作用,第1节 重力 弹力 摩擦力,必修第一册,第三章 相互作用——力,第二章 相互作用 / 第1节 重力 弹力 摩擦力
PHYSICS,0021,15,第二章 相互作用,第2节 力的合成与分解（考点1）,必修第一册,第三章 相互作用——力,第二章 相互作用 / 第2节 力的合成与分解（考点1）
PHYSICS,0022,16,第二章 相互作用,第2节 力的合成与分解（考点2 死结与活结 定杆与动杆）,必修第一册,第三章 相互作用——力,第二章 相互作用 / 第2节 力的合成与分解（考点2 死结与活结 定杆与动杆）
PHYSICS,0023,17,第二章 相互作用,第3节 牛顿第三定律 共点力的平衡（考点1）,必修第一册,第三章 相互作用——力,第二章 相互作用 / 第3节 牛顿第三定律 共点力的平衡（考点1）
PHYSICS,0024,18,第二章 相互作用,第3节 牛顿第三定律 共点力的平衡（考点2）,必修第一册,第三章 相互作用——力,第二章 相互作用 / 第3节 牛顿第三定律 共点力的平衡（考点2）
PHYSICS,0025,19,第二章 相互作用,微专题3 动态平衡 平衡中的临界极值问题（题型1）,必修第一册,第三章 相互作用——力,第二章 相互作用 / 微专题3 动态平衡 平衡中的临界极值问题（题型1）
PHYSICS,0026,20,第二章 相互作用,微专题3 动态平衡 平衡中的临界极值问题（题型2）,必修第一册,第三章 相互作用——力,第二章 相互作用 / 微专题3 动态平衡 平衡中的临界极值问题（题型2）
PHYSICS,0027,21,第二章 相互作用,实验2 探究弹簧弹力与形变量的关系,必修第一册,第三章 相互作用——力（实验：探究弹簧弹力与形变量的关系）,第二章 相互作用 / 实验2 探究弹簧弹力与形变量的关系
PHYSICS,0029,22,第二章 相互作用,实验3 探究两个互成角度的力的合成规律,必修第一册,第三章 相互作用——力（实验：探究两个互成角度的力的合成规律）,第二章 相互作用 / 实验3 探究两个互成角度的力的合成规律
PHYSICS,0030,23,第三章 牛顿运动定律,第1节 牛顿第一定律 牛顿第二定律,必修第一册,第四章 运动和力的关系,第三章 牛顿运动定律 / 第1节 牛顿第一定律 牛顿第二定律
PHYSICS,0031,24,第三章 牛顿运动定律,第1节 牛顿第一定律 牛顿第二定律（续）,必修第一册,第四章 运动和力的关系,第三章 牛顿运动定律 / 第1节 牛顿第一定律 牛顿第二定律（续）
PHYSICS,0032,25,第三章 牛顿运动定律,第2节 牛顿第二定律的应用,必修第一册,第四章 运动和力的关系,第三章 牛顿运动定律 / 第2节 牛顿第二定律的应用
PHYSICS,0033,26,第三章 牛顿运动定律,第2节（续） / 考点3 超重和失重问题,必修第一册,第四章 运动和力的关系,第三章 牛顿运动定律 / 第2节（续）/ 考点3 超重和失重问题
PHYSICS,0034,27,第三章 牛顿运动定律,微专题4 牛顿第二定律的综合应用 / 题型1 动力学中的连接体问题,必修第一册,第四章 运动和力的关系,第三章 牛顿运动定律 / 微专题4 牛顿第二定律的综合应用 / 题型1 动力学中的连接体问题
PHYSICS,0035,28,第三章 牛顿运动定律,微专题4（续） / 题型2 动力学中的临界极值问题,必修第一册,第四章 运动和力的关系,第三章 牛顿运动定律 / 微专题4（续）/ 题型2 动力学中的临界极值问题
PHYSICS,0036,29,第三章 牛顿运动定律,微专题5 动力学中的传送带模型,必修第一册,第四章 运动和力的关系,第三章 牛顿运动定律 / 微专题5 动力学中的传送带模型
PHYSICS,0037,30,第三章 牛顿运动定律,微专题5（续） / 模型突破：常见传送带模型分析（水平）,必修第一册,第四章 运动和力的关系,第三章 牛顿运动定律 / 微专题5（续）/ 模型突破：常见传送带模型分析（水平）
PHYSICS,0038,31,第三章 牛顿运动定律,微专题5（续） / 模型突破：常见传送带模型分析（倾斜）,必修第一册,第四章 运动和力的关系,第三章 牛顿运动定律 / 微专题5（续）/ 模型突破：常见传送带模型分析（倾斜）
PHYSICS,0039,32,第三章 牛顿运动定律,微专题6 动力学中的滑块-木板模型,必修第一册,第四章 运动和力的关系,第三章 牛顿运动定律 / 微专题6 动力学中的滑块-木板模型
PHYSICS,0040,33,第三章 牛顿运动定律,微专题6（续） / 斜面上的滑块-木板模型,必修第一册,第四章 运动和力的关系,第三章 牛顿运动定律 / 微专题6（续）/ 斜面上的滑块-木板模型
PHYSICS,0041,34,第三章 牛顿运动定律,微专题6（续） / 模型突破：水平面上的滑块-木板模型分类解读,必修第一册,第四章 运动和力的关系,第三章 牛顿运动定律 / 微专题6（续）/ 模型突破：水平面上的滑块-木板模型分类解读
PHYSICS,0042,35,第三章 牛顿运动定律,实验4 探究加速度与物体受力、物体质量的关系,必修第一册,第四章 运动和力的关系（实验：探究加速度与力、质量的关系）,第三章 牛顿运动定律 / 实验4 探究加速度与物体受力、物体质量的关系
PHYSICS,0043,36,第四章 曲线运动,第1节 曲线运动 运动的合成与分解,必修第二册,第五章 抛体运动,第四章 曲线运动 / 第1节 曲线运动 运动的合成与分解
PHYSICS,0044,37,第四章 曲线运动,第1节（续） / 考点3 小船渡河模型,必修第二册,第五章 抛体运动,第四章 曲线运动 / 第1节（续）/ 考点3 小船渡河模型
PHYSICS,0045,38,第四章 曲线运动,第1节（续） / 考点4 关联速度模型,必修第二册,第五章 抛体运动,第四章 曲线运动 / 第1节（续）/ 考点4 关联速度模型
PHYSICS,0046,39,第四章 曲线运动,第2节 抛体运动 / 考点1 平抛运动的基本规律,必修第二册,第五章 抛体运动,第四章 曲线运动 / 第2节 抛体运动 / 考点1 平抛运动的基本规律
PHYSICS,0047,40,第四章 曲线运动,第2节（续） / 考点2 圆弧面约束、考点3 类平抛运动,必修第二册,第五章 抛体运动,第四章 曲线运动 / 第2节（续）/ 考点2 圆弧面约束、考点3 类平抛运动
PHYSICS,0048,41,第四章 曲线运动,第2节（续） / 考点4 斜抛运动,必修第二册,第五章 抛体运动,第四章 曲线运动 / 第2节（续）/ 考点4 斜抛运动
PHYSICS,0049,42,第四章 曲线运动,微专题7 抛体运动中的综合问题 / 题型1 临界极值问题、题型2 立体空间中的抛体运动,必修第二册,第五章 抛体运动,第四章 曲线运动 / 微专题7 抛体运动中的综合问题 / 题型1 临界极值问题、题型2 立体空间中的抛体运动
PHYSICS,0050,43,第四章 曲线运动,微专题7（续） / 降维法、题型3 抛体运动中的相遇问题,必修第二册,第五章 抛体运动,第四章 曲线运动 / 微专题7（续）/ 降维法、题型3 抛体运动中的相遇问题
PHYSICS,0051,44,第四章 曲线运动,第3节 圆周运动,必修第二册,第六章 圆周运动,第四章 曲线运动 / 第3节 圆周运动
PHYSICS,0052,45,第四章 曲线运动,第3节（续） / 方法提升：圆周运动中动力学问题的分析思路,必修第二册,第六章 圆周运动,第四章 曲线运动 / 第3节（续）/ 方法提升：圆周运动中动力学问题的分析思路
PHYSICS,0053,46,第四章 曲线运动,微专题8 圆周运动的临界极值问题 / 题型1 水平面内圆周运动的临界极值问题,必修第二册,第六章 圆周运动,第四章 曲线运动 / 微专题8 圆周运动的临界极值问题 / 题型1 水平面内圆周运动的临界极值问题
PHYSICS,0054,47,第四章 曲线运动,微专题8（续） / 题型2 竖直面内圆周运动的临界极值问题,必修第二册,第六章 圆周运动,第四章 曲线运动 / 微专题8（续）/ 题型2 竖直面内圆周运动的临界极值问题
PHYSICS,0055,48,第四章 曲线运动,微专题8（续） / 题型3 斜面上圆周运动的临界极值问题,必修第二册,第六章 圆周运动,第四章 曲线运动 / 微专题8（续）/ 题型3 斜面上圆周运动的临界极值问题
PHYSICS,0056,49,第四章 曲线运动,实验5 探究平抛运动的特点,必修第二册,第五章 抛体运动（实验：探究平抛运动的特点）,第四章 曲线运动 / 实验5 探究平抛运动的特点
PHYSICS,0057,50,第四章 曲线运动,实验6 探究向心力大小与半径、角速度、质量的关系,必修第二册,第六章 圆周运动（实验：探究向心力大小的表达式）,第四章 曲线运动 / 实验6 探究向心力大小与半径、角速度、质量的关系
PHYSICS,0058,51,第五章 万有引力与宇宙航行,第1节 万有引力定律及其应用,必修第二册,第七章 万有引力与宇宙航行,第五章 万有引力与宇宙航行 / 第1节 万有引力定律及其应用
PHYSICS,0059,52,第五章 万有引力与宇宙航行,第1节（续） / 考点3 天体质量和平均密度的计算,必修第二册,第七章 万有引力与宇宙航行,第五章 万有引力与宇宙航行 / 第1节（续）/ 考点3 天体质量和平均密度的计算
PHYSICS,0060,53,第五章 万有引力与宇宙航行,第2节 人造卫星 宇宙速度 / 考点1 天体（卫星）运行参量的分析,必修第二册,第七章 万有引力与宇宙航行,第五章 万有引力与宇宙航行 / 第2节 人造卫星 宇宙速度 / 考点1 天体（卫星）运行参量的分析
PHYSICS,0061,54,第五章 万有引力与宇宙航行,第2节（续） / 考点2 宇宙速度,必修第二册,第七章 万有引力与宇宙航行,第五章 万有引力与宇宙航行 / 第2节（续）/ 考点2 宇宙速度
PHYSICS,0062,55,第五章 万有引力与宇宙航行,第2节（续） / 考点3 天体的追及问题、考点4 相对论时空观,必修第二册 第七章 万有引力与宇宙航行 / 必修第二册,第八章（相对论时空观）,第五章 万有引力与宇宙航行 / 第2节（续）/ 考点3 天体的追及问题、考点4 相对论时空观
PHYSICS,0063,56,第五章 万有引力与宇宙航行,微专题9 卫星的变轨问题 双星和多星问题 / 题型1 卫星的变轨问题,必修第二册,第七章 万有引力与宇宙航行,第五章 万有引力与宇宙航行 / 微专题9 卫星的变轨问题 双星和多星问题 / 题型1 卫星的变轨问题
PHYSICS,0064,57,第五章 万有引力与宇宙航行,微专题9（续） / 题型2 双星和多星问题,必修第二册,第七章 万有引力与宇宙航行,第五章 万有引力与宇宙航行 / 微专题9（续）/ 题型2 双星和多星问题
PHYSICS,0065,58,第六章 机械能守恒定律,第1节 功和功率 / 考点1 功的分析和计算,必修第二册,第八章 机械能守恒定律,第六章 机械能守恒定律 / 第1节 功和功率 / 考点1 功的分析和计算
PHYSICS,0066,59,第六章 机械能守恒定律,第1节（续） / 考点2 功率的分析和计算、考点3 机车启动问题,必修第二册,第八章 机械能守恒定律,第六章 机械能守恒定律 / 第1节（续）/ 考点2 功率的分析和计算、考点3 机车启动问题
PHYSICS,0067,60,第六章 机械能守恒定律,第2节 动能定理及其应用 / 考点1 动能定理的理解和基本应用,必修第二册,第八章 机械能守恒定律,第六章 机械能守恒定律 / 第2节 动能定理及其应用 / 考点1 动能定理的理解和基本应用
PHYSICS,0068,61,第六章 机械能守恒定律,第2节（续） / 规律总结与考点2 动能定理与图像结合,必修第二册,第八章 机械能守恒定律,第六章 机械能守恒定律 / 第2节（续）/ 规律总结与考点2 动能定理与图像结合
PHYSICS,0069,62,第六章 机械能守恒定律,微专题10 动能定理在多过程运动中的应用,必修第二册,第八章 机械能守恒定律,第六章 机械能守恒定律 / 微专题10 动能定理在多过程运动中的应用
PHYSICS,0070,63,第六章 机械能守恒定律,第3节 机械能守恒定律及其应用 / 考点1 机械能守恒的判断,必修第二册,第八章 机械能守恒定律,第六章 机械能守恒定律 / 第3节 机械能守恒定律及其应用 / 考点1 机械能守恒的判断
PHYSICS,0071,64,第六章 机械能守恒定律,第3节（续） / 考点3 系统的机械能守恒问题,必修第二册,第八章 机械能守恒定律,第六章 机械能守恒定律 / 第3节（续）/ 考点3 系统的机械能守恒问题
PHYSICS,0072,65,第六章 机械能守恒定律,第4节 功能关系 能量守恒,必修第二册,第八章 机械能守恒定律,第六章 机械能守恒定律 / 第4节 功能关系 能量守恒
PHYSICS,0073,66,第六章 机械能守恒定律,第4节（续） / 考点2 能量守恒定律的理解和应用,必修第二册,第八章 机械能守恒定律,第六章 机械能守恒定律 / 第4节（续）/ 考点2 能量守恒定律的理解和应用
PHYSICS,0074,67,第六章 机械能守恒定律,微专题11 动力学和能量观点相结合的两类典型模型 / 题型1 传送带模型,必修第二册,第八章 机械能守恒定律,第六章 机械能守恒定律 / 微专题11 动力学和能量观点相结合的两类典型模型 / 题型1 传送带模型
PHYSICS,0075,68,第六章 机械能守恒定律,微专题11（续） / 题型2 滑块-木板模型,必修第二册,第八章 机械能守恒定律,第六章 机械能守恒定律 / 微专题11（续）/ 题型2 滑块-木板模型
PHYSICS,0076,69,第六章 机械能守恒定律,实验7 验证机械能守恒定律,必修第二册,第八章 机械能守恒定律（实验：验证机械能守恒定律）,第六章 机械能守恒定律 / 实验7 验证机械能守恒定律
PHYSICS,0077,70,第七章 动量守恒定律,第1节 动量定理及其应用 / 考点1 动量和冲量,选择性必修第一册,第一章 动量守恒定律,第七章 动量守恒定律 / 第1节 动量定理及其应用 / 考点1 动量和冲量
PHYSICS,0078,71,第七章 动量守恒定律,第1节（续） / 考点2 动量定理的理解及应用,选择性必修第一册,第一章 动量守恒定律,第七章 动量守恒定律 / 第1节（续）/ 考点2 动量定理的理解及应用
PHYSICS,0079,72,第七章 动量守恒定律,第1节（续） / 考点3 应用动量定理分析流体问题、考点4 分方向动量定理,选择性必修第一册,第一章 动量守恒定律,第七章 动量守恒定律 / 第1节（续）/ 考点3 应用动量定理分析流体问题、考点4 分方向动量定理
PHYSICS,0080,73,第七章 动量守恒定律,第2节 动量守恒定律 / 考点1 动量守恒定律的理解和应用,选择性必修第一册,第一章 动量守恒定律,第七章 动量守恒定律 / 第2节 动量守恒定律 / 考点1 动量守恒定律的理解和应用
PHYSICS,0081,74,第七章 动量守恒定律,第2节（续）,选择性必修第一册,第一章 动量守恒定律,第七章 动量守恒定律 / 第2节（续）
PHYSICS,0082,75,第七章 动量守恒定律,第2节（续） / 反冲现象、人船模型,选择性必修第一册,第一章 动量守恒定律,第七章 动量守恒定律 / 第2节（续）/ 反冲现象、人船模型
PHYSICS,0083,76,第七章 动量守恒定律,微专题12 动量守恒中的几种常见模型 / 题型1 子弹打木块模型、题型2 滑块-木板模型,选择性必修第一册,第一章 动量守恒定律,第七章 动量守恒定律 / 微专题12 动量守恒中的几种常见模型 / 题型1 子弹打木块模型、题型2 滑块-木板模型
PHYSICS,0084,77,第七章 动量守恒定律,微专题12（续） / 题型3 滑块-弹簧模型,选择性必修第一册,第一章 动量守恒定律,第七章 动量守恒定律 / 微专题12（续）/ 题型3 滑块-弹簧模型
PHYSICS,0085,78,第七章 动量守恒定律,微专题12（续） / 题型4 滑块-斜（曲）面体模型,选择性必修第一册,第一章 动量守恒定律,第七章 动量守恒定律 / 微专题12（续）/ 题型4 滑块-斜（曲）面体模型
PHYSICS,0086,79,第七章 动量守恒定律,微专题13 力学三大观点的综合应用,选择性必修第一册,第一章 动量守恒定律,第七章 动量守恒定律 / 微专题13 力学三大观点的综合应用
PHYSICS,0087,80,第七章 动量守恒定律,微专题13（续） / 方法提升：变换参考系,选择性必修第一册,第一章 动量守恒定律,第七章 动量守恒定律 / 微专题13（续）/ 方法提升：变换参考系
PHYSICS,0088,81,第七章 动量守恒定律,实验8 验证动量守恒定律,选择性必修第一册,第一章 动量守恒定律（实验：验证动量守恒定律）,第七章 动量守恒定律 / 实验8 验证动量守恒定律
PHYSICS,0089,82,第八章 机械振动 机械波,第1节 机械振动 / 考点1 弹簧振子 简谐运动,选择性必修第一册,第二章 机械振动,第八章 机械振动 机械波 / 第1节 机械振动 / 考点1 弹簧振子 简谐运动
PHYSICS,0090,83,第八章 机械振动 机械波,第1节（续） / 归纳总结、考点2 单摆,选择性必修第一册,第二章 机械振动,第八章 机械振动 机械波 / 第1节（续）/ 归纳总结、考点2 单摆
PHYSICS,0091,84,第八章 机械振动 机械波,第1节（续） / 考点3 受迫振动 共振,选择性必修第一册,第二章 机械振动,第八章 机械振动 机械波 / 第1节（续）/ 考点3 受迫振动 共振
PHYSICS,0092,85,第八章 机械振动 机械波,第2节 机械波 / 考点1 机械波的形成 波的图像,选择性必修第一册,第三章 机械波,第八章 机械振动 机械波 / 第2节 机械波 / 考点1 机械波的形成 波的图像
PHYSICS,0093,86,第八章 机械振动 机械波,第2节（续） / 考点2 波传播的周期性和多解性问题,选择性必修第一册,第三章 机械波,第八章 机械振动 机械波 / 第2节（续）/ 考点2 波传播的周期性和多解性问题
PHYSICS,0094,87,第八章 机械振动 机械波,第2节（续） / 考点3 波的干涉、衍射 多普勒效应,选择性必修第一册,第三章 机械波,第八章 机械振动 机械波 / 第2节（续）/ 考点3 波的干涉、衍射 多普勒效应
PHYSICS,0095,88,第八章 机械振动 机械波,微专题14 波的图像和振动图像的综合应用,选择性必修第一册,第三章 机械波,第八章 机械振动 机械波 / 微专题14 波的图像和振动图像的综合应用
PHYSICS,0096,89,第八章 机械振动 机械波,微专题15 简谐运动在力学中的综合应用,选择性必修第一册,第二章 机械振动,第八章 机械振动 机械波 / 微专题15 简谐运动在力学中的综合应用
PHYSICS,0097,90,第八章 机械振动 机械波,微专题15（续） / 题型3 简谐运动处理电场问题、题型4 简谐运动处理动量问题,选择性必修第一册,第二章 机械振动,第八章 机械振动 机械波 / 微专题15（续）/ 题型3 简谐运动处理电场问题、题型4 简谐运动处理动量问题
PHYSICS,0098,91,第八章 机械振动 机械波,实验9 用单摆测量重力加速度,选择性必修第一册,第二章 机械振动（实验：用单摆测量重力加速度）,第八章 机械振动 机械波 / 实验9 用单摆测量重力加速度
PHYSICS,0099,92,第九章 静电场,第1节 静电场中力的性质 / 考点1 电荷守恒定律 库仑定律,必修第三册,第九章 静电场及其应用,第九章 静电场 / 第1节 静电场中力的性质 / 考点1 电荷守恒定律 库仑定律
PHYSICS,0100,93,第九章 静电场,第1节（续） / 考点3 电场线的理解及应用,必修第三册,第九章 静电场及其应用,第九章 静电场 / 第1节（续）/ 考点3 电场线的理解及应用
PHYSICS,0101,94,第九章 静电场,微专题16 求解电场强度的几种特殊方法,必修第三册,第九章 静电场及其应用,第九章 静电场 / 微专题16 求解电场强度的几种特殊方法
PHYSICS,0102,95,第九章 静电场,微专题16（续） / 割补法、等效法,必修第三册,第九章 静电场及其应用,第九章 静电场 / 微专题16（续）/ 割补法、等效法
PHYSICS,0103,96,第九章 静电场,微专题16（续） / 微元法、极限法,必修第三册,第九章 静电场及其应用,第九章 静电场 / 微专题16（续）/ 微元法、极限法
PHYSICS,0104,97,第九章 静电场,第2节 静电场中能的性质 / 考点1 描述静电场中能的性质的物理量,必修第三册,第十章 静电场中的能量,第九章 静电场 / 第2节 静电场中能的性质 / 考点1 描述静电场中能的性质的物理量
PHYSICS,0105,98,第九章 静电场,第2节（续） / 电势高低的判断、考点2 电势差与电场强度的关系、考点3 等势面,必修第三册,第十章 静电场中的能量,第九章 静电场 / 第2节（续）/ 电势高低的判断、考点2 电势差与电场强度的关系、考点3 等势面
PHYSICS,0106,99,第九章 静电场,第2节（续） / 等量点电荷的等势面、带电粒子轨迹分析、考点4 静电的防止与利用,必修第三册,第十章 静电场中的能量,第九章 静电场 / 第2节（续）/ 等量点电荷的等势面、带电粒子轨迹分析、考点4 静电的防止与利用
PHYSICS,0107,100,第九章 静电场,微专题17 静电场中的功能关系及图像问题,必修第三册,第十章 静电场中的能量,第九章 静电场 / 微专题17 静电场中的功能关系及图像问题
PHYSICS,0108,101,第九章 静电场,微专题17（续） / $E$-$x$ 图像、$E_p$-$x$ 图像,必修第三册,第十章 静电场中的能量,第九章 静电场 / 微专题17（续）/ $E$-$x$ 图像、$E_p$-$x$ 图像
PHYSICS,0109,102,第九章 静电场,第3节 电容器 带电粒子在电场中的运动 / 考点1 电容器 平行板电容器的动态分析,必修第三册,第十章 静电场中的能量,第九章 静电场 / 第3节 电容器 带电粒子在电场中的运动 / 考点1 电容器 平行板电容器的动态分析
PHYSICS,0110,103,第九章 静电场,第3节（续） / 考点2 带电粒子在电场中的直线运动、考点3 曲线运动,必修第三册,第十章 静电场中的能量,第九章 静电场 / 第3节（续）/ 考点2 带电粒子在电场中的直线运动、考点3 曲线运动
PHYSICS,0111,104,第九章 静电场,第3节（续） / 功能关系与偏转位移计算,必修第三册,第十章 静电场中的能量,第九章 静电场 / 第3节（续）/ 功能关系与偏转位移计算
PHYSICS,0112,105,第九章 静电场,微专题18 带电粒子在电场中的力电综合问题,必修第三册,第十章 静电场中的能量,第九章 静电场 / 微专题18 带电粒子在电场中的力电综合问题
PHYSICS,0113,106,第九章 静电场,微专题18（续） / 题型2 电场中的力电综合问题,必修第三册,第十章 静电场中的能量,第九章 静电场 / 微专题18（续）/ 题型2 电场中的力电综合问题
PHYSICS,0114,107,第九章 静电场,微专题19 带电粒子在交变电场中的运动,必修第三册,第十章 静电场中的能量,第九章 静电场 / 微专题19 带电粒子在交变电场中的运动
PHYSICS,0115,108,第九章 静电场,微专题19（续） / 规律总结,必修第三册,第十章 静电场中的能量,第九章 静电场 / 微专题19（续）/ 规律总结
PHYSICS,0116,109,第九章 静电场,实验10 观察电容器的充、放电现象,必修第三册,第十章 静电场中的能量（实验：观察电容器的充、放电现象）,第九章 静电场 / 实验10 观察电容器的充、放电现象
PHYSICS,0117,110,第十章 电路及其应用,第1节 电路的基本概念及规律 / 考点1 电流的概念及表达式,必修第三册,第十一章 电路及其应用,第十章 电路及其应用 / 第1节 电路的基本概念及规律 / 考点1 电流的概念及表达式
PHYSICS,0118,111,第十章 电路及其应用,第1节（续） / 考点3 串联电路和并联电路 电表改装原理,必修第三册,第十一章 电路及其应用,第十章 电路及其应用 / 第1节（续）/ 考点3 串联电路和并联电路 电表改装原理
PHYSICS,0119,112,第十章 电路及其应用,第1节（续） / 考点4 电功、电功率、电热、热功率,必修第三册,第十一章 电路及其应用,第十章 电路及其应用 / 第1节（续）/ 考点4 电功、电功率、电热、热功率
PHYSICS,0120,113,第十章 电路及其应用,第2节 闭合电路欧姆定律及其应用 / 考点1 闭合电路欧姆定律,必修第三册,第十二章 电能 能量守恒定律,第十章 电路及其应用 / 第2节 闭合电路欧姆定律及其应用 / 考点1 闭合电路欧姆定律
PHYSICS,0121,114,第十章 电路及其应用,第2节（续） / 等效电源、考点3 两类 $U$-$I$ 图像,必修第三册,第十二章 电能 能量守恒定律,第十章 电路及其应用 / 第2节（续）/ 等效电源、考点3 两类 $U$-$I$ 图像
PHYSICS,0122,115,第十章 电路及其应用,微专题20 电路的动态分析和故障判断,必修第三册,第十二章 电能 能量守恒定律,第十章 电路及其应用 / 微专题20 电路的动态分析和故障判断
PHYSICS,0123,116,第十章 电路及其应用,微专题20（续） / 题型2 电路的故障判断,必修第三册,第十二章 电能 能量守恒定律,第十章 电路及其应用 / 微专题20（续）/ 题型2 电路的故障判断
PHYSICS,0124,117,第十章 电路及其应用,第3节 电学实验基础,必修第三册,第十一章 电路及其应用（实验基础）,第十章 电路及其应用 / 第3节 电学实验基础
PHYSICS,0125,118,第十章 电路及其应用,第3节（续） / 电学实验设计三原则、实验11 导体电阻率的测量,必修第三册,第十一章 电路及其应用,第十章 电路及其应用 / 第3节（续）/ 电学实验设计三原则、实验11 导体电阻率的测量
PHYSICS,0126,119,第十章 电路及其应用,实验11（续）、实验12 测量电阻的几种方法,必修第三册,第十一章 电路及其应用,第十章 电路及其应用 / 实验11（续）、实验12 测量电阻的几种方法
PHYSICS,0127,120,第十章 电路及其应用,实验12（续） / 差值法、半偏法,必修第三册,第十一章 电路及其应用,第十章 电路及其应用 / 实验12（续）/ 差值法、半偏法
PHYSICS,0128,121,第十章 电路及其应用,实验12（续）电桥法、实验13 测量电源电动势和内阻,必修第三册,第十二章 电能 能量守恒定律,第十章 电路及其应用 / 实验12（续）电桥法、实验13 测量电源电动势和内阻
PHYSICS,0129,122,第十章 电路及其应用,实验13（续） / 拓展方案：安阻法、伏阻法,必修第三册,第十二章 电能 能量守恒定律,第十章 电路及其应用 / 实验13（续）/ 拓展方案：安阻法、伏阻法
PHYSICS,0130,123,第十章 电路及其应用,实验14 用多用电表测量电学中的物理量,必修第三册,第十一章 电路及其应用（实验：练习使用多用电表）,第十章 电路及其应用 / 实验14 用多用电表测量电学中的物理量
PHYSICS,0131,124,第十一章 磁场,第1节 磁场及其对电流的作用 / 考点1 电流的磁场 磁场的叠加,必修第三册,第十三章 电磁感应与电磁波初步,第十一章 磁场 / 第1节 磁场及其对电流的作用 / 考点1 电流的磁场 磁场的叠加
PHYSICS,0132,125,第十一章 磁场,第1节（续） / 考点2 安培力的分析与计算,选择性必修第二册,第一章 安培力与洛伦兹力,第十一章 磁场 / 第1节（续）/ 考点2 安培力的分析与计算
PHYSICS,0133,126,第十一章 磁场,第1节（续） / 考点3 安培力作用下的平衡和加速问题,选择性必修第二册,第一章 安培力与洛伦兹力,第十一章 磁场 / 第1节（续）/ 考点3 安培力作用下的平衡和加速问题
PHYSICS,0134,127,第十一章 磁场,第2节 磁场对运动电荷（带电体）的作用 / 考点1 洛伦兹力,选择性必修第二册,第一章 安培力与洛伦兹力,第十一章 磁场 / 第2节 磁场对运动电荷（带电体）的作用 / 考点1 洛伦兹力
PHYSICS,0135,128,第十一章 磁场,第2节（续） / 考点3 带电粒子在匀强磁场中的运动,选择性必修第二册,第一章 安培力与洛伦兹力,第十一章 磁场 / 第2节（续）/ 考点3 带电粒子在匀强磁场中的运动
PHYSICS,0136,129,第十一章 磁场,第2节（续） / 方法提升：匀速圆周运动问题的解题思路,选择性必修第二册,第一章 安培力与洛伦兹力,第十一章 磁场 / 第2节（续）/ 方法提升：匀速圆周运动问题的解题思路
PHYSICS,0137,130,第十一章 磁场,微专题21 带电粒子在有界匀强磁场中的运动,选择性必修第二册,第一章 安培力与洛伦兹力,第十一章 磁场 / 微专题21 带电粒子在有界匀强磁场中的运动
PHYSICS,0138,131,第十一章 磁场,微专题21（续） / 题型2 带电粒子在有界匀强磁场中运动的多解问题,选择性必修第二册,第一章 安培力与洛伦兹力,第十一章 磁场 / 微专题21（续）/ 题型2 带电粒子在有界匀强磁场中运动的多解问题
PHYSICS,0139,132,第十一章 磁场,微专题22 磁场中的动态圆模型,选择性必修第二册,第一章 安培力与洛伦兹力,第十一章 磁场 / 微专题22 磁场中的动态圆模型
PHYSICS,0140,133,第十一章 磁场,微专题22（续） / 临界极值结论、题型2 磁聚焦和磁发散模型,选择性必修第二册,第一章 安培力与洛伦兹力,第十一章 磁场 / 微专题22（续）/ 临界极值结论、题型2 磁聚焦和磁发散模型
PHYSICS,0141,134,第十一章 磁场,微专题23 洛伦兹力与现代科技,选择性必修第二册,第一章 安培力与洛伦兹力,第十一章 磁场 / 微专题23 洛伦兹力与现代科技
PHYSICS,0142,135,第十一章 磁场,微专题23（续） / 题型2 回旋加速器、题型3 质谱仪,选择性必修第二册,第一章 安培力与洛伦兹力,第十一章 磁场 / 微专题23（续）/ 题型2 回旋加速器、题型3 质谱仪
PHYSICS,0143,136,第十一章 磁场,微专题24 带电粒子在组合场中的运动,选择性必修第二册,第一章 安培力与洛伦兹力,第十一章 磁场 / 微专题24 带电粒子在组合场中的运动
PHYSICS,0144,137,第十一章 磁场,微专题24（续） / 题型3 应用正则动量解决组合场问题,选择性必修第二册,第一章 安培力与洛伦兹力,第十一章 磁场 / 微专题24（续）/ 题型3 应用正则动量解决组合场问题
PHYSICS,0145,138,第十一章 磁场,微专题25 带电粒子在叠加场中的运动,选择性必修第二册,第一章 安培力与洛伦兹力,第十一章 磁场 / 微专题25 带电粒子在叠加场中的运动
PHYSICS,0146,139,第十一章 磁场,微专题25（续） / 方法提升：配速法,选择性必修第二册,第一章 安培力与洛伦兹力,第十一章 磁场 / 微专题25（续）/ 方法提升：配速法
PHYSICS,0147,140,第十一章 磁场,微专题26 带电粒子在交变电磁场、空间电磁场中的运动,选择性必修第二册,第一章 安培力与洛伦兹力,第十一章 磁场 / 微专题26 带电粒子在交变电磁场、空间电磁场中的运动
PHYSICS,0148,141,第十一章 磁场,微专题26（续） / 题型2 带电粒子在空间电磁场中的等距螺旋线运动,选择性必修第二册,第一章 安培力与洛伦兹力,第十一章 磁场 / 微专题26（续）/ 题型2 带电粒子在空间电磁场中的等距螺旋线运动
PHYSICS,0149,142,第十一章 磁场,微专题26（续） / 题型3 带电粒子在空间电磁场中偏转运动,选择性必修第二册,第一章 安培力与洛伦兹力,第十一章 磁场 / 微专题26（续）/ 题型3 带电粒子在空间电磁场中偏转运动
PHYSICS,0150,143,第十二章 电磁感应,第1节 电磁感应现象 楞次定律 实验：探究影响感应电流方向的因素,选择性必修第二册,第二章 电磁感应,第十二章 电磁感应 / 第1节 电磁感应现象 楞次定律 实验：探究影响感应电流方向的因素
PHYSICS,0151,144,第十二章 电磁感应,第1节（续） / 三定则一定律辨析、考点3 实验,选择性必修第二册,第二章 电磁感应,第十二章 电磁感应 / 第1节（续）/ 三定则一定律辨析、考点3 实验
PHYSICS,0152,145,第十二章 电磁感应,第2节 法拉第电磁感应定律 自感和涡流 / 考点1、考点2,选择性必修第二册,第二章 电磁感应,第十二章 电磁感应 / 第2节 法拉第电磁感应定律 自感和涡流 / 考点1、考点2
PHYSICS,0153,146,第十二章 电磁感应,第2节（续） / 考点3 自感现象,选择性必修第二册,第二章 电磁感应,第十二章 电磁感应 / 第2节（续）/ 考点3 自感现象
PHYSICS,0154,147,第十二章 电磁感应,第2节（续） / 自感判断技巧、考点4 涡流 电磁阻尼和电磁驱动,选择性必修第二册,第二章 电磁感应,第十二章 电磁感应 / 第2节（续）/ 自感判断技巧、考点4 涡流 电磁阻尼和电磁驱动
PHYSICS,0155,148,第十二章 电磁感应,微专题27 电磁感应中的电路和图像问题 / 题型1 电路问题,选择性必修第二册,第二章 电磁感应,第十二章 电磁感应 / 微专题27 电磁感应中的电路和图像问题 / 题型1 电路问题
PHYSICS,0156,149,第十二章 电磁感应,微专题27（续） / 题型2 电磁感应中的图像问题,选择性必修第二册,第二章 电磁感应,第十二章 电磁感应 / 微专题27（续）/ 题型2 电磁感应中的图像问题
PHYSICS,0157,150,第十二章 电磁感应,微专题28 基础单杆模型 / 题型1 具有初速度的单杆模型,选择性必修第二册,第二章 电磁感应,第十二章 电磁感应 / 微专题28 基础单杆模型 / 题型1 具有初速度的单杆模型
PHYSICS,0158,151,第十二章 电磁感应,微专题28（续） / 题型2 受恒定外力的单杆模型,选择性必修第二册,第二章 电磁感应,第十二章 电磁感应 / 微专题28（续）/ 题型2 受恒定外力的单杆模型
PHYSICS,0159,152,第十二章 电磁感应,微专题28（续） / 三大力学观点选用原则,选择性必修第二册,第二章 电磁感应,第十二章 电磁感应 / 微专题28（续）/ 三大力学观点选用原则
PHYSICS,0160,153,第十二章 电磁感应,微专题29 含容含源单杆模型 / 题型1 单杆电源模型,选择性必修第二册,第二章 电磁感应,第十二章 电磁感应 / 微专题29 含容含源单杆模型 / 题型1 单杆电源模型
PHYSICS,0161,154,第十二章 电磁感应,微专题29（续） / 题型2 单杆电容模型,选择性必修第二册,第二章 电磁感应,第十二章 电磁感应 / 微专题29（续）/ 题型2 单杆电容模型
PHYSICS,0162,155,第十二章 电磁感应,微专题30 双杆模型 / 题型1 初始状态有初速度无外力,选择性必修第二册,第二章 电磁感应,第十二章 电磁感应 / 微专题30 双杆模型 / 题型1 初始状态有初速度无外力
PHYSICS,0163,156,第十二章 电磁感应,微专题30（续） / 题型2 初始状态有外力无初速度,选择性必修第二册,第二章 电磁感应,第十二章 电磁感应 / 微专题30（续）/ 题型2 初始状态有外力无初速度
PHYSICS,0164,157,第十二章 电磁感应,微专题31 线框模型,选择性必修第二册,第二章 电磁感应,第十二章 电磁感应 / 微专题31 线框模型
PHYSICS,0165,158,第十二章 电磁感应,微专题31（续） / 线框模型的注意事项与解题导引,选择性必修第二册,第二章 电磁感应,第十二章 电磁感应 / 微专题31（续）/ 线框模型的注意事项与解题导引
PHYSICS,0166,159,第十三章 交变电流 电磁波,第1节 交变电流的产生与描述,选择性必修第二册,第三章 交变电流,第十三章 交变电流 电磁波 / 第1节 交变电流的产生与描述
PHYSICS,0167,160,第十三章 交变电流 电磁波,第1节（续） / 非常规交变电流有效值的计算,选择性必修第二册,第三章 交变电流,第十三章 交变电流 电磁波 / 第1节（续）/ 非常规交变电流有效值的计算
PHYSICS,0168,161,第十三章 交变电流 电磁波,第2节 变压器 远距离输电 / 考点1 实验,选择性必修第二册,第三章 交变电流,第十三章 交变电流 电磁波 / 第2节 变压器 远距离输电 / 考点1 实验
PHYSICS,0169,162,第十三章 交变电流 电磁波,第2节（续） / 考点3 远距离高压输电,选择性必修第二册,第三章 交变电流,第十三章 交变电流 电磁波 / 第2节（续）/ 考点3 远距离高压输电
PHYSICS,0170,163,第十三章 交变电流 电磁波,微专题32 含变压器电路的动态分析,选择性必修第二册,第三章 交变电流,第十三章 交变电流 电磁波 / 微专题32 含变压器电路的动态分析
PHYSICS,0171,164,第十三章 交变电流 电磁波,微专题32（续） / 等效电阻法与等效电源法,选择性必修第二册,第三章 交变电流,第十三章 交变电流 电磁波 / 微专题32（续）/ 等效电阻法与等效电源法
PHYSICS,0172,165,第十三章 交变电流 电磁波,第3节 电磁振荡与电磁波,选择性必修第二册,第四章 电磁振荡与电磁波,第十三章 交变电流 电磁波 / 第3节 电磁振荡与电磁波
PHYSICS,0173,166,第十四章 光,第1节 光的折射 全反射,选择性必修第一册,第四章 光,第十四章 光 / 第1节 光的折射 全反射
PHYSICS,0174,167,第十四章 光,第1节（续） / 考点2 全反射,选择性必修第一册,第四章 光,第十四章 光 / 第1节（续）/ 考点2 全反射
PHYSICS,0175,168,第十四章 光,第2节 光的波动性 / 考点1 光的干涉现象,选择性必修第一册,第四章 光,第十四章 光 / 第2节 光的波动性 / 考点1 光的干涉现象
PHYSICS,0176,169,第十四章 光,第2节（续） / 斜劈薄膜干涉、考点2 光的衍射和偏振,选择性必修第一册,第四章 光,第十四章 光 / 第2节（续）/ 斜劈薄膜干涉、考点2 光的衍射和偏振
PHYSICS,0177,170,第十四章 光,实验15 测量玻璃的折射率,选择性必修第一册,第四章 光（实验：测量玻璃的折射率）,第十四章 光 / 实验15 测量玻璃的折射率
PHYSICS,0178,171,第十四章 光,实验16 用双缝干涉测量光的波长,选择性必修第一册,第四章 光（实验：用双缝干涉测量光的波长）,第十四章 光 / 实验16 用双缝干涉测量光的波长
PHYSICS,0179,172,第十五章 热学,第1节 分子动理论 内能 固体和液体,选择性必修第三册,第一章 分子动理论,第十五章 热学 / 第1节 分子动理论 内能 固体和液体
PHYSICS,0180,173,第十五章 热学,第1节（续） / 分子力与分子势能、分子动能与内能,选择性必修第三册,第一章 分子动理论,第十五章 热学 / 第1节（续）/ 分子力与分子势能、分子动能与内能
PHYSICS,0181,174,第十五章 热学,第1节（续） / 考点2 固体和液体性质的理解,选择性必修第三册,第二章 气体、固体和液体,第十五章 热学 / 第1节（续）/ 考点2 固体和液体性质的理解
PHYSICS,0182,175,第十五章 热学,第2节 气体的性质,选择性必修第三册,第二章 气体、固体和液体,第十五章 热学 / 第2节 气体的性质
PHYSICS,0183,176,第十五章 热学,第2节（续） / 考点3 气体状态变化的图像问题,选择性必修第三册,第二章 气体、固体和液体,第十五章 热学 / 第2节（续）/ 考点3 气体状态变化的图像问题
PHYSICS,0184,177,第十五章 热学,微专题33 玻璃管-液柱模型,选择性必修第三册,第二章 气体、固体和液体,第十五章 热学 / 微专题33 玻璃管-液柱模型
PHYSICS,0185,178,第十五章 热学,微专题33（续） / 封闭气体压强的求法,选择性必修第三册,第二章 气体、固体和液体,第十五章 热学 / 微专题33（续）/ 封闭气体压强的求法
PHYSICS,0186,179,第十五章 热学,微专题34 活塞-汽缸模型,选择性必修第三册,第二章 气体、固体和液体,第十五章 热学 / 微专题34 活塞-汽缸模型
PHYSICS,0187,180,第十五章 热学,微专题34（续） / 单缸双塞、单缸双塞+弹簧、关联气体,选择性必修第三册,第二章 气体、固体和液体,第十五章 热学 / 微专题34（续）/ 单缸双塞、单缸双塞+弹簧、关联气体
PHYSICS,0188,181,第十五章 热学,微专题35 气体变质量问题,选择性必修第三册,第二章 气体、固体和液体,第十五章 热学 / 微专题35 气体变质量问题
PHYSICS,0189,182,热学 章（本章章号本页未印刷；上承 PDF p0188「微专题35 气体变质量问题」，下接 PDF p0190「第3节 热力学定律与能量守恒定律」）,微专题35 气体变质量问题 / 考点：气体变质量问题（打气、抽气、液封气体压强综合）,选择性必修第三册,第二章 气体、固体和液体（气体实验定律在变质量问题中的应用）,热学 章（本章章号本页未印刷；上承 PDF p0188「微专题35 气体变质量问题」，下接 PDF p0190「第3节 热力学定律与能量守恒定律」） / 微专题35 气体变质量问题 / 考点：气体变质量问题（打气、抽气、液封气体压强综合）
PHYSICS,0190,183,第十五章 热学,第3节 热力学定律与能量守恒定律,选择性必修第三册,第三章 热力学定律,第十五章 热学 / 第3节 热力学定律与能量守恒定律
PHYSICS,0191,184,第十五章 热学,第3节（续） / 考点3 热力学第一定律与气体实验定律的综合应用,选择性必修第三册,第三章 热力学定律,第十五章 热学 / 第3节（续）/ 考点3 热力学第一定律与气体实验定律的综合应用
PHYSICS,0192,185,第十五章 热学,实验17 用油膜法估测油酸分子的大小、实验18 探究等温情况下气体压强与体积的关系,选择性必修第三册 第一章、,第二章（实验）,第十五章 热学 / 实验17 用油膜法估测油酸分子的大小、实验18 探究等温情况下气体压强与体积的关系
PHYSICS,0193,186,第十六章 近代物理初步,第1节 光电效应,选择性必修第三册,第四章 原子结构和波粒二象性,第十六章 近代物理初步 / 第1节 光电效应
PHYSICS,0194,187,第十六章 近代物理初步,第1节（续） / 光电效应方程与图像分析,选择性必修第三册,第四章 原子结构和波粒二象性,第十六章 近代物理初步 / 第1节（续）/ 光电效应方程与图像分析
PHYSICS,0195,188,第十六章 近代物理初步,第1节（续） / 考点3 波粒二象性和物质波,选择性必修第三册,第四章 原子结构和波粒二象性,第十六章 近代物理初步 / 第1节（续）/ 考点3 波粒二象性和物质波
PHYSICS,0196,189,第十六章 近代物理初步,第2节 原子结构,选择性必修第三册,第四章 原子结构和波粒二象性,第十六章 近代物理初步 / 第2节 原子结构
PHYSICS,0197,190,第十六章 近代物理初步,第2节（续） / 电离、谱线条数,选择性必修第三册,第四章 原子结构和波粒二象性,第十六章 近代物理初步 / 第2节（续）/ 电离、谱线条数
PHYSICS,0198,191,第十六章 近代物理初步,第3节 原子核,选择性必修第三册,第五章 原子核,第十六章 近代物理初步 / 第3节 原子核
PHYSICS,0199,192,第十六章 近代物理初步,第3节（续） / 考点3 质量亏损及核能的计算,选择性必修第三册,第五章 原子核,第十六章 近代物理初步 / 第3节（续）/ 考点3 质量亏损及核能的计算
CHEMISTRY,p0001-p0002-front-matter,,《2027 5·3 A版 高考总复习》化学《精讲册》目录,,,,《2027 5·3 A版 高考总复习》化学《精讲册》目录
CHEMISTRY,0003,1,第一章 物质的分类及转化 物质的量,第1节 物质的组成、分类与转化 / 知识清单,必修第一册,第一章 物质及其变化,第一章 物质的分类及转化 物质的量 / 第1节 物质的组成、分类与转化 / 知识清单
CHEMISTRY,0004,2,第一章 物质的分类及转化 物质的量,第1节 物质的组成、分类与转化（续）· 考法突破 1 化学与传统文化、STSE,必修第一册,第一章 物质及其变化,第一章 物质的分类及转化 物质的量 / 第1节 物质的组成、分类与转化（续）· 考法突破 1 化学与传统文化、STSE
CHEMISTRY,0005,3,第一章 物质的分类及转化 物质的量,考法突破 1 化学与传统文化、STSE / 传统文化与物质成分、变化、分离,必修第一册,第一章 物质及其变化（跨章节综览性质）,第一章 物质的分类及转化 物质的量 / 考法突破 1 化学与传统文化、STSE / 传统文化与物质成分、变化、分离
CHEMISTRY,0006,4,第一章 物质的分类及转化 物质的量,考法突破 1 化学与传统文化、STSE / 传统文化与物质分离（续）· 化学与 STSE,必修第一册 第一章 物质及其变化；必修第二册,第八章 化学与可持续发展,第一章 物质的分类及转化 物质的量 / 考法突破 1 化学与传统文化、STSE / 传统文化与物质分离（续）· 化学与 STSE
CHEMISTRY,0007,5,第一章 物质的分类及转化 物质的量,考法突破 1 化学与传统文化、STSE / 化学与环境（续）· 化学与生活,必修第二册 第八章 化学与可持续发展；选择性必修3,第四章 生物大分子,第一章 物质的分类及转化 物质的量 / 考法突破 1 化学与传统文化、STSE / 化学与环境（续）· 化学与生活
CHEMISTRY,0008,6,第一章 物质的分类及转化 物质的量,考法突破 1 化学与传统文化、STSE / （四）化学与生产,必修第二册 第八章 化学与可持续发展；必修第一册,第四章 物质结构 元素周期律,第一章 物质的分类及转化 物质的量 / 考法突破 1 化学与传统文化、STSE / （四）化学与生产
CHEMISTRY,0009,7,第一章 物质的分类及转化 物质的量,第2节 物质的量和气体摩尔体积 / 知识清单,必修第一册,第二章 海水中的重要元素——钠和氯,第一章 物质的分类及转化 物质的量 / 第2节 物质的量和气体摩尔体积 / 知识清单
CHEMISTRY,0010,8,第一章 物质的分类及转化 物质的量,第3节 物质的量浓度 / 知识清单,必修第一册,第二章 海水中的重要元素——钠和氯,第一章 物质的分类及转化 物质的量 / 第3节 物质的量浓度 / 知识清单
CHEMISTRY,0011,9,第一章 物质的分类及转化 物质的量,第3节 物质的量浓度 / 一定物质的量浓度溶液的配制（续）· 误差分析,必修第一册,第二章 海水中的重要元素——钠和氯,第一章 物质的分类及转化 物质的量 / 第3节 物质的量浓度 / 一定物质的量浓度溶液的配制（续）· 误差分析
CHEMISTRY,0012,10,第一章 物质的分类及转化 物质的量,考法突破 2 化学计算常用方法,必修第一册,第二章 海水中的重要元素——钠和氯（计算方法跨章通用）,第一章 物质的分类及转化 物质的量 / 考法突破 2 化学计算常用方法
CHEMISTRY,0013,11,第一章 物质的分类及转化 物质的量,考法突破 2 化学计算常用方法 / 关系式法,必修第一册,第二章 海水中的重要元素——钠和氯（计算方法跨章通用）,第一章 物质的分类及转化 物质的量 / 考法突破 2 化学计算常用方法 / 关系式法
CHEMISTRY,0014,12,第二章 离子反应 氧化还原反应,第1节 离子反应 离子方程式的书写与判断 / 知识清单,必修第一册,第一章 物质及其变化（离子反应）,第二章 离子反应 氧化还原反应 / 第1节 离子反应 离子方程式的书写与判断 / 知识清单
CHEMISTRY,0015,13,第二章 离子反应 氧化还原反应,第1节 离子反应 离子方程式的书写与判断 / 离子共存、离子推断、离子方程式,必修第一册,第一章 物质及其变化（离子反应）,第二章 离子反应 氧化还原反应 / 第1节 离子反应 离子方程式的书写与判断 / 离子共存、离子推断、离子方程式
CHEMISTRY,0016,14,第二章 离子反应 氧化还原反应,第1节 离子反应 离子方程式的书写与判断 / 与量有关的离子方程式、离子方程式正误判断,必修第一册,第一章 物质及其变化（离子反应）,第二章 离子反应 氧化还原反应 / 第1节 离子反应 离子方程式的书写与判断 / 与量有关的离子方程式、离子方程式正误判断
CHEMISTRY,0017,15,第二章 离子反应 氧化还原反应,第1节 离子反应（续）· 第2节 氧化还原反应的概念和规律 / 知识清单,必修第一册,第一章 物质及其变化（氧化还原反应）,第二章 离子反应 氧化还原反应 / 第1节 离子反应（续）· 第2节 氧化还原反应的概念和规律 / 知识清单
CHEMISTRY,0018,16,第二章 离子反应 氧化还原反应,第2节 氧化还原反应的概念和规律 / 常见氧化剂和还原剂、氧化性还原性强弱比较,必修第一册,第一章 物质及其变化（氧化还原反应）,第二章 离子反应 氧化还原反应 / 第2节 氧化还原反应的概念和规律 / 常见氧化剂和还原剂、氧化性还原性强弱比较
CHEMISTRY,0019,17,第二章 离子反应 氧化还原反应,第2节 氧化还原反应的概念和规律 / 氧化还原反应的基本规律,必修第一册,第一章 物质及其变化（氧化还原反应）,第二章 离子反应 氧化还原反应 / 第2节 氧化还原反应的概念和规律 / 氧化还原反应的基本规律
CHEMISTRY,0020,18,第二章 离子反应 氧化还原反应,第3节 氧化还原反应方程式的书写与计算 / 知识清单,必修第一册,第一章 物质及其变化（氧化还原反应）,第二章 离子反应 氧化还原反应 / 第3节 氧化还原反应方程式的书写与计算 / 知识清单
CHEMISTRY,0021,19,第二章 离子反应 氧化还原反应,第3节（续）· 考法突破 3 新情境中反应方程式的书写,必修第一册,第一章 物质及其变化（氧化还原反应）,第二章 离子反应 氧化还原反应 / 第3节（续）· 考法突破 3 新情境中反应方程式的书写
CHEMISTRY,0022,20,第二章 离子反应 氧化还原反应,考法突破 3 新情境中反应方程式的书写,必修第一册,第一章 物质及其变化（氧化还原反应、离子反应）,第二章 离子反应 氧化还原反应 / 考法突破 3 新情境中反应方程式的书写
CHEMISTRY,0023,22,第三章 金属及其化合物,第1节 钠及其化合物 / 知识清单,必修第一册,第二章 海水中的重要元素——钠和氯,第三章 金属及其化合物 / 第1节 钠及其化合物 / 知识清单
CHEMISTRY,0024,21,第二章 离子反应 氧化还原反应,考法突破 3 新情境中反应方程式的书写（例题页）,必修第一册,第一章 物质及其变化,第二章 离子反应 氧化还原反应 / 考法突破 3 新情境中反应方程式的书写（例题页）
CHEMISTRY,0025,23,第三章 金属及其化合物,第1节 钠及其化合物（续）· 碱金属单质的性质,必修第一册 第二章 海水中的重要元素——钠和氯；必修第一册,第四章 物质结构 元素周期律,第三章 金属及其化合物 / 第1节 钠及其化合物（续）· 碱金属单质的性质
CHEMISTRY,0026,24,第三章 金属及其化合物,第2节 铁及其化合物 / 知识清单,必修第一册,第三章 铁 金属材料,第三章 金属及其化合物 / 第2节 铁及其化合物 / 知识清单
CHEMISTRY,0027,25,第三章 金属及其化合物,第3节 金属资源的开发利用 / 知识清单,必修第一册,第三章 铁 金属材料,第三章 金属及其化合物 / 第3节 金属资源的开发利用 / 知识清单
CHEMISTRY,0028,26,第三章 金属及其化合物,第3节 金属资源的开发利用 / 镁、铝、铜及其化合物的性质,必修第一册,第三章 铁 金属材料,第三章 金属及其化合物 / 第3节 金属资源的开发利用 / 镁、铝、铜及其化合物的性质
CHEMISTRY,0029,27,第三章 金属及其化合物,第一节 钠及其化合物（承接上一页的金属知识梳理） / 铜及其化合物的性质与转化,必修第一册,第三章 铁 金属材料,第三章 金属及其化合物 / 第一节 钠及其化合物（承接上一页的金属知识梳理） / 铜及其化合物的性质与转化
CHEMISTRY,0030,28,微专题 1 化工流程题解题策略,,必修第二册,第八章 化学与可持续发展（资源综合利用与化工生产）,微专题 1 化工流程题解题策略
CHEMISTRY,0031,29,微专题 1 化工流程题解题策略（承上页）,,必修第二册,第八章 化学与可持续发展（资源综合利用与化工生产）,微专题 1 化工流程题解题策略（承上页）
CHEMISTRY,0032,30,微专题 1 化工流程题解题策略（承上页）,,必修第二册,第八章 化学与可持续发展（资源综合利用与化工生产）,微专题 1 化工流程题解题策略（承上页）
CHEMISTRY,0033,31,微专题 1 化工流程题解题策略（例题与变式续页）,,必修第二册,第八章 化学与可持续发展,微专题 1 化工流程题解题策略（例题与变式续页）
CHEMISTRY,0034,32,第四章 非金属及其化合物,第 1 节 硅及其化合物 无机非金属材料 / 硅及其化合物、无机非金属材料,必修第二册,第五章 化工生产中的重要非金属元素（第三节 无机非金属材料）,第四章 非金属及其化合物 / 第 1 节 硅及其化合物 无机非金属材料 / 硅及其化合物、无机非金属材料
CHEMISTRY,0035,33,第四章 非金属及其化合物,第 2 节 卤族元素 海水资源的开发利用 / 氯气及其化合物,必修第一册 第二章 海水中的重要元素——钠和氯（第二节 氯及其化合物）；必修第二册,第八章 化学与可持续发展（海水资源的开发利用）,第四章 非金属及其化合物 / 第 2 节 卤族元素 海水资源的开发利用 / 氯气及其化合物
CHEMISTRY,0036,34,第四章 非金属及其化合物,第 2 节 卤族元素 海水资源的开发利用 / 氯及其化合物间的转化、卤素单质的性质、卤素离子的检验,必修第一册 第二章 海水中的重要元素——钠和氯（第二节 氯及其化合物）；必修第一册,第四章 物质结构 元素周期律（卤族元素性质的递变）,第四章 非金属及其化合物 / 第 2 节 卤族元素 海水资源的开发利用 / 氯及其化合物间的转化、卤素单质的性质、卤素离子的检验
CHEMISTRY,0037,35,第四章 非金属及其化合物,第 2 节 卤族元素 海水资源的开发利用 / 海水资源的开发利用,必修第二册,第八章 化学与可持续发展（第一节 自然资源的开发利用）,第四章 非金属及其化合物 / 第 2 节 卤族元素 海水资源的开发利用 / 海水资源的开发利用
CHEMISTRY,0038,36,第四章 非金属及其化合物,第 3 节 硫及其化合物 / 硫单质、二氧化硫、三氧化硫、硫化氢、硫酸,必修第二册,第五章 化工生产中的重要非金属元素（第一节 硫及其化合物）,第四章 非金属及其化合物 / 第 3 节 硫及其化合物 / 硫单质、二氧化硫、三氧化硫、硫化氢、硫酸
CHEMISTRY,0039,37,第四章 非金属及其化合物,第 3 节 硫及其化合物 / 硫酸根离子的检验、硫及其化合物间的转化,必修第二册,第五章 化工生产中的重要非金属元素（第一节 硫及其化合物）,第四章 非金属及其化合物 / 第 3 节 硫及其化合物 / 硫酸根离子的检验、硫及其化合物间的转化
CHEMISTRY,0040,38,第四章 非金属及其化合物,第 4 节 氮及其化合物 / 氮气、氮的氧化物、硝酸、氨及铵盐,必修第二册,第五章 化工生产中的重要非金属元素（第二节 氮及其化合物）,第四章 非金属及其化合物 / 第 4 节 氮及其化合物 / 氮气、氮的氧化物、硝酸、氨及铵盐
CHEMISTRY,0041,39,第四章 非金属及其化合物,第 4 节 氮及其化合物 / 铵盐、氮及其化合物间的转化,必修第二册,第五章 化工生产中的重要非金属元素（第二节 氮及其化合物）,第四章 非金属及其化合物 / 第 4 节 氮及其化合物 / 铵盐、氮及其化合物间的转化
CHEMISTRY,0042,40,第五章 原子结构 元素周期律,第 1 节 原子结构 核外电子排布 / 原子的构成、核素与同位素、电子云与原子轨道、基态原子的核外电子排布,选择性必修 2 物质结构与性质,第一章 原子结构与性质（第一节 原子结构）,第五章 原子结构 元素周期律 / 第 1 节 原子结构 核外电子排布 / 原子的构成、核素与同位素、电子云与原子轨道、基态原子的核外电子排布
CHEMISTRY,0043,41,第五章 原子结构 元素周期律,第 1 节 原子结构 核外电子排布（续）与第 2 节 元素周期表与元素周期律（起）,选择性必修 2 物质结构与性质,第一章 原子结构与性质（第一节 原子结构、第二节 原子结构与元素的性质）,第五章 原子结构 元素周期律 / 第 1 节 原子结构 核外电子排布（续）与第 2 节 元素周期表与元素周期律（起）
CHEMISTRY,0044,42,第五章 原子结构 元素周期律,第 2 节 元素周期表与元素周期律 / 元素周期表与元素周期律的应用、元素周期律,选择性必修 2 物质结构与性质 第一章 原子结构与性质（第二节 原子结构与元素的性质）；必修第一册,第四章 物质结构 元素周期律,第五章 原子结构 元素周期律 / 第 2 节 元素周期表与元素周期律 / 元素周期表与元素周期律的应用、元素周期律
CHEMISTRY,0045,43,第五章 原子结构 元素周期律,第 2 节 元素周期表与元素周期律（续）；考法突破 4 元素推断解题策略 / 文字叙述型元素推断,必修第一册 第四章 物质结构 元素周期律；选择性必修 2 物质结构与性质,第一章（第二节 原子结构与元素的性质）,第五章 原子结构 元素周期律 / 第 2 节 元素周期表与元素周期律（续）；考法突破 4 元素推断解题策略 / 文字叙述型元素推断
CHEMISTRY,0046,44,第五章 原子结构 元素周期律,考法突破 4 元素推断解题策略 / 文字叙述型元素推断（续）、信息综合型元素推断,必修第一册 第四章 物质结构 元素周期律；选择性必修 2 物质结构与性质,第一章,第五章 原子结构 元素周期律 / 考法突破 4 元素推断解题策略 / 文字叙述型元素推断（续）、信息综合型元素推断
CHEMISTRY,0047,45,第五章 原子结构 元素周期律,考法突破 4 元素推断解题策略 / 局部元素周期表型推断（续）、结构式型元素推断,必修第一册 第四章 物质结构 元素周期律；选择性必修 2 物质结构与性质,第一章,第五章 原子结构 元素周期律 / 考法突破 4 元素推断解题策略 / 局部元素周期表型推断（续）、结构式型元素推断
CHEMISTRY,0048,46,第五章 原子结构 元素周期律,考法突破 4 元素推断解题策略 / 坐标图像型元素推断、核反应型元素推断,必修第一册 第四章 物质结构 元素周期律；选择性必修 2 物质结构与性质,第一章,第五章 原子结构 元素周期律 / 考法突破 4 元素推断解题策略 / 坐标图像型元素推断、核反应型元素推断
CHEMISTRY,0049,47,第六章 化学键 分子和晶体的结构与性质,第 1 节 化学键 / 化学键的分类、共价键、离子键、金属键、共价化合物和离子化合物,必修第一册 第四章 物质结构 元素周期律（第三节 化学键）；选择性必修 2 物质结构与性质 第二章 分子结构与性质（第一节 共价键）、,第三章 晶体结构与性质,第六章 化学键 分子和晶体的结构与性质 / 第 1 节 化学键 / 化学键的分类、共价键、离子键、金属键、共价化合物和离子化合物
CHEMISTRY,0050,48,第六章 化学键 分子和晶体的结构与性质,第 1 节 化学键（电子式与结构式）；第 2 节 分子结构与性质 / 价层电子对互斥模型,必修第一册 第四章 物质结构 元素周期律（第三节 化学键）；选择性必修 2 物质结构与性质,第二章 分子结构与性质（第一节 共价键、第二节 分子的空间结构）,第六章 化学键 分子和晶体的结构与性质 / 第 1 节 化学键（电子式与结构式）；第 2 节 分子结构与性质 / 价层电子对互斥模型
CHEMISTRY,0051,49,第六章 化学键 分子和晶体的结构与性质,第 2 节 分子结构与性质 / 杂化轨道理论、等电子原理、分子间作用力,选择性必修 2 物质结构与性质,第二章 分子结构与性质（第二节 分子的空间结构、第三节 分子结构与物质的性质）,第六章 化学键 分子和晶体的结构与性质 / 第 2 节 分子结构与性质 / 杂化轨道理论、等电子原理、分子间作用力
CHEMISTRY,0052,50,第六章 化学键 分子和晶体的结构与性质,第 2 节 分子结构与性质 / 分子的性质、超分子,选择性必修 2 物质结构与性质 第二章 分子结构与性质（第三节 分子结构与物质的性质）；选择性必修 2,第三章（超分子）,第六章 化学键 分子和晶体的结构与性质 / 第 2 节 分子结构与性质 / 分子的性质、超分子
CHEMISTRY,0053,51,第六章 化学键 分子和晶体的结构与性质,考法突破 5 杂化轨道类型及分子极性的判断 / 杂化轨道类型判断、分子极性判断,选择性必修 2 物质结构与性质,第二章 分子结构与性质,第六章 化学键 分子和晶体的结构与性质 / 考法突破 5 杂化轨道类型及分子极性的判断 / 杂化轨道类型判断、分子极性判断
CHEMISTRY,0054,52,第六章 化学键 分子和晶体的结构与性质,考法突破 5（续）、考法突破 6 键参数大小的比较 大 π 键分析 / 键参数大小的比较,选择性必修 2 物质结构与性质,第二章 分子结构与性质,第六章 化学键 分子和晶体的结构与性质 / 考法突破 5（续）、考法突破 6 键参数大小的比较 大 π 键分析 / 键参数大小的比较
CHEMISTRY,0055,53,第六章 化学键 分子和晶体的结构与性质,考法突破 6 键参数大小的比较 大 π 键分析 / 大 π 键分析方法,选择性必修 2 物质结构与性质,第二章 分子结构与性质,第六章 化学键 分子和晶体的结构与性质 / 考法突破 6 键参数大小的比较 大 π 键分析 / 大 π 键分析方法
CHEMISTRY,0056,54,第十一章（物质结构与性质）,第2节（续）→ 第3节 晶体结构与性质 / 知识清单,选择性必修2 物质结构与性质,第三章 晶体结构与性质,第十一章（物质结构与性质） / 第2节（续）→ 第3节 晶体结构与性质 / 知识清单
CHEMISTRY,0057,55,第六章 化学键 分子和晶体的结构与性质,晶体结构与性质 / 典型晶体的结构、微粒间作用力及性质比较；过渡晶体和混合型晶体,选择性必修2 物质结构与性质,第三章 晶体结构与性质,第六章 化学键 分子和晶体的结构与性质 / 晶体结构与性质 / 典型晶体的结构、微粒间作用力及性质比较；过渡晶体和混合型晶体
CHEMISTRY,0058,56,第六章 化学键 分子和晶体的结构与性质,考法突破 7 物质熔、沸点高低的比较,选择性必修2 物质结构与性质,第三章 晶体结构与性质,第六章 化学键 分子和晶体的结构与性质 / 考法突破 7 物质熔、沸点高低的比较
CHEMISTRY,0059,57,第六章 化学键 分子和晶体的结构与性质,微专题 2 晶胞结构分析与计算,选择性必修2 物质结构与性质,第三章 晶体结构与性质,第六章 化学键 分子和晶体的结构与性质 / 微专题 2 晶胞结构分析与计算
CHEMISTRY,0060,58,第六章 化学键 分子和晶体的结构与性质,微专题 2 晶胞结构分析与计算（续）,选择性必修2 物质结构与性质,第三章 晶体结构与性质,第六章 化学键 分子和晶体的结构与性质 / 微专题 2 晶胞结构分析与计算（续）
CHEMISTRY,0061,59,第六章 化学键 分子和晶体的结构与性质,微专题 2 晶胞结构分析与计算（续）,选择性必修2 物质结构与性质,第三章 晶体结构与性质,第六章 化学键 分子和晶体的结构与性质 / 微专题 2 晶胞结构分析与计算（续）
CHEMISTRY,0062,60,第七章 化学反应的热效应,第 1 节 化学反应中的能量变化 / 知识清单,选择性必修1 化学反应原理,第一章 化学反应的热效应,第七章 化学反应的热效应 / 第 1 节 化学反应中的能量变化 / 知识清单
CHEMISTRY,0063,61,第七章 化学反应的热效应,第 1 节 化学反应中的能量变化 / 中和反应反应热的测定（续）；即练即清,选择性必修1 化学反应原理,第一章 化学反应的热效应,第七章 化学反应的热效应 / 第 1 节 化学反应中的能量变化 / 中和反应反应热的测定（续）；即练即清
CHEMISTRY,0064,62,第七章 化学反应的热效应,第 2 节 热化学方程式 盖斯定律 / 知识清单,选择性必修1 化学反应原理,第一章 化学反应的热效应,第七章 化学反应的热效应 / 第 2 节 热化学方程式 盖斯定律 / 知识清单
CHEMISTRY,0065,63,第七章 化学反应的热效应,第 2 节 热化学方程式 盖斯定律 / 计算反应热的常用方法（续）；反应热大小的比较,选择性必修1 化学反应原理,第一章 化学反应的热效应,第七章 化学反应的热效应 / 第 2 节 热化学方程式 盖斯定律 / 计算反应热的常用方法（续）；反应热大小的比较
CHEMISTRY,0066,64,第七章 化学反应的热效应,考法突破 8 反应历程图像分析,选择性必修1 化学反应原理,第一章 化学反应的热效应,第七章 化学反应的热效应 / 考法突破 8 反应历程图像分析
CHEMISTRY,0067,65,第七章 化学反应的热效应,考法突破 8 反应历程图像分析 / 循环图式,选择性必修1 化学反应原理,第一章 化学反应的热效应,第七章 化学反应的热效应 / 考法突破 8 反应历程图像分析 / 循环图式
CHEMISTRY,0068,66,第八章 化学反应与电能,第 1 节 原电池原理及其应用 / 知识清单,选择性必修1 化学反应原理,第四章 化学反应与电能,第八章 化学反应与电能 / 第 1 节 原电池原理及其应用 / 知识清单
CHEMISTRY,0069,67,第八章 化学反应与电能,第 1 节 原电池原理及其应用 / 燃料电池（续）；原电池原理的应用,选择性必修1 化学反应原理,第四章 化学反应与电能,第八章 化学反应与电能 / 第 1 节 原电池原理及其应用 / 燃料电池（续）；原电池原理的应用
CHEMISTRY,0070,68,第八章 化学反应与电能,第 2 节 电解原理及其应用 / 知识清单,选择性必修1 化学反应原理,第四章 化学反应与电能,第八章 化学反应与电能 / 第 2 节 电解原理及其应用 / 知识清单
CHEMISTRY,0071,69,第八章 化学反应与电能,第 2 节 电解原理及其应用 / 电解原理的应用,选择性必修1 化学反应原理,第四章 化学反应与电能,第八章 化学反应与电能 / 第 2 节 电解原理及其应用 / 电解原理的应用
CHEMISTRY,0072,70,第八章 化学反应与电能,第 3 节 金属的腐蚀与防护 / 知识清单,选择性必修1 化学反应原理,第四章 化学反应与电能,第八章 化学反应与电能 / 第 3 节 金属的腐蚀与防护 / 知识清单
CHEMISTRY,0073,71,第八章 化学反应与电能,考法突破 9 电极反应式的书写,选择性必修1 化学反应原理,第四章 化学反应与电能,第八章 化学反应与电能 / 考法突破 9 电极反应式的书写
CHEMISTRY,0074,72,第八章 化学反应与电能,考法突破 9 电极反应式的书写 / 二次电池与电解池电极反应式的书写,选择性必修1 化学反应原理,第四章 化学反应与电能,第八章 化学反应与电能 / 考法突破 9 电极反应式的书写 / 二次电池与电解池电极反应式的书写
CHEMISTRY,0075,73,第八章 化学反应与电能,考法突破 10 新型电化学装置分析及相关计算,选择性必修1 化学反应原理,第四章 化学反应与电能,第八章 化学反应与电能 / 考法突破 10 新型电化学装置分析及相关计算
CHEMISTRY,0076,74,第八章 化学反应与电能,考法突破 10 新型电化学装置分析及相关计算 / 常见新型电化学装置,选择性必修1 化学反应原理,第四章 化学反应与电能,第八章 化学反应与电能 / 考法突破 10 新型电化学装置分析及相关计算 / 常见新型电化学装置
CHEMISTRY,0077,,无（本页为教辅插页广告，不属于正文）,,不适用,,无（本页为教辅插页广告，不属于正文）
CHEMISTRY,0078,75,第八章 化学反应与电能,考法突破 10 新型电化学装置分析及相关计算 / 浓差电池（续）；电化学计算,选择性必修1 化学反应原理,第四章 化学反应与电能,第八章 化学反应与电能 / 考法突破 10 新型电化学装置分析及相关计算 / 浓差电池（续）；电化学计算
CHEMISTRY,0079,76,第八章 化学反应与电能,考法突破 10 新型电化学装置分析及相关计算 / 相关计算（续）,选择性必修1 化学反应原理,第四章 化学反应与电能,第八章 化学反应与电能 / 考法突破 10 新型电化学装置分析及相关计算 / 相关计算（续）
CHEMISTRY,0080,77,第八章 化学反应与电能,考法突破 11 离子交换膜在电化学中的应用,选择性必修1 化学反应原理,第四章 化学反应与电能,第八章 化学反应与电能 / 考法突破 11 离子交换膜在电化学中的应用
CHEMISTRY,0081,78,第八章 化学反应与电能,考法突破 11 离子交换膜在电化学中的应用 / 即练即清,选择性必修1 化学反应原理,第四章 化学反应与电能,第八章 化学反应与电能 / 考法突破 11 离子交换膜在电化学中的应用 / 即练即清
CHEMISTRY,0082,79,第九章 化学反应速率与化学平衡,第 1 节 化学反应速率 / 知识清单,选择性必修1 化学反应原理,第二章 化学反应速率与化学平衡,第九章 化学反应速率与化学平衡 / 第 1 节 化学反应速率 / 知识清单
CHEMISTRY,0083,80,第九章 化学反应速率与化学平衡,第 2 节 化学平衡 / 知识清单,选择性必修1 化学反应原理,第二章 化学反应速率与化学平衡,第九章 化学反应速率与化学平衡 / 第 2 节 化学平衡 / 知识清单
CHEMISTRY,0084,81,第九章 化学反应速率与化学平衡,第 2 节 化学平衡 / 改变条件对平衡的影响；等效平衡,选择性必修1 化学反应原理,第二章 化学反应速率与化学平衡,第九章 化学反应速率与化学平衡 / 第 2 节 化学平衡 / 改变条件对平衡的影响；等效平衡
CHEMISTRY,0085,82,"等效平衡与化学平衡转化率分析（承接""等效平衡""考点）",转化率分析,选择性必修1 化学反应原理,第二章 化学反应速率与化学平衡,"等效平衡与化学平衡转化率分析（承接""等效平衡""考点） / 转化率分析"
CHEMISTRY,0086,83,第九章 化学反应速率与化学平衡,第3节 化学平衡常数及其相关计算 / 化学平衡常数·知识清单,选择性必修1 化学反应原理,第二章 化学反应速率与化学平衡,第九章 化学反应速率与化学平衡 / 第3节 化学平衡常数及其相关计算 / 化学平衡常数·知识清单
CHEMISTRY,0087,84,第九章 化学反应速率与化学平衡,第3节 化学平衡常数及其相关计算 / 考法突破12 分压平衡常数的计算,选择性必修1 化学反应原理,第二章 化学反应速率与化学平衡,第九章 化学反应速率与化学平衡 / 第3节 化学平衡常数及其相关计算 / 考法突破12 分压平衡常数的计算
CHEMISTRY,0088,85,第九章 化学反应速率与化学平衡,第3节 化学平衡常数及其相关计算 / 考法突破12 分压平衡常数的计算（变式训练）,选择性必修1 化学反应原理,第二章 化学反应速率与化学平衡,第九章 化学反应速率与化学平衡 / 第3节 化学平衡常数及其相关计算 / 考法突破12 分压平衡常数的计算（变式训练）
CHEMISTRY,0089,86,第九章 化学反应速率与化学平衡,第3节 化学平衡常数及其相关计算 / 考法突破13 反应速率常数的应用,选择性必修1 化学反应原理,第二章 化学反应速率与化学平衡,第九章 化学反应速率与化学平衡 / 第3节 化学平衡常数及其相关计算 / 考法突破13 反应速率常数的应用
CHEMISTRY,0090,87,第九章 化学反应速率与化学平衡,第3节 考法突破13（续）→ 第4节 化学反应的方向与调控 / 知识清单,选择性必修1 化学反应原理,第二章 化学反应速率与化学平衡,第九章 化学反应速率与化学平衡 / 第3节 考法突破13（续）→ 第4节 化学反应的方向与调控 / 知识清单
CHEMISTRY,0091,88,第九章 化学反应速率与化学平衡,第4节 化学反应的方向与调控 / 化学反应的调控,选择性必修1 化学反应原理,第二章 化学反应速率与化学平衡,第九章 化学反应速率与化学平衡 / 第4节 化学反应的方向与调控 / 化学反应的调控
CHEMISTRY,0092,89,第九章 化学反应速率与化学平衡,第4节 化学反应的方向与调控 / 考法突破14 反应速率和平衡图像分析,选择性必修1 化学反应原理,第二章 化学反应速率与化学平衡,第九章 化学反应速率与化学平衡 / 第4节 化学反应的方向与调控 / 考法突破14 反应速率和平衡图像分析
CHEMISTRY,0093,90,第九章 化学反应速率与化学平衡,第4节 化学反应的方向与调控 / 考法突破14 反应速率和平衡图像分析,选择性必修1 化学反应原理,第二章 化学反应速率与化学平衡,第九章 化学反应速率与化学平衡 / 第4节 化学反应的方向与调控 / 考法突破14 反应速率和平衡图像分析
CHEMISTRY,0094,91,第九章 化学反应速率与化学平衡,第4节 化学反应的方向与调控 / 考法突破14 反应速率和平衡图像分析（即练即清）,选择性必修1 化学反应原理,第二章 化学反应速率与化学平衡,第九章 化学反应速率与化学平衡 / 第4节 化学反应的方向与调控 / 考法突破14 反应速率和平衡图像分析（即练即清）
CHEMISTRY,0095,92,第九章 化学反应速率与化学平衡,微专题3 化工生产中多重平衡体系分析,选择性必修1 化学反应原理,第二章 化学反应速率与化学平衡,第九章 化学反应速率与化学平衡 / 微专题3 化工生产中多重平衡体系分析
CHEMISTRY,0096,93,第九章 化学反应速率与化学平衡,微专题3 化工生产中多重平衡体系分析（续）,选择性必修1 化学反应原理,第二章 化学反应速率与化学平衡,第九章 化学反应速率与化学平衡 / 微专题3 化工生产中多重平衡体系分析（续）
CHEMISTRY,0097,94,第九章 化学反应速率与化学平衡,微专题3 化工生产中多重平衡体系分析（变式训练）,选择性必修1 化学反应原理,第二章 化学反应速率与化学平衡,第九章 化学反应速率与化学平衡 / 微专题3 化工生产中多重平衡体系分析（变式训练）
CHEMISTRY,0098,95,第十章 水溶液中的离子反应与平衡,第1节 弱电解质的电离平衡 / 知识清单,选择性必修1 化学反应原理,第三章 水溶液中的离子反应与平衡,第十章 水溶液中的离子反应与平衡 / 第1节 弱电解质的电离平衡 / 知识清单
CHEMISTRY,0099,96,第十章 水溶液中的离子反应与平衡,第1节 弱电解质的电离平衡 / 电离平衡常数的应用·强酸与弱酸的比较,选择性必修1 化学反应原理,第三章 水溶液中的离子反应与平衡,第十章 水溶液中的离子反应与平衡 / 第1节 弱电解质的电离平衡 / 电离平衡常数的应用·强酸与弱酸的比较
CHEMISTRY,0100,97,第十章 水溶液中的离子反应与平衡,第1节（续）→ 第2节 溶液的酸碱性 酸碱中和滴定 / 水的电离,选择性必修1 化学反应原理,第三章 水溶液中的离子反应与平衡,第十章 水溶液中的离子反应与平衡 / 第1节（续）→ 第2节 溶液的酸碱性 酸碱中和滴定 / 水的电离
CHEMISTRY,0101,98,第十章 水溶液中的离子反应与平衡,第2节 溶液的酸碱性 酸碱中和滴定 / 溶液的酸碱性·pH计算·酸碱中和滴定,选择性必修1 化学反应原理,第三章 水溶液中的离子反应与平衡,第十章 水溶液中的离子反应与平衡 / 第2节 溶液的酸碱性 酸碱中和滴定 / 溶液的酸碱性·pH计算·酸碱中和滴定
CHEMISTRY,0102,99,第十章 水溶液中的离子反应与平衡,第2节 溶液的酸碱性 酸碱中和滴定 / 滴定误差分析与滴定曲线,选择性必修1 化学反应原理,第三章 水溶液中的离子反应与平衡,第十章 水溶液中的离子反应与平衡 / 第2节 溶液的酸碱性 酸碱中和滴定 / 滴定误差分析与滴定曲线
CHEMISTRY,0103,100,第十章 水溶液中的离子反应与平衡,第3节 盐类的水解 / 知识清单,选择性必修1 化学反应原理,第三章 水溶液中的离子反应与平衡,第十章 水溶液中的离子反应与平衡 / 第3节 盐类的水解 / 知识清单
CHEMISTRY,0104,101,第十章 水溶液中的离子反应与平衡,第3节 盐类的水解 / 水解常数与盐类水解的应用,选择性必修1 化学反应原理,第三章 水溶液中的离子反应与平衡,第十章 水溶液中的离子反应与平衡 / 第3节 盐类的水解 / 水解常数与盐类水解的应用
CHEMISTRY,0105,102,第十章 水溶液中的离子反应与平衡,第3节（续）→ 第4节 沉淀溶解平衡 / 知识清单,选择性必修1 化学反应原理,第三章 水溶液中的离子反应与平衡,第十章 水溶液中的离子反应与平衡 / 第3节（续）→ 第4节 沉淀溶解平衡 / 知识清单
CHEMISTRY,0106,103,第十章 水溶液中的离子反应与平衡,第4节 沉淀溶解平衡 / 沉淀溶解平衡的应用,选择性必修1 化学反应原理,第三章 水溶液中的离子反应与平衡,第十章 水溶液中的离子反应与平衡 / 第4节 沉淀溶解平衡 / 沉淀溶解平衡的应用
CHEMISTRY,0107,104,第十章 水溶液中的离子反应与平衡,第4节（续）→ 考法突破15 溶液中微粒浓度关系判断,选择性必修1 化学反应原理,第三章 水溶液中的离子反应与平衡,第十章 水溶液中的离子反应与平衡 / 第4节（续）→ 考法突破15 溶液中微粒浓度关系判断
CHEMISTRY,0108,105,第十章 水溶液中的离子反应与平衡,考法突破15 溶液中微粒浓度关系判断 / 方法技巧与解题模型,选择性必修1 化学反应原理,第三章 水溶液中的离子反应与平衡,第十章 水溶液中的离子反应与平衡 / 考法突破15 溶液中微粒浓度关系判断 / 方法技巧与解题模型
CHEMISTRY,0109,106,第十章 水溶液中的离子反应与平衡,微专题4 溶液中离子平衡图像分析,选择性必修1 化学反应原理,第三章 水溶液中的离子反应与平衡,第十章 水溶液中的离子反应与平衡 / 微专题4 溶液中离子平衡图像分析
CHEMISTRY,0110,107,第十章 水溶液中的离子反应与平衡,微专题4 溶液中离子平衡图像分析（续）,选择性必修1 化学反应原理,第三章 水溶液中的离子反应与平衡,第十章 水溶液中的离子反应与平衡 / 微专题4 溶液中离子平衡图像分析（续）
CHEMISTRY,0111,108,第十章 水溶液中的离子反应与平衡,微专题4 溶液中离子平衡图像分析（续）,选择性必修1 化学反应原理,第三章 水溶液中的离子反应与平衡,第十章 水溶液中的离子反应与平衡 / 微专题4 溶液中离子平衡图像分析（续）
CHEMISTRY,0112,109,第十章 水溶液中的离子反应与平衡,微专题4 溶液中离子平衡图像分析（即练即清）,选择性必修1 化学反应原理,第三章 水溶液中的离子反应与平衡,第十章 水溶液中的离子反应与平衡 / 微专题4 溶液中离子平衡图像分析（即练即清）
CHEMISTRY,0113,110,第十一章 有机物的结构 烃和烃的衍生物,第1节 有机物的结构特点 / 知识清单（一、有机物的分类；二、有机物的命名）,选择性必修3 有机化学基础,第二章 烃,第十一章 有机物的结构 烃和烃的衍生物 / 第1节 有机物的结构特点 / 知识清单（一、有机物的分类；二、有机物的命名）
CHEMISTRY,0114,111,第十一章 有机物的结构 烃和烃的衍生物,第1节 有机物的结构特点 / 知识清单（二、有机物的命名（续）；三、有机物组成和结构的确定）,选择性必修3 有机化学基础,第二章 烃,第十一章 有机物的结构 烃和烃的衍生物 / 第1节 有机物的结构特点 / 知识清单（二、有机物的命名（续）；三、有机物组成和结构的确定）
CHEMISTRY,0115,112,第十一章 有机物的结构 烃和烃的衍生物,第1节 有机物的结构特点 / 知识清单（三、有机物组成和结构的确定（续）；四、同系物和同分异构体；五、有机反应基本类型）,选择性必修3 有机化学基础,第二章 烃,第十一章 有机物的结构 烃和烃的衍生物 / 第1节 有机物的结构特点 / 知识清单（三、有机物组成和结构的确定（续）；四、同系物和同分异构体；五、有机反应基本类型）
CHEMISTRY,0116,113,第十一章 有机物的结构 烃和烃的衍生物,第1节 即练即清；第2节 烃和卤代烃 / 知识清单（一、脂肪烃）,选择性必修3 有机化学基础,第二章 烃,第十一章 有机物的结构 烃和烃的衍生物 / 第1节 即练即清；第2节 烃和卤代烃 / 知识清单（一、脂肪烃）
CHEMISTRY,0117,114,第十一章 有机物的结构 烃和烃的衍生物,第2节 烃和卤代烃 / 知识清单（一、脂肪烃（续）；二、芳香烃；三、煤和石油的利用；四、卤代烃）,选择性必修3 有机化学基础,第二章 烃,第十一章 有机物的结构 烃和烃的衍生物 / 第2节 烃和卤代烃 / 知识清单（一、脂肪烃（续）；二、芳香烃；三、煤和石油的利用；四、卤代烃）
CHEMISTRY,0118,115,第十一章 有机物的结构 烃和烃的衍生物,第2节 烃和卤代烃 / 知识清单（四、卤代烃（续））与即练即清；第3节 醇和酚,选择性必修3 有机化学基础,第三章 烃的衍生物,第十一章 有机物的结构 烃和烃的衍生物 / 第2节 烃和卤代烃 / 知识清单（四、卤代烃（续））与即练即清；第3节 醇和酚 / 知识清单（一、醇）
CHEMISTRY,0119,116,第十一章 有机物的结构 烃和烃的衍生物,第3节 醇和酚 / 知识清单（一、醇（续）；二、酚）,选择性必修3 有机化学基础,第三章 烃的衍生物,第十一章 有机物的结构 烃和烃的衍生物 / 第3节 醇和酚 / 知识清单（一、醇（续）；二、酚）
CHEMISTRY,0120,117,第十一章 有机物的结构 烃和烃的衍生物,第3节 醇和酚 即练即清；第4节 醛和酮 羧酸及其衍生物 / 知识清单（一、醛和酮）,选择性必修3 有机化学基础,第三章 烃的衍生物,第十一章 有机物的结构 烃和烃的衍生物 / 第3节 醇和酚 即练即清；第4节 醛和酮 羧酸及其衍生物 / 知识清单（一、醛和酮）
CHEMISTRY,0121,118,第十一章 有机物的结构 烃和烃的衍生物,第4节 醛和酮 羧酸及其衍生物 / 知识清单（一、醛和酮（续）；二、羧酸；三、羧酸衍生物）,选择性必修3 有机化学基础,第三章 烃的衍生物,第十一章 有机物的结构 烃和烃的衍生物 / 第4节 醛和酮 羧酸及其衍生物 / 知识清单（一、醛和酮（续）；二、羧酸；三、羧酸衍生物）
CHEMISTRY,0122,119,第十一章 有机物的结构 烃和烃的衍生物,第4节 醛和酮 羧酸及其衍生物 / 知识清单（三、羧酸衍生物（续））与即练即清,选择性必修3 有机化学基础,第三章 烃的衍生物,第十一章 有机物的结构 烃和烃的衍生物 / 第4节 醛和酮 羧酸及其衍生物 / 知识清单（三、羧酸衍生物（续））与即练即清
CHEMISTRY,0123,120,第十一章 有机物的结构 烃和烃的衍生物,考法突破 16 有机物分子中原子共线、共面问题,选择性必修3 有机化学基础,第二章 烃,第十一章 有机物的结构 烃和烃的衍生物 / 考法突破 16 有机物分子中原子共线、共面问题
CHEMISTRY,0124,121,第十一章 有机物的结构 烃和烃的衍生物,考法突破 17 同分异构体的判断与书写,选择性必修3 有机化学基础,第一章 认识有机化合物,第十一章 有机物的结构 烃和烃的衍生物 / 考法突破 17 同分异构体的判断与书写
CHEMISTRY,0125,122,第十一章 有机物的结构 烃和烃的衍生物,考法突破 17 同分异构体的判断与书写 / 即练即清,选择性必修3 有机化学基础,第一章 认识有机化合物,第十一章 有机物的结构 烃和烃的衍生物 / 考法突破 17 同分异构体的判断与书写 / 即练即清
CHEMISTRY,0126,123,第十二章 生命活动的物质基础 有机合成,第1节 生命活动的物质基础 / 知识清单（一、糖类）,选择性必修3 有机化学基础,第四章 生物大分子,第十二章 生命活动的物质基础 有机合成 / 第1节 生命活动的物质基础 / 知识清单（一、糖类）
CHEMISTRY,0127,124,第十二章 生命活动的物质基础 有机合成,第1节 生命活动的物质基础 / 知识清单（二、油脂；三、蛋白质）,选择性必修3 有机化学基础,第四章 生物大分子,第十二章 生命活动的物质基础 有机合成 / 第1节 生命活动的物质基础 / 知识清单（二、油脂；三、蛋白质）
CHEMISTRY,0128,125,第十二章 生命活动的物质基础 有机合成,第1节 生命活动的物质基础 / 知识清单（三、蛋白质（续）四、核酸）与即练即清；第2节 合成高分子,选择性必修3 有机化学基础 第四章 生物大分子、,第五章 合成高分子,第十二章 生命活动的物质基础 有机合成 / 第1节 生命活动的物质基础 / 知识清单（三、蛋白质（续）四、核酸）与即练即清；第2节 合成高分子 / 知识清单（一、合成高分子的两个基本反应）
CHEMISTRY,0129,126,第十二章 生命活动的物质基础 有机合成,第2节 合成高分子 / 知识清单（一、合成高分子的两个基本反应（续）；二、根据高分子的结构推断单体的方法；三、高分子材料）,选择性必修3 有机化学基础,第五章 合成高分子,第十二章 生命活动的物质基础 有机合成 / 第2节 合成高分子 / 知识清单（一、合成高分子的两个基本反应（续）；二、根据高分子的结构推断单体的方法；三、高分子材料）
CHEMISTRY,0130,127,第十二章 生命活动的物质基础 有机合成,第2节 合成高分子 / 知识清单（三、高分子材料（续））,选择性必修3 有机化学基础,第五章 合成高分子,第十二章 生命活动的物质基础 有机合成 / 第2节 合成高分子 / 知识清单（三、高分子材料（续））
CHEMISTRY,0131,128,第十二章 生命活动的物质基础 有机合成,第2节 合成高分子 即练即清；第3节 有机合成 / 知识清单（一、有机合成常用方法）,选择性必修3 有机化学基础 第三章 烃的衍生物、,第五章 合成高分子,第十二章 生命活动的物质基础 有机合成 / 第2节 合成高分子 即练即清；第3节 有机合成 / 知识清单（一、有机合成常用方法）
CHEMISTRY,0132,129,第十二章 生命活动的物质基础 有机合成,第3节 有机合成 / 知识清单（一、有机合成常用方法（续））,选择性必修3 有机化学基础,第三章 烃的衍生物,第十二章 生命活动的物质基础 有机合成 / 第3节 有机合成 / 知识清单（一、有机合成常用方法（续））
CHEMISTRY,0133,130,有机化学基础,有机合成 / 官能团衍变与合成路线设计,选择性必修3 有机化学基础,第三章 烃的衍生物（有机合成）,有机化学基础 / 有机合成 / 官能团衍变与合成路线设计
CHEMISTRY,0134,131,第十二章 生命活动的物质基础　有机合成,微专题5 有机合成与推断题解题策略,选择性必修3 有机化学基础,第三章 烃的衍生物（有机合成）,第十二章 生命活动的物质基础　有机合成 / 微专题5 有机合成与推断题解题策略
CHEMISTRY,0135,132,第十二章 生命活动的物质基础　有机合成,微专题5 有机合成与推断题解题策略（续）,选择性必修3 有机化学基础,第三章 烃的衍生物（有机合成）,第十二章 生命活动的物质基础　有机合成 / 微专题5 有机合成与推断题解题策略（续）
CHEMISTRY,0136,133,第十二章 生命活动的物质基础　有机合成,微专题5 有机合成与推断题解题策略 / 常见新型有机反应,选择性必修3 有机化学基础,第三章 烃的衍生物（有机合成）,第十二章 生命活动的物质基础　有机合成 / 微专题5 有机合成与推断题解题策略 / 常见新型有机反应
CHEMISTRY,0137,134,第十二章 生命活动的物质基础　有机合成,微专题5 有机合成与推断题解题策略（即练即清·变式）,选择性必修3 有机化学基础,第三章 烃的衍生物（有机合成）,第十二章 生命活动的物质基础　有机合成 / 微专题5 有机合成与推断题解题策略（即练即清·变式）
CHEMISTRY,0138,135,第十三章 化学实验基本方法,第1节 常见仪器的使用和实验基本操作 / 知识清单,必修 化学实验基础（常见仪器与基本操作）,,第十三章 化学实验基本方法 / 第1节 常见仪器的使用和实验基本操作 / 知识清单
CHEMISTRY,0139,136,第十三章 化学实验基本方法,第1节 常见仪器的使用和实验基本操作 / 其他常用仪器与试剂保存,必修 化学实验基础（常见仪器与基本操作）,,第十三章 化学实验基本方法 / 第1节 常见仪器的使用和实验基本操作 / 其他常用仪器与试剂保存
CHEMISTRY,0140,137,第十三章 化学实验基本方法,第1节 常见仪器的使用和实验基本操作 / 化学实验基本操作与安全措施,必修 化学实验基础（基本操作与实验安全）,,第十三章 化学实验基本方法 / 第1节 常见仪器的使用和实验基本操作 / 化学实验基本操作与安全措施
CHEMISTRY,0141,138,第十三章 化学实验基本方法,"第1节 化学实验基础 / 三、化学实验安全措施（1.实验室""五防""措施 续表；2.实验常见事故的处理）＋ 即练即清",必修第一册,"第一章 物质及其变化 及全册""实验活动""栏目（化学实验基本方法与实验安全）","第十三章 化学实验基本方法 / 第1节 化学实验基础 / 三、化学实验安全措施（1.实验室""五防""措施 续表；2.实验常见事故的处理）＋ 即练即清"
CHEMISTRY,0142,139,第十三章 化学实验基本方法,第1节 化学实验基础（即练即清第 5、6 题）＋ 第2节 物质的检验和鉴别 / 知识清单,必修第一册 第二章 海水中的重要元素——钠和氯；必修第二册,第五章 化工生产中的重要非金属元素；选择性必修3 有机化学基础（乙烯的检验）,第十三章 化学实验基本方法 / 第1节 化学实验基础（即练即清第 5、6 题）＋ 第2节 物质的检验和鉴别 / 知识清单
CHEMISTRY,0143,140,第十三章 化学实验基本方法,第2节 物质的检验和鉴别 / 知识清单（5.常见气体的检验 续表；注意：气体检验中干扰因素的排除；6.常见离子的检验）＋ 归纳总结 ＋ 即练即清,必修第一册 第二章 海水中的重要元素——钠和氯；必修第一册 第三章 铁 金属材料；必修第二册,第五章 化工生产中的重要非金属元素,第十三章 化学实验基本方法 / 第2节 物质的检验和鉴别 / 知识清单（5.常见气体的检验 续表；注意：气体检验中干扰因素的排除；6.常见离子的检验）＋ 归纳总结 ＋ 即练即清
CHEMISTRY,0144,141,第十三章 化学实验基本方法,第2节 物质的检验和鉴别（即练即清第 2~4 题）＋ 第3节 物质的分离和提纯 / 知识清单,必修第一册 第一章 物质及其变化（过滤、蒸发等分离提纯基本操作）；必修第二册,第五章 化工生产中的重要非金属元素；选择性必修3 有机化学基础（萃取、分液）,第十三章 化学实验基本方法 / 第2节 物质的检验和鉴别（即练即清第 2~4 题）＋ 第3节 物质的分离和提纯 / 知识清单
CHEMISTRY,0145,142,第十三章 化学实验基本方法,第3节 物质的分离和提纯 / 知识清单（3.物质分离与提纯的方法 续表；4.物质分离与提纯的常见类型）,必修第一册 第一章 物质及其变化；必修第二册,第五章 化工生产中的重要非金属元素；选择性必修3 有机化学基础（蒸馏、萃取、重结晶）,第十三章 化学实验基本方法 / 第3节 物质的分离和提纯 / 知识清单（3.物质分离与提纯的方法 续表；4.物质分离与提纯的常见类型）
CHEMISTRY,0146,143,第十三章 化学实验基本方法,第3节 物质的分离和提纯 / 即练即清,必修第一册,第一章 物质及其变化；选择性必修3 有机化学基础（萃取、蒸馏、重结晶）,第十三章 化学实验基本方法 / 第3节 物质的分离和提纯 / 即练即清
CHEMISTRY,0147,144,第十四章 实验方案的设计与评价,第1节 制备实验方案的设计与评价 / 知识清单,必修第一册 第二章 海水中的重要元素——钠和氯（氯气的实验室制法）；必修第二册,第五章 化工生产中的重要非金属元素（氨、硝酸、硫酸的工业制备）；选择性必修3 有机化学基础（乙烯的制备）,第十四章 实验方案的设计与评价 / 第1节 制备实验方案的设计与评价 / 知识清单
CHEMISTRY,0148,145,第十四章 实验方案的设计与评价,第1节 制备实验方案的设计与评价 / 知识清单（三、气体制备综合分析 续表：3.净化方法～6.尾气处理）＋ 即练即清,必修第一册 第二章 海水中的重要元素——钠和氯（氯气的实验室制法与净化）；必修第二册,第五章 化工生产中的重要非金属元素（硫、氮及其化合物）；选择性必修3 有机化学基础（乙烯、乙炔的制备）,第十四章 实验方案的设计与评价 / 第1节 制备实验方案的设计与评价 / 知识清单（三、气体制备综合分析 续表：3.净化方法～6.尾气处理）＋ 即练即清
CHEMISTRY,0149,146,第十四章 实验方案的设计与评价,第1节 制备实验方案的设计与评价（即练即清第 3、4 题）＋ 第2节 探究实验方案的设计与评价 / 知识清单,必修第一册 第二章 海水中的重要元素——钠和氯；必修第二册,第五章 化工生产中的重要非金属元素,第十四章 实验方案的设计与评价 / 第1节 制备实验方案的设计与评价（即练即清第 3、4 题）＋ 第2节 探究实验方案的设计与评价 / 知识清单
CHEMISTRY,0150,147,第十四章 实验方案的设计与评价,第2节 探究实验方案的设计与评价 / 即练即清,必修第一册 第二章 海水中的重要元素——钠和氯；必修第一册 第三章 铁 金属材料；必修第二册,第五章 化工生产中的重要非金属元素,第十四章 实验方案的设计与评价 / 第2节 探究实验方案的设计与评价 / 即练即清
CHEMISTRY,0151,148,第十四章 实验方案的设计与评价,微专题 6 制备实验综合题的解题策略,必修第一册 第二章 海水中的重要元素——钠和氯；必修第二册,第五章 化工生产中的重要非金属元素；选择性必修3 有机化学基础,第十四章 实验方案的设计与评价 / 微专题 6 制备实验综合题的解题策略
CHEMISTRY,0152,149,第十四章 实验方案的设计与评价,微专题 6 制备实验综合题的解题策略 / 三、实验操作类答题语言规范（续表）；四、实验设计类规范语言表述,必修第一册,第一章 物质及其变化（沉淀的洗涤与检验）；选择性必修3 有机化学基础（萃取、分液）,第十四章 实验方案的设计与评价 / 微专题 6 制备实验综合题的解题策略 / 三、实验操作类答题语言规范（续表）；四、实验设计类规范语言表述
CHEMISTRY,0153,150,第十四章 实验方案的设计与评价,微专题 6 制备实验综合题的解题策略 / 四、实验设计类规范语言表述（续）；五、实验操作、条件控制的目的 ＋ 即练即清,必修第一册,第二章 海水中的重要元素——钠和氯；选择性必修1 化学反应原理（温度、压强、浓度对反应速率与平衡的影响）,第十四章 实验方案的设计与评价 / 微专题 6 制备实验综合题的解题策略 / 四、实验设计类规范语言表述（续）；五、实验操作、条件控制的目的 ＋ 即练即清
CHEMISTRY,0154,151,第十四章 实验方案的设计与评价,微专题 6 制备实验综合题的解题策略 / 即练即清（典例 1 续、典例 2）,选择性必修3 有机化学基础（醚的制备、蒸馏提纯）；选择性必修1 化学反应原理（滴定分析与计算）,,第十四章 实验方案的设计与评价 / 微专题 6 制备实验综合题的解题策略 / 即练即清（典例 1 续、典例 2）
CHEMISTRY,0155,152,第十四章 实验方案的设计与评价,微专题 6 制备实验综合题的解题策略（变式）＋ 微专题 7 定量分析实验综合题的解题策略 / 一、定量测定数据的方法,必修第一册,第二章 海水中的重要元素——钠和氯（气体的量取与定量测定）；选择性必修2 物质结构与性质（配合物）；选择性必修3 有机化学基础（乙腈、结晶与重结晶）,第十四章 实验方案的设计与评价 / 微专题 6 制备实验综合题的解题策略（变式）＋ 微专题 7 定量分析实验综合题的解题策略 / 一、定量测定数据的方法
CHEMISTRY,0156,153,第十四章 实验方案的设计与评价,微专题 7 定量分析实验综合题的解题策略 / 一、定量测定数据的方法（续）；二、定量实验数据的处理方法；三、定量分析实验的常用计算方法,选择性必修1 化学反应原理（酸碱中和滴定、沉淀滴定、氧化还原滴定）；必修第一册,第二章 海水中的重要元素——钠和氯,第十四章 实验方案的设计与评价 / 微专题 7 定量分析实验综合题的解题策略 / 一、定量测定数据的方法（续）；二、定量实验数据的处理方法；三、定量分析实验的常用计算方法
CHEMISTRY,0157,154,第十四章 实验方案的设计与评价,微专题 7 定量分析实验综合题的解题策略 / 三、定量分析实验的常用计算方法（续）＋ 即练即清,选择性必修1 化学反应原理（滴定分析、氧化还原反应中的电子守恒）,,第十四章 实验方案的设计与评价 / 微专题 7 定量分析实验综合题的解题策略 / 三、定量分析实验的常用计算方法（续）＋ 即练即清
CHEMISTRY,0158,155,第十四章 实验方案的设计与评价,微专题 7 定量分析实验综合题的解题策略 / 即练即清（典例 2 续、变式 1）,选择性必修1 化学反应原理（滴定分析、盐类水解）；选择性必修2 物质结构与性质（配合物）；必修第一册,第二章 海水中的重要元素——钠和氯,第十四章 实验方案的设计与评价 / 微专题 7 定量分析实验综合题的解题策略 / 即练即清（典例 2 续、变式 1）
CHEMISTRY,0159,156,第十四章 实验方案的设计与评价,微专题 7 定量分析实验综合题的解题策略 / 即练即清（变式 1 续、变式 2）,选择性必修1 化学反应原理（盐类水解、滴定曲线与滴定终点判断）；必修第一册,第二章 海水中的重要元素——钠和氯（碳酸钠与碳酸氢钠）,第十四章 实验方案的设计与评价 / 微专题 7 定量分析实验综合题的解题策略 / 即练即清（变式 1 续、变式 2）
BIOLOGY,0001-0004,,《2027 5·3 A版 高考总复习》生物 精讲册,目录（CONTENTS）,全书目录（五部分 24 章）,,《2027 5·3 A版 高考总复习》生物 精讲册 / 目录（CONTENTS）
BIOLOGY,0005,1,第一部分 分子与细胞,第一章 走近细胞 / 知识清单,必修1《分子与细胞》,第1章 走近细胞,第一部分 分子与细胞 / 第一章 走近细胞 / 知识清单
BIOLOGY,0006,2,第一部分 分子与细胞,第二章 组成细胞的分子 / 第1节 细胞中的元素和无机物,必修1《分子与细胞》,第2章 组成细胞的分子 第1节,第一部分 分子与细胞 / 第二章 组成细胞的分子 / 第1节 细胞中的元素和无机物 / 知识清单
BIOLOGY,0007,3,第一部分 分子与细胞,第二章 组成细胞的分子 / 第2节 细胞中的糖类和脂质,必修1《分子与细胞》,第2章 组成细胞的分子 第2~3节,第一部分 分子与细胞 / 第二章 组成细胞的分子 / 第2节 细胞中的糖类和脂质 / 知识清单
BIOLOGY,0008,4,第一部分 分子与细胞,第二章 组成细胞的分子 / 第2节 细胞中的糖类和脂质,必修1《分子与细胞》,第2章 组成细胞的分子 第3节,第一部分 分子与细胞 / 第二章 组成细胞的分子 / 第2节 细胞中的糖类和脂质 / 考教衔接·知识归纳·即练即清
BIOLOGY,0009,5,第一部分 分子与细胞,第二章 组成细胞的分子 / 第3节 蛋白质和核酸,必修1《分子与细胞》,第2章 第4节 蛋白质是生命活动的主要承担者,第一部分 分子与细胞 / 第二章 组成细胞的分子 / 第3节 蛋白质和核酸 / 知识清单（蛋白质部分）
BIOLOGY,0010,6,第一部分 分子与细胞,第二章 组成细胞的分子 / 第3节 蛋白质和核酸,必修1《分子与细胞》,第2章 第5节 核酸是遗传信息的携带者,第一部分 分子与细胞 / 第二章 组成细胞的分子 / 第3节 蛋白质和核酸 / 知识清单（核酸、生物大分子部分）
BIOLOGY,0011,7,第二章 组成细胞的分子,（本页未印节号） / 考法 蛋白质的构象与活性,必修1《分子与细胞》,第2章 组成细胞的分子,第二章 组成细胞的分子 /（本页未印节号）/ 考法 蛋白质的构象与活性
BIOLOGY,0012,8,第三章 细胞的基本结构,第1节 细胞膜和细胞核的结构与功能 / 细胞膜,必修1《分子与细胞》,第3章 细胞的基本结构,第三章 细胞的基本结构 / 第1节 细胞膜和细胞核的结构与功能 / 细胞膜
BIOLOGY,0013,9,第三章 细胞的基本结构,第1节 细胞膜和细胞核的结构与功能 / 细胞核,必修1《分子与细胞》,第3章 细胞的基本结构,第三章 细胞的基本结构 / 第1节 细胞膜和细胞核的结构与功能 / 细胞核
BIOLOGY,0014,10,第三章 细胞的基本结构,第2节 细胞器之间的分工合作 / 细胞器之间的分工,必修1《分子与细胞》,第3章 细胞的基本结构,第三章 细胞的基本结构 / 第2节 细胞器之间的分工合作 / 细胞器之间的分工
BIOLOGY,0015,11,第三章 细胞的基本结构,第2节 细胞器之间的分工合作（续） / 细胞器之间的协调配合,必修1 分子与细胞,第三章 细胞的基本结构,第三章 细胞的基本结构 / 第2节 细胞器之间的分工合作（续）/ 细胞器之间的协调配合
BIOLOGY,0016,12,第三章 细胞的基本结构,考法清单：溶酶体,必修1 分子与细胞,第三章 细胞的基本结构,第三章 细胞的基本结构 / 考法清单：溶酶体
BIOLOGY,0017,13,第三章 细胞的基本结构,微专题 蛋白质分选,必修1 分子与细胞,第三章 细胞的基本结构,第三章 细胞的基本结构 / 微专题 蛋白质分选
BIOLOGY,0018,14,第四章 细胞的物质输入和输出,第1节 细胞的吸水和失水 / 知识清单,必修1 分子与细胞,第四章 细胞的物质输入和输出,第四章 细胞的物质输入和输出 / 第1节 细胞的吸水和失水 / 知识清单
BIOLOGY,0019,15,第四章 细胞的物质输入和输出,第1节（续） / 考法清单：植物细胞吸水和失水的拓展,必修1 分子与细胞,第四章 细胞的物质输入和输出,第四章 细胞的物质输入和输出 / 第1节（续）/ 考法清单：植物细胞吸水和失水的拓展
BIOLOGY,0020,16,第四章 细胞的物质输入和输出,第2节 物质进出细胞的方式及影响因素 / 知识清单,必修1 分子与细胞,第四章 细胞的物质输入和输出,第四章 细胞的物质输入和输出 / 第2节 物质进出细胞的方式及影响因素 / 知识清单
BIOLOGY,0021,17,第4章 细胞的物质输入和输出,第1—2节（被动运输；主动运输与胞吞、胞吐） / 物质跨膜运输方式的影响因素（续表）,必修1 分子与细胞,第4章 细胞的物质输入和输出,第4章 细胞的物质输入和输出 / 第1—2节（被动运输；主动运输与胞吞、胞吐）/ 物质跨膜运输方式的影响因素（续表）
BIOLOGY,0022,18,第4章 细胞的物质输入和输出,考法 物质运输方式的判断,必修1 分子与细胞,第4章 细胞的物质输入和输出,第4章 细胞的物质输入和输出 / 考法 物质运输方式的判断
BIOLOGY,0023,19,第4章 细胞的物质输入和输出,微专题 主动运输的类型,必修1 分子与细胞,第4章 细胞的物质输入和输出,第4章 细胞的物质输入和输出 / 微专题 主动运输的类型
BIOLOGY,0024,20,第4章 细胞的物质输入和输出,微专题 主动运输的类型 / 二 光驱动泵、突破指南,必修1 分子与细胞,第4章 细胞的物质输入和输出,第4章 细胞的物质输入和输出 / 微专题 主动运输的类型 / 二 光驱动泵、突破指南
BIOLOGY,0025,21,第5章 细胞的能量供应和利用,第1节 降低化学反应活化能的酶 / 知识清单（酶的概念、本质及作用；酶的特性）,必修1 分子与细胞,第5章 细胞的能量供应和利用,第5章 细胞的能量供应和利用 / 第1节 降低化学反应活化能的酶 / 知识清单（酶的概念、本质及作用；酶的特性）
BIOLOGY,0026,22,第五章 细胞的能量供应和利用,第1节（续） / 影响酶促反应速率的因素及探究实验,必修1 分子与细胞,第五章 细胞的能量供应和利用,第五章 细胞的能量供应和利用 / 第1节（续）/ 影响酶促反应速率的因素及探究实验
BIOLOGY,0027,23,第五章 细胞的能量供应和利用,考法清单：实验设计与分析,必修1 分子与细胞,第五章 细胞的能量供应和利用,第五章 细胞的能量供应和利用 / 考法清单：实验设计与分析
BIOLOGY,0028,24,第五章 细胞的能量供应和利用,考法清单：实验设计与分析（续） / 实验分析的一般步骤,必修1 分子与细胞,第五章 细胞的能量供应和利用,第五章 细胞的能量供应和利用 / 考法清单：实验设计与分析（续）/ 实验分析的一般步骤
BIOLOGY,0029,25,第五章 细胞的能量供应和利用,"第2节 细胞的能量""货币"" ATP / 知识清单",必修1 分子与细胞,第五章 细胞的能量供应和利用,"第五章 细胞的能量供应和利用 / 第2节 细胞的能量""货币"" ATP / 知识清单"
BIOLOGY,0030,26,第5章 细胞的能量供应和利用,"第2节 细胞的能量""货币""ATP / 考法·磷酸化与去磷酸化",必修1 分子与细胞,第5章 细胞的能量供应和利用,"第5章 细胞的能量供应和利用 / 第2节 细胞的能量""货币""ATP / 考法·磷酸化与去磷酸化"
BIOLOGY,0031,27,第5章 细胞的能量供应和利用,第3节 细胞呼吸的方式 / 知识清单（探究酵母菌细胞的呼吸方式、细胞呼吸）,必修1 分子与细胞,第5章 细胞的能量供应和利用,第5章 细胞的能量供应和利用 / 第3节 细胞呼吸的方式 / 知识清单（探究酵母菌细胞的呼吸方式、细胞呼吸）
BIOLOGY,0032,28,第5章 细胞的能量供应和利用,第3节 细胞呼吸的方式 / 细胞呼吸方式的判断,必修1 分子与细胞,第5章 细胞的能量供应和利用,第5章 细胞的能量供应和利用 / 第3节 细胞呼吸的方式 / 细胞呼吸方式的判断
BIOLOGY,0033,29,第5章 细胞的能量供应和利用,微专题　糖酵解、三羧酸循环、呼吸电子传递和氧化磷酸化,必修1 分子与细胞,第5章 细胞的能量供应和利用,第5章 细胞的能量供应和利用 / 微专题　糖酵解、三羧酸循环、呼吸电子传递和氧化磷酸化
BIOLOGY,0034,30,第5章 细胞的能量供应和利用,微专题　糖酵解、三羧酸循环、呼吸电子传递和氧化磷酸化（续）,必修1 分子与细胞,第5章 细胞的能量供应和利用,第5章 细胞的能量供应和利用 / 微专题　糖酵解、三羧酸循环、呼吸电子传递和氧化磷酸化（续）
BIOLOGY,0035,31,第5章 细胞的能量供应和利用,第4节 细胞呼吸的影响因素及应用 / 知识清单,必修1 分子与细胞,第5章 细胞的能量供应和利用,第5章 细胞的能量供应和利用 / 第4节 细胞呼吸的影响因素及应用 / 知识清单
BIOLOGY,0036,32,第5章 细胞的能量供应和利用,第4节 细胞呼吸的影响因素及应用 / 考法清单　$\mathrm{O_2}$ 浓度对细胞呼吸的影响,必修1 分子与细胞,第5章 细胞的能量供应和利用,第5章 细胞的能量供应和利用 / 第4节 细胞呼吸的影响因素及应用 / 考法清单　$\mathrm{O_2}$ 浓度对细胞呼吸的影响
BIOLOGY,0037,33,第5章 细胞的能量供应和利用,第5节 捕获光能的色素和光合作用的原理 / 知识清单,必修1 分子与细胞,第5章 细胞的能量供应和利用,第5章 细胞的能量供应和利用 / 第5节 捕获光能的色素和光合作用的原理 / 知识清单
BIOLOGY,0038,34,第5章 细胞的能量供应和利用,第5节 捕获光能的色素和光合作用的原理 / 知识清单（续表）,必修1 分子与细胞,第5章 细胞的能量供应和利用,第5章 细胞的能量供应和利用 / 第5节 捕获光能的色素和光合作用的原理 / 知识清单（续表）
BIOLOGY,0039,35,第5章 细胞的能量供应和利用,第5节 捕获光能的色素和光合作用的原理 / 考法清单　环境改变时，短时间内各物质含量变化的分析,必修1 分子与细胞,第5章 细胞的能量供应和利用,第5章 细胞的能量供应和利用 / 第5节 捕获光能的色素和光合作用的原理 / 考法清单　环境改变时，短时间内各物质含量变化的分析
BIOLOGY,0040,36,第5章 细胞的能量供应和利用,第6节 光合作用的影响因素及应用 / 知识清单,必修1 分子与细胞,第5章 细胞的能量供应和利用,第5章 细胞的能量供应和利用 / 第6节 光合作用的影响因素及应用 / 知识清单
BIOLOGY,0041,37,第5章 细胞的能量供应和利用,第6节 光合作用的影响因素及应用 / 考法清单　光合作用的影响因素的影响分析,必修1 分子与细胞,第5章 细胞的能量供应和利用,第5章 细胞的能量供应和利用 / 第6节 光合作用的影响因素及应用 / 考法清单　光合作用的影响因素的影响分析
BIOLOGY,0042,38,第5章 细胞的能量供应和利用,第6节 光合作用的影响因素及应用 / 考法清单（续表）,必修1 分子与细胞,第5章 细胞的能量供应和利用,第5章 细胞的能量供应和利用 / 第6节 光合作用的影响因素及应用 / 考法清单（续表）
BIOLOGY,0043,39,第5章 细胞的能量供应和利用,第7节 光合作用与细胞呼吸的综合 / 知识清单,必修1 分子与细胞,第5章 细胞的能量供应和利用,第5章 细胞的能量供应和利用 / 第7节 光合作用与细胞呼吸的综合 / 知识清单
BIOLOGY,0044,40,第5章 细胞的能量供应和利用,"光合作用与细胞呼吸的关系（承接上页""一昼夜代谢曲线""表）",必修1 分子与细胞,第5章 细胞的能量供应和利用,"第5章 细胞的能量供应和利用 / 光合作用与细胞呼吸的关系（承接上页""一昼夜代谢曲线""表）"
BIOLOGY,0045,41,第五章 细胞的能量供应和利用,微专题 光系统、光合电子传递与光抑制、光呼吸,必修1 分子与细胞,第5章 细胞的能量供应和利用,第五章 细胞的能量供应和利用 / 微专题 光系统、光合电子传递与光抑制、光呼吸
BIOLOGY,0046,42,第五章 细胞的能量供应和利用,微专题 光系统、光合电子传递与光抑制、光呼吸 / 二 光抑制和光呼吸,必修1 分子与细胞,第5章 细胞的能量供应和利用,第五章 细胞的能量供应和利用 / 微专题 光系统、光合电子传递与光抑制、光呼吸 / 二 光抑制和光呼吸
BIOLOGY,0047,43,第五章 细胞的能量供应和利用,微专题 光系统、光合电子传递与光抑制、光呼吸 / 二 光抑制和光呼吸（续）,必修1 分子与细胞,第5章 细胞的能量供应和利用,第五章 细胞的能量供应和利用 / 微专题 光系统、光合电子传递与光抑制、光呼吸 / 二 光抑制和光呼吸（续）
BIOLOGY,0048,44,第五章 细胞的能量供应和利用,微专题 $\mathrm{CO_2}$ 浓缩机制,必修1 分子与细胞,第5章 细胞的能量供应和利用,第五章 细胞的能量供应和利用 / 微专题 $\mathrm{CO_2}$ 浓缩机制
BIOLOGY,0049,45,第五章 细胞的能量供应和利用,微专题 $\mathrm{CO_2}$ 浓缩机制 / 二 $\mathrm{C_4}$ 途径和蓝细菌或藻类的 $\mathrm{HCO_3^-}$ 泵途径,必修1 分子与细胞,第5章 细胞的能量供应和利用,第五章 细胞的能量供应和利用 / 微专题 $\mathrm{CO_2}$ 浓缩机制 / 二 $\mathrm{C_4}$ 途径和蓝细菌或藻类的 $\mathrm{HCO_3^-}$ 泵途径
BIOLOGY,0050,46,第五章 细胞的能量供应和利用,微专题 影响气孔开闭的多种因素,必修1 分子与细胞,第5章 细胞的能量供应和利用,第五章 细胞的能量供应和利用 / 微专题 影响气孔开闭的多种因素
BIOLOGY,0051,47,第五章 细胞的能量供应和利用,微专题 影响气孔开闭的多种因素 / 二 内部因素,必修1 分子与细胞,第5章 细胞的能量供应和利用,第五章 细胞的能量供应和利用 / 微专题 影响气孔开闭的多种因素 / 二 内部因素
BIOLOGY,0052,48,第五章 细胞的能量供应和利用,微专题 影响气孔开闭的多种因素,必修1 分子与细胞,第5章 细胞的能量供应和利用,第五章 细胞的能量供应和利用 / 微专题 影响气孔开闭的多种因素
BIOLOGY,0053,49,第六章 细胞的生命历程,第1节 细胞的增殖 / 知识清单 · 一 细胞增殖和细胞周期,必修1 分子与细胞,第6章 细胞的生命历程 第1节 细胞的增殖,第六章 细胞的生命历程 / 第1节 细胞的增殖 / 知识清单 · 一 细胞增殖和细胞周期
BIOLOGY,0054,50,第六章 细胞的生命历程,第1节 细胞的增殖 / 知识清单 · 二 有丝分裂与无丝分裂、三 观察根尖分生区组织细胞的有丝分裂,必修1 分子与细胞,第6章 细胞的生命历程 第1节 细胞的增殖,第六章 细胞的生命历程 / 第1节 细胞的增殖 / 知识清单 · 二 有丝分裂与无丝分裂、三 观察根尖分生区组织细胞的有丝分裂
BIOLOGY,0055,51,第六章 细胞的生命历程,第1节 细胞的增殖 / 三 观察根尖分生区组织细胞的有丝分裂（续表）· 即练即清,必修1 分子与细胞,第6章 细胞的生命历程 第1节 细胞的增殖,第六章 细胞的生命历程 / 第1节 细胞的增殖 / 三 观察根尖分生区组织细胞的有丝分裂（续表）· 即练即清
BIOLOGY,0056,52,第六章 细胞的生命历程,第2节 减数分裂和受精作用 / 知识清单 · 一 减数分裂,必修1 分子与细胞,第6章 细胞的生命历程 第2节 细胞的多样性和统一性（减数分裂和受精作用）,第六章 细胞的生命历程 / 第2节 减数分裂和受精作用 / 知识清单 · 一 减数分裂
BIOLOGY,0057,53,第六章 细胞的生命历程,第2节 减数分裂和受精作用 / 知识清单 · 一 减数分裂（续表）、二 受精作用、三 有丝分裂与减数分裂综合,必修1 分子与细胞,第6章 细胞的生命历程 第2节 细胞的多样性和统一性（减数分裂和受精作用）,第六章 细胞的生命历程 / 第2节 减数分裂和受精作用 / 知识清单 · 一 减数分裂（续表）、二 受精作用、三 有丝分裂与减数分裂综合
BIOLOGY,0058,54,第六章 细胞的生命历程,微专题（续） / 有丝分裂与减数分裂的辨析,必修1 分子与细胞 第六章 细胞的生命历程 / 必修2 遗传与进化,第二章 基因和染色体的关系,第六章 细胞的生命历程 / 微专题（续）/ 有丝分裂与减数分裂的辨析
BIOLOGY,0059,55,第六章 细胞的生命历程,考法清单 · 考法「DNA 复制中的染色体标记问题」,必修1 分子与细胞,第六章 细胞的生命历程,第六章 细胞的生命历程 / 考法清单 · 考法「DNA 复制中的染色体标记问题」
BIOLOGY,0060,56,第六章 细胞的生命历程,微专题「减数分裂形成配子的过程及变异分析」,必修1 分子与细胞 第六章 细胞的生命历程（减数分裂部分）/ 必修2 遗传与进化,第二章 基因和染色体的关系,第六章 细胞的生命历程 / 微专题「减数分裂形成配子的过程及变异分析」
BIOLOGY,0061,57,第六章 细胞的生命历程,微专题「减数分裂形成配子的过程及变异分析」 / 二 减数分裂过程中的染色体分配异常——染色体变异,必修1 分子与细胞 第六章 细胞的生命历程（减数分裂部分）/ 必修2 遗传与进化,第二章 基因和染色体的关系,第六章 细胞的生命历程 / 微专题「减数分裂形成配子的过程及变异分析」/ 二 减数分裂过程中的染色体分配异常——染色体变异
BIOLOGY,0062,58,第六章 细胞的生命历程,第 3 节 细胞的分化、衰老和死亡 / 知识清单,必修1 分子与细胞,第六章 细胞的生命历程 第 3 节 细胞的衰老和死亡（含细胞分化）,第六章 细胞的生命历程 / 第 3 节 细胞的分化、衰老和死亡 / 知识清单
BIOLOGY,0063,59,第六章 细胞的生命历程,第 3 节 细胞的分化、衰老和死亡 / 知识清单（续）· 考教衔接 · 即练即清,必修1 分子与细胞,第六章 细胞的生命历程 第 3 节 细胞的衰老和死亡,第六章 细胞的生命历程 / 第 3 节 细胞的分化、衰老和死亡 / 知识清单（续）· 考教衔接 · 即练即清
BIOLOGY,0064,60,第二部分 遗传与进化,第七章 遗传因子的发现 / 第 1 节 基因的分离定律,必修2 遗传与进化,第一章 遗传因子的发现 第 1 节 孟德尔的豌豆杂交实验（一）,第二部分 遗传与进化 / 第七章 遗传因子的发现 / 第 1 节 基因的分离定律 / 知识清单
BIOLOGY,0065,61,第七章 遗传因子的发现,第 1 节 基因的分离定律 / 知识清单（续）· 考教衔接,必修2 遗传与进化,第一章 遗传因子的发现 第 1 节 孟德尔的豌豆杂交实验（一）,第七章 遗传因子的发现 / 第 1 节 基因的分离定律 / 知识清单（续）· 考教衔接
BIOLOGY,0066,,（非正文页，为夹在书中的广告插页）,,（无）,,（非正文页，为夹在书中的广告插页）
BIOLOGY,0067,62,第七章 遗传因子的发现,第 1 节 基因的分离定律 / 即练即清 · 考法清单（考法 1、考法 2）,必修2 遗传与进化,第一章 遗传因子的发现 第 1 节 孟德尔的豌豆杂交实验（一）,第七章 遗传因子的发现 / 第 1 节 基因的分离定律 / 即练即清 · 考法清单（考法 1、考法 2）
BIOLOGY,0068,63,第七章 遗传因子的发现,第 1 节 基因的分离定律 / 考法清单 考法 2「分离定律中的概率计算问题」（续）,必修2 遗传与进化,第一章 遗传因子的发现 第 1 节 孟德尔的豌豆杂交实验（一）,第七章 遗传因子的发现 / 第 1 节 基因的分离定律 / 考法清单 考法 2「分离定律中的概率计算问题」（续）
BIOLOGY,0069,64,第七章 遗传因子的发现,微专题「分离定律的重点题型」 / 一 致死和不育,必修2 遗传与进化,第一章 遗传因子的发现,第七章 遗传因子的发现 / 微专题「分离定律的重点题型」/ 一 致死和不育
BIOLOGY,0070,65,第七章 遗传因子的发现,微专题「分离定律的重点题型」 / 二 不完全显性、共显性、复等位基因,必修2 遗传与进化,第一章 遗传因子的发现,第七章 遗传因子的发现 / 微专题「分离定律的重点题型」/ 二 不完全显性、共显性、复等位基因
BIOLOGY,0071,66,第七章 遗传因子的发现,微专题「分离定律的重点题型」 / 三 细胞质遗传、雄性不育和母性影响,必修2 遗传与进化,第一章 遗传因子的发现（并涉及细胞质遗传）,第七章 遗传因子的发现 / 微专题「分离定律的重点题型」/ 三 细胞质遗传、雄性不育和母性影响
BIOLOGY,0072,67,第七章 遗传因子的发现,第 2 节 基因的自由组合定律 / 知识清单,必修2 遗传与进化,第一章 遗传因子的发现 第 2 节 孟德尔的豌豆杂交实验（二）,第七章 遗传因子的发现 / 第 2 节 基因的自由组合定律 / 知识清单
BIOLOGY,0073,68,第七章 遗传因子的发现,第 2 节 基因的自由组合定律 / 知识清单（续）· 即练即清 · 考法清单 考法 1,必修2 遗传与进化,第一章 遗传因子的发现 第 2 节 孟德尔的豌豆杂交实验（二）,第七章 遗传因子的发现 / 第 2 节 基因的自由组合定律 / 知识清单（续）· 即练即清 · 考法清单 考法 1
BIOLOGY,0074,69,第七章 遗传因子的发现,第 2 节 基因的自由组合定律 / 考法清单 考法 1「自由组合定律的解题思路及致死问题」（续）,必修2 遗传与进化,第一章 遗传因子的发现 第 2 节 孟德尔的豌豆杂交实验（二）,第七章 遗传因子的发现 / 第 2 节 基因的自由组合定律 / 考法清单 考法 1「自由组合定律的解题思路及致死问题」（续）
BIOLOGY,0075,70,第七章 遗传因子的发现,第 2 节 基因的自由组合定律 / 考法清单 考法 2「9:3:3:1 及其变式」,必修2 遗传与进化,第一章 遗传因子的发现 第 2 节 孟德尔的豌豆杂交实验（二）,第七章 遗传因子的发现 / 第 2 节 基因的自由组合定律 / 考法清单 考法 2「9:3:3:1 及其变式」
BIOLOGY,0076,71,第七章 遗传因子的发现,微专题「连锁与互换」 / 一 完全连锁,必修2 遗传与进化 第一章 遗传因子的发现（并涉及,第二章 基因和染色体的关系）,第七章 遗传因子的发现 / 微专题「连锁与互换」/ 一 完全连锁
BIOLOGY,0077,72,第七章 遗传因子的发现,微专题「连锁与互换」 / 二 不完全连锁,必修2 遗传与进化,第二章 基因和染色体的关系（基因在染色体上）,第七章 遗传因子的发现 / 微专题「连锁与互换」/ 二 不完全连锁
BIOLOGY,0078,73,第七章 遗传因子的发现,微专题「连锁与互换」 / 突破指南（续表）,必修2 遗传与进化,第二章 基因和染色体的关系（基因在染色体上）,第七章 遗传因子的发现 / 微专题「连锁与互换」/ 突破指南（续表）
BIOLOGY,0079,74,第七章 遗传因子的发现,微专题「基因位置关系的分析与判断」 / 一 基因在染色体上的位置关系及判断,必修2 遗传与进化,第二章 基因和染色体的关系,第七章 遗传因子的发现 / 微专题「基因位置关系的分析与判断」/ 一 基因在染色体上的位置关系及判断
BIOLOGY,0080,75,第七章 遗传因子的发现,微专题「基因位置关系的分析与判断」 / 二 外源基因整合到宿主细胞染色体上的位置判断,必修2 遗传与进化,第二章 基因和染色体的关系（并涉及基因工程）,第七章 遗传因子的发现 / 微专题「基因位置关系的分析与判断」/ 二 外源基因整合到宿主细胞染色体上的位置判断
BIOLOGY,0081,76,第八章 伴性遗传和人类遗传病,第 1 节 基因在染色体上和伴性遗传 / 知识清单,必修2 遗传与进化,第二章 基因和染色体的关系 第 2 节 基因在染色体上,第八章 伴性遗传和人类遗传病 / 第 1 节 基因在染色体上和伴性遗传 / 知识清单
BIOLOGY,0082,77,第八章 伴性遗传和人类遗传病,第 1 节 基因在染色体上和伴性遗传 / 知识清单（续）,必修2 遗传与进化,第二章 基因和染色体的关系 第 3 节 伴性遗传,第八章 伴性遗传和人类遗传病 / 第 1 节 基因在染色体上和伴性遗传 / 知识清单（续）
BIOLOGY,0083,78,第八章 伴性遗传和人类遗传病,第 1 节 基因在染色体上和伴性遗传 / 即练即清 · 考法清单,必修2 遗传与进化,第二章 基因和染色体的关系 第 3 节 伴性遗传,第八章 伴性遗传和人类遗传病 / 第 1 节 基因在染色体上和伴性遗传 / 即练即清 · 考法清单
BIOLOGY,0084,79,第八章 伴性遗传和人类遗传病,第 1 节 基因在染色体上和伴性遗传 / 考法清单 考法「伴性遗传与常染色体遗传的判断与鉴定」（续）,必修2 遗传与进化,第二章 基因和染色体的关系 第 3 节 伴性遗传,第八章 伴性遗传和人类遗传病 / 第 1 节 基因在染色体上和伴性遗传 / 考法清单 考法「伴性遗传与常染色体遗传的判断与鉴定」（续）
BIOLOGY,0085,80,第八章 伴性遗传和人类遗传病,第 2 节 人类遗传病 / 知识清单,必修2 遗传与进化,第五章 基因突变及其他变异 第 3 节 人类遗传病,第八章 伴性遗传和人类遗传病 / 第 2 节 人类遗传病 / 知识清单
BIOLOGY,0086,81,第八章 伴性遗传和人类遗传病,第 2 节 人类遗传病 / 考法清单 考法「遗传系谱图」,必修2 遗传与进化,第五章 基因突变及其他变异 第 3 节 人类遗传病,第八章 伴性遗传和人类遗传病 / 第 2 节 人类遗传病 / 考法清单 考法「遗传系谱图」
BIOLOGY,0087,82,第八章 伴性遗传和人类遗传病,微专题 基因检测与人类遗传病,必修2 遗传与进化,第五章 基因突变及其他变异 第 3 节 人类遗传病,第八章 伴性遗传和人类遗传病 / 微专题 基因检测与人类遗传病
BIOLOGY,0088,83,第八章 伴性遗传和人类遗传病,微专题 基因检测与人类遗传病 / 二 基因测序,必修2 遗传与进化,第五章 基因突变及其他变异 第 3 节 人类遗传病,第八章 伴性遗传和人类遗传病 / 微专题 基因检测与人类遗传病 / 二 基因测序
BIOLOGY,0089,84,第八章 伴性遗传和人类遗传病,微专题 基因定位拓展——定位于特定染色体,必修2 遗传与进化,第五章 基因突变及其他变异,第八章 伴性遗传和人类遗传病 / 微专题 基因定位拓展——定位于特定染色体
BIOLOGY,0090,85,第八章 伴性遗传和人类遗传病,微专题 基因定位拓展——定位于特定染色体（典例续）,必修2 遗传与进化,第五章 基因突变及其他变异,第八章 伴性遗传和人类遗传病 / 微专题 基因定位拓展——定位于特定染色体（典例续）
BIOLOGY,0091,86,第八章 伴性遗传和人类遗传病,微专题 基因定位拓展——定位于特定染色体 / 突破指南,必修2 遗传与进化,第五章 基因突变及其他变异,第八章 伴性遗传和人类遗传病 / 微专题 基因定位拓展——定位于特定染色体 / 突破指南
BIOLOGY,0092,87,第九章 基因的本质,第 1 节 DNA 是主要的遗传物质 / 知识清单 一 肺炎链球菌转化实验,必修2 遗传与进化,第三章 基因的本质 第 1 节 DNA 是主要的遗传物质,第九章 基因的本质 / 第 1 节 DNA 是主要的遗传物质 / 知识清单 一 肺炎链球菌转化实验
BIOLOGY,0093,88,第九章 基因的本质,第 1 节 DNA 是主要的遗传物质 / 知识清单 二 噬菌体侵染细菌的实验、三 DNA 是主要的遗传物质,必修2 遗传与进化,第三章 基因的本质 第 1 节 DNA 是主要的遗传物质,第九章 基因的本质 / 第 1 节 DNA 是主要的遗传物质 / 知识清单 二 噬菌体侵染细菌的实验、三 DNA 是主要的遗传物质
BIOLOGY,0094,89,第九章 基因的本质,第 2 节 DNA 的结构和复制、基因的本质 / 知识清单 一 DNA 的结构、二 DNA 的复制,必修2 遗传与进化,第三章 基因的本质 第 2 节 DNA 的结构、第 3 节 DNA 的复制,第九章 基因的本质 / 第 2 节 DNA 的结构和复制、基因的本质 / 知识清单 一 DNA 的结构、二 DNA 的复制
BIOLOGY,0095,90,第九章 基因的本质,第 2 节 DNA 的结构和复制、基因的本质 / 知识清单 二 DNA 的复制（续表）、知识归纳、知识拓展,必修2 遗传与进化,第三章 基因的本质 第 3 节 DNA 的复制,第九章 基因的本质 / 第 2 节 DNA 的结构和复制、基因的本质 / 知识清单 二 DNA 的复制（续表）、知识归纳、知识拓展
BIOLOGY,0096,91,第九章 基因的本质,第 2 节 DNA 的结构和复制、基因的本质 / 知识清单 三 基因的本质,必修2 遗传与进化,第三章 基因的本质 第 4 节 基因通常是有遗传效应的 DNA 片段,第九章 基因的本质 / 第 2 节 DNA 的结构和复制、基因的本质 / 知识清单 三 基因的本质
BIOLOGY,0097,92,第十章 基因的表达,第 1 节 基因指导蛋白质的合成 / 知识清单 一 遗传信息的转录和翻译,必修2 遗传与进化,第四章 基因的表达 第 1 节 基因指导蛋白质的合成,第十章 基因的表达 / 第 1 节 基因指导蛋白质的合成 / 知识清单 一 遗传信息的转录和翻译
BIOLOGY,0098,93,第十章 基因的表达,第 1 节 基因指导蛋白质的合成 / 考教衔接 多聚核糖体、知识清单 二 中心法则,必修2 遗传与进化,第四章 基因的表达 第 1 节 基因指导蛋白质的合成,第十章 基因的表达 / 第 1 节 基因指导蛋白质的合成 / 考教衔接 多聚核糖体、知识清单 二 中心法则
BIOLOGY,0099,94,第十章 基因的表达,第 1 节 基因指导蛋白质的合成 / 考法清单 · 考法 核酸序列的阅读,必修2 遗传与进化,第四章 基因的表达 第 1 节 基因指导蛋白质的合成,第十章 基因的表达 / 第 1 节 基因指导蛋白质的合成 / 考法清单 · 考法 核酸序列的阅读
BIOLOGY,0100,95,第十章 基因的表达,第 2 节 基因表达与性状的关系 / 知识清单（基因表达产物与性状的关系、基因与性状间的对应关系、基因表达调控对性状的影响）,必修2 遗传与进化,第四章 基因的表达 第 2 节 基因表达与性状的关系,第十章 基因的表达 / 第 2 节 基因表达与性状的关系 / 知识清单（基因表达产物与性状的关系、基因与性状间的对应关系、基因表达调控对性状的影响）
BIOLOGY,0101,96,第十章 基因的表达,考法清单 / 考法 表观遗传的常见调控机制,必修2 遗传与进化,第四章 基因的表达 第 2 节 基因表达与性状的关系,第十章 基因的表达 / 考法清单 / 考法 表观遗传的常见调控机制
BIOLOGY,0102,97,第十一章 基因突变及其他变异,第 1 节 基因突变和基因重组 / 知识清单 一 基因突变,必修2 遗传与进化,第五章 基因突变及其他变异 第 1 节 基因突变和基因重组,第十一章 基因突变及其他变异 / 第 1 节 基因突变和基因重组 / 知识清单 一 基因突变
BIOLOGY,0103,98,第十一章 基因突变及其他变异,第 1 节 基因突变和基因重组 / 知识清单 二 基因重组、即练即清,必修2 遗传与进化,第五章 基因突变及其他变异 第 1 节 基因突变和基因重组,第十一章 基因突变及其他变异 / 第 1 节 基因突变和基因重组 / 知识清单 二 基因重组、即练即清
BIOLOGY,0104,99,第十一章 基因突变及其他变异,考法清单 / 考法 基因突变类型及其影响分析,必修2 遗传与进化,第五章 基因突变及其他变异 第 1 节 基因突变和基因重组,第十一章 基因突变及其他变异 / 考法清单 / 考法 基因突变类型及其影响分析
BIOLOGY,0105,100,第十一章 基因突变及其他变异,考法清单 / 考法 基因突变类型及其影响分析（续）,必修2 遗传与进化,第五章 基因突变及其他变异 第 1 节 基因突变和基因重组,第十一章 基因突变及其他变异 / 考法清单 / 考法 基因突变类型及其影响分析（续）
BIOLOGY,0106,101,第十一章 基因突变及其他变异,第 2 节 染色体变异 / 知识清单 一 染色体数目变异,必修2 遗传与进化,第五章 基因突变及其他变异 第 2 节 染色体变异,第十一章 基因突变及其他变异 / 第 2 节 染色体变异 / 知识清单 一 染色体数目变异
BIOLOGY,0107,102,第十一章 基因突变及其他变异,第 2 节 染色体变异 / 知识清单 实验 低温诱导植物细胞染色体数目的变化、二 染色体结构变异、即练即清,必修2 遗传与进化,第五章 基因突变及其他变异 第 2 节 染色体变异,第十一章 基因突变及其他变异 / 第 2 节 染色体变异 / 知识清单 实验 低温诱导植物细胞染色体数目的变化、二 染色体结构变异、即练即清
BIOLOGY,0108,103,第十一章 基因突变及其他变异,考法清单 / 考法 染色体变异个体产生配子情况,必修2 遗传与进化,第五章 基因突变及其他变异 第 2 节 染色体变异,第十一章 基因突变及其他变异 / 考法清单 / 考法 染色体变异个体产生配子情况
BIOLOGY,0109,104,第十二章 生物的进化,知识清单 一 达尔文的生物进化论、二 现代生物进化理论,必修2 遗传与进化,第六章 生物的进化 第 1 节 生物有共同祖先的证据、第 2 节 自然选择与适应的形成、第 3 节 种群基因组成的变化与物种的形成,第十二章 生物的进化 / 知识清单 一 达尔文的生物进化论、二 现代生物进化理论
BIOLOGY,0110,105,第十二章 生物的进化,知识清单 二 现代生物进化理论（续表）、知识拓展、三 实验 探究抗生素对细菌的选择作用、即练即清,必修2 遗传与进化,第六章 生物的进化 第 3 节 种群基因组成的变化与物种的形成、第 4 节 协同进化与生物多样性的形成,第十二章 生物的进化 / 知识清单 二 现代生物进化理论（续表）、知识拓展、三 实验 探究抗生素对细菌的选择作用、即练即清
BIOLOGY,0111,106,第十二章 生物的进化,考法清单 / 考法 基因频率和基因型频率的计算,必修2 遗传与进化,第六章 生物的进化 第 3 节 种群基因组成的变化与物种的形成,第十二章 生物的进化 / 考法清单 / 考法 基因频率和基因型频率的计算
BIOLOGY,0112,107,第三部分 稳态与调节,第十三章 人体的内环境与稳态 / 知识清单 一 细胞生活的环境,选择性必修1 稳态与调节,第一章 人体的内环境与稳态 第 1 节 细胞生活的环境,第三部分 稳态与调节 / 第十三章 人体的内环境与稳态 / 知识清单 一 细胞生活的环境
BIOLOGY,0113,108,第十三章 人体的内环境与稳态,知识清单 二 内环境的稳态、考教衔接 血浆 pH 调节、即练即清,选择性必修1 稳态与调节,第一章 人体的内环境与稳态 第 2 节 内环境的稳态,第十三章 人体的内环境与稳态 / 知识清单 二 内环境的稳态、考教衔接 血浆 pH 调节、即练即清
BIOLOGY,0114,109,第十四章 神经调节,第 1 节 神经调节的结构基础和基本方式 / 知识清单 一 神经调节的结构基础,选择性必修1 稳态与调节,第二章 神经调节 第 1 节 神经调节的结构基础,第十四章 神经调节 / 第 1 节 神经调节的结构基础和基本方式 / 知识清单 一 神经调节的结构基础
BIOLOGY,0115,110,第十四章 神经调节,第 1 节 神经调节的结构基础和基本方式 / 知识清单 二 神经调节的基本方式、知识拓展、知识归纳,选择性必修1 稳态与调节,第二章 神经调节 第 1 节 神经调节的结构基础、第 2 节 神经调节的基本方式,第十四章 神经调节 / 第 1 节 神经调节的结构基础和基本方式 / 知识清单 二 神经调节的基本方式、知识拓展、知识归纳
BIOLOGY,0116,111,第十四章 神经调节,第 2 节 神经冲动的产生和传导 / 即练即清、知识清单 兴奋的产生和传导,选择性必修1 稳态与调节,第二章 神经调节 第 2 节 神经调节的基本方式、第 3 节 神经冲动的产生和传导,第十四章 神经调节 / 第 2 节 神经冲动的产生和传导 / 即练即清、知识清单 兴奋的产生和传导
BIOLOGY,0117,112,考法清单,考法1 膜电位变化曲线及动作电位和静息电位的影响因素（神经调节——神经冲动的产生与传导）,选择性必修1 稳态与调节,第2章 神经调节,考法清单 / 考法1 膜电位变化曲线及动作电位和静息电位的影响因素（神经调节——神经冲动的产生与传导）
BIOLOGY,0118,113,第十四章 神经调节,考法1 续 / 考法2 电流计指针偏转及电位变化曲线分析,选择性必修1 稳态与调节,第2章 神经调节,第十四章 神经调节 / 考法1 续 / 考法2 电流计指针偏转及电位变化曲线分析
BIOLOGY,0119,114,第十四章 神经调节,考法2 电流计指针偏转及电位变化曲线分析 / 2. 电位变化曲线分析,选择性必修1 稳态与调节,第2章 神经调节,第十四章 神经调节 / 考法2 电流计指针偏转及电位变化曲线分析 / 2. 电位变化曲线分析
BIOLOGY,0120,115,第十四章 神经调节,微专题 突触分析,选择性必修1 稳态与调节,第2章 神经调节,第十四章 神经调节 / 微专题 突触分析
BIOLOGY,0121,116,第十四章 神经调节,微专题 突触分析（突破指南） / 第3节 神经系统的分级调节及人脑的高级功能,选择性必修1 稳态与调节,第2章 神经调节,第十四章 神经调节 / 微专题 突触分析（突破指南）/ 第3节 神经系统的分级调节及人脑的高级功能
BIOLOGY,0122,117,第十四章 神经调节,第3节 神经系统的分级调节及人脑的高级功能 / 知识清单（续）,选择性必修1 稳态与调节,第2章 神经调节,第十四章 神经调节 / 第3节 神经系统的分级调节及人脑的高级功能 / 知识清单（续）
BIOLOGY,0123,118,第十四章 神经调节,考法清单 / 考法 分级调节实例分析——排尿反射,选择性必修1 稳态与调节,第2章 神经调节,第十四章 神经调节 / 考法清单 / 考法 分级调节实例分析——排尿反射
BIOLOGY,0124,119,第十五章 体液调节,第1节 激素与内分泌系统 / 知识清单,选择性必修1 稳态与调节,第3章 体液调节,第十五章 体液调节 / 第1节 激素与内分泌系统 / 知识清单 / 一 动物激素的相关实验探究
BIOLOGY,0125,120,第十五章 体液调节,第1节 激素与内分泌系统 / 知识清单,选择性必修1 稳态与调节,第3章 体液调节,第十五章 体液调节 / 第1节 激素与内分泌系统 / 知识清单 / 二 激素与内分泌系统
BIOLOGY,0126,121,第十五章 体液调节,第2节 激素调节的过程及特点 / 知识清单,选择性必修1 稳态与调节,第3章 体液调节,第十五章 体液调节 / 第2节 激素调节的过程及特点 / 知识清单 / 一 血糖平衡的调节
BIOLOGY,0127,122,第十五章 体液调节,第2节 激素调节的过程及特点 / 知识清单,选择性必修1 稳态与调节,第3章 体液调节,第十五章 体液调节 / 第2节 激素调节的过程及特点 / 知识清单 / 二 激素的分级调节与反馈调节；三 激素调节的特点及相互作用
BIOLOGY,0128,123,第十五章 体液调节,考法清单 / 考法1 下丘脑—垂体—靶腺体轴调节的异常分析,选择性必修1 稳态与调节,第3章 体液调节,第十五章 体液调节 / 考法清单 / 考法1 下丘脑—垂体—靶腺体轴调节的异常分析
BIOLOGY,0129,124,第十五章 体液调节,考法清单 / 考法2 激素的作用机制,选择性必修1 稳态与调节,第3章 体液调节,第十五章 体液调节 / 考法清单 / 考法2 激素的作用机制
BIOLOGY,0130,125,第十五章 体液调节,第3节 体液调节与神经调节的关系 / 知识清单,选择性必修1 稳态与调节,第3章 体液调节,第十五章 体液调节 / 第3节 体液调节与神经调节的关系 / 知识清单
BIOLOGY,0131,126,第十五章 体液调节,第3节 体液调节与神经调节的关系 / 知识清单,选择性必修1 稳态与调节,第3章 体液调节,第十五章 体液调节 / 第3节 体液调节与神经调节的关系 / 知识清单 / 三 水和无机盐平衡的调节
BIOLOGY,0132,127,第十五章 体液调节,微专题 肾上腺及其代谢调控,选择性必修1 稳态与调节,第3章 体液调节,第十五章 体液调节 / 微专题 肾上腺及其代谢调控
BIOLOGY,0133,128,第十五章 体液调节,微专题 肾上腺及其代谢调控 / 二 肾素—血管紧张素—醛固酮系统,选择性必修1 稳态与调节,第3章 体液调节,第十五章 体液调节 / 微专题 肾上腺及其代谢调控 / 二 肾素—血管紧张素—醛固酮系统
BIOLOGY,0134,129,第十六章 免疫调节,第1节 免疫系统的组成、功能及特异性免疫 / 知识清单,选择性必修1 稳态与调节,第4章 免疫调节,第十六章 免疫调节 / 第1节 免疫系统的组成、功能及特异性免疫 / 知识清单 / 一 免疫系统的组成
BIOLOGY,0135,130,第十六章 免疫调节,第1节 免疫系统的组成、功能及特异性免疫 / 知识清单,选择性必修1 稳态与调节,第4章 免疫调节,第十六章 免疫调节 / 第1节 免疫系统的组成、功能及特异性免疫 / 知识清单 / 二 免疫系统的功能；三 特异性免疫
BIOLOGY,0136,131,第十六章 免疫调节,第1节 免疫系统的组成、功能及特异性免疫 / 考教衔接 二次免疫；知识清单 四 神经系统、内分泌系统与免疫系统的关系,选择性必修1 稳态与调节,第4章 免疫调节,第十六章 免疫调节 / 第1节 免疫系统的组成、功能及特异性免疫 / 考教衔接 二次免疫；知识清单 四 神经系统、内分泌系统与免疫系统的关系
BIOLOGY,0137,132,第十六章 免疫调节,考法清单 / 考法 癌症的免疫疗法,选择性必修1 稳态与调节,第4章 免疫调节,第十六章 免疫调节 / 考法清单 / 考法 癌症的免疫疗法
BIOLOGY,0138,133,第十六章 免疫调节,第2节 免疫失调及免疫学的应用 / 知识清单,选择性必修1 稳态与调节,第4章 免疫调节,第十六章 免疫调节 / 第2节 免疫失调及免疫学的应用 / 知识清单
BIOLOGY,0139,134,第十六章 免疫调节,第2节 免疫失调及免疫学的应用 / 知识清单 二 免疫学的应用（续）,选择性必修1 稳态与调节,第4章 免疫调节,第十六章 免疫调节 / 第2节 免疫失调及免疫学的应用 / 知识清单 二 免疫学的应用（续）
BIOLOGY,0140,135,第十七章 植物生命活动的调节,第1节 植物生长素 / 知识清单,选择性必修1 稳态与调节,第5章 植物生命活动的调节,第十七章 植物生命活动的调节 / 第1节 植物生长素 / 知识清单
BIOLOGY,0141,136,第十七章 植物生命活动的调节,第1节 植物生长素（即练即清）；第2节 其他植物激素、植物生长调节剂及环境因素参与调节植物的生命活动 / 知识清单,选择性必修1 稳态与调节,第5章 植物生命活动的调节,第十七章 植物生命活动的调节 / 第1节 植物生长素（即练即清）；第2节 其他植物激素、植物生长调节剂及环境因素参与调节植物的生命活动 / 知识清单
BIOLOGY,0142,137,第十七章 植物生命活动的调节,第2节 其他植物激素、植物生长调节剂及环境因素参与调节植物的生命活动 / 知识清单（续）,选择性必修1 稳态与调节,第5章 植物生命活动的调节,第十七章 植物生命活动的调节 / 第2节 其他植物激素、植物生长调节剂及环境因素参与调节植物的生命活动 / 知识清单（续）
BIOLOGY,0143,138,第十七章 植物生命活动的调节,第2节 其他植物激素、植物生长调节剂及环境因素参与调节植物的生命活动 / 知识清单（续）,选择性必修1 稳态与调节,第5章 植物生命活动的调节,第十七章 植物生命活动的调节 / 第2节 其他植物激素、植物生长调节剂及环境因素参与调节植物的生命活动 / 知识清单（续）
BIOLOGY,0144,139,第十七章 植物生命活动的调节,第2节 其他植物激素、植物生长调节剂及环境因素参与调节植物的生命活动 / 考教衔接 人工控制花期,选择性必修1 稳态与调节,第5章 植物生命活动的调节,第十七章 植物生命活动的调节 / 第2节 其他植物激素、植物生长调节剂及环境因素参与调节植物的生命活动 / 考教衔接 人工控制花期
BIOLOGY,0145,140,第四部分 生物与环境,第十八章 种群及其动态 / 第1节 种群的数量特征,选择性必修2 生物与环境,第1章 种群及其动态,第四部分 生物与环境 / 第十八章 种群及其动态 / 第1节 种群的数量特征 / 知识清单
BIOLOGY,0146,141,第十八章 种群及其动态,考教衔接 调查种群数量的其他方法,选择性必修2 生物与环境,第1章 种群及其动态,第十八章 种群及其动态 / 考教衔接 调查种群数量的其他方法
BIOLOGY,0147,142,第十八章 种群及其动态,第2节 种群数量的变化及其影响因素 / 知识清单,选择性必修2 生物与环境,第1章 种群及其动态 第2节 种群数量的变化,第十八章 种群及其动态 / 第2节 种群数量的变化及其影响因素 / 知识清单
BIOLOGY,0148,143,第十八章 种群及其动态,第2节 种群数量的变化及其影响因素 / 知识清单（续表）+ 考教衔接,选择性必修2 生物与环境,第1章 种群及其动态,第十八章 种群及其动态 / 第2节 种群数量的变化及其影响因素 / 知识清单（续表）+ 考教衔接
BIOLOGY,0149,144,第十八章 种群及其动态,即练即清 + 微专题 种群增长率和增长率,选择性必修2 生物与环境,第1章 种群及其动态,第十八章 种群及其动态 / 即练即清 + 微专题 种群增长率和增长率
BIOLOGY,0150,145,第十八章 种群及其动态,微专题 种群增长率和增长率 / 突破指南,选择性必修2 生物与环境,第1章 种群及其动态,第十八章 种群及其动态 / 微专题 种群增长率和增长率 / 突破指南
BIOLOGY,0151,146,第十九章 群落及其演替,第1节 群落的结构 / 知识清单,选择性必修2 生物与环境,第2章 群落及其演替 第1节 群落的结构,第十九章 群落及其演替 / 第1节 群落的结构 / 知识清单
BIOLOGY,0152,147,第十九章 群落及其演替,第1节 群落的结构 / 知识清单（续表）,选择性必修2 生物与环境,第2章 群落及其演替 第1节 群落的结构,第十九章 群落及其演替 / 第1节 群落的结构 / 知识清单（续表）
BIOLOGY,0153,148,第十九章 群落及其演替,微专题 生态位重叠和分化,选择性必修2 生物与环境,第2章 群落及其演替,第十九章 群落及其演替 / 微专题 生态位重叠和分化
BIOLOGY,0154,149,第十九章 群落及其演替,微专题 生态位重叠和分化 / 突破指南,选择性必修2 生物与环境,第2章 群落及其演替,第十九章 群落及其演替 / 微专题 生态位重叠和分化 / 突破指南
BIOLOGY,0155,150,第十九章 群落及其演替,第2节 群落的主要类型及演替 / 知识清单,选择性必修2 生物与环境,第2章 群落及其演替 第2节 群落的主要类型、第3节 群落的演替,第十九章 群落及其演替 / 第2节 群落的主要类型及演替 / 知识清单
BIOLOGY,0156,151,第十九章 群落及其演替,第2节 群落的主要类型及演替 / 知识拓展 + 考教衔接,选择性必修2 生物与环境,第2章 群落及其演替,第十九章 群落及其演替 / 第2节 群落的主要类型及演替 / 知识拓展 + 考教衔接
BIOLOGY,0157,152,第二十章 生态系统及其稳定性,第1节 生态系统的结构 / 知识清单,选择性必修2 生物与环境,第3章 生态系统及其稳定性 第1节 生态系统的结构,第二十章 生态系统及其稳定性 / 第1节 生态系统的结构 / 知识清单
BIOLOGY,0158,153,第二十章 生态系统及其稳定性,第2节 生态系统的能量流动 / 知识清单,选择性必修2 生物与环境,第3章 生态系统及其稳定性 第2节 生态系统的能量流动,第二十章 生态系统及其稳定性 / 第2节 生态系统的能量流动 / 知识清单
BIOLOGY,0159,154,第二十章 生态系统及其稳定性,第2节 生态系统的能量流动 / 生态金字塔 + 考法清单,选择性必修2 生物与环境,第3章 生态系统及其稳定性 第2节 生态系统的能量流动,第二十章 生态系统及其稳定性 / 第2节 生态系统的能量流动 / 生态金字塔 + 考法清单
BIOLOGY,0160,155,第二十章 生态系统及其稳定性,第2节 生态系统的能量流动 / 考法清单·能量流动过程的分析（续）,选择性必修2 生物与环境,第3章 生态系统及其稳定性 第2节 生态系统的能量流动,第二十章 生态系统及其稳定性 / 第2节 生态系统的能量流动 / 考法清单·能量流动过程的分析（续）
BIOLOGY,0161,156,第二十章 生态系统及其稳定性,第3节 生态系统的物质循环和信息传递 / 知识清单,选择性必修2 生物与环境,第3章 生态系统及其稳定性 第3节 生态系统的物质循环、第4节 生态系统的信息传递,第二十章 生态系统及其稳定性 / 第3节 生态系统的物质循环和信息传递 / 知识清单
BIOLOGY,0162,157,第二十章 生态系统及其稳定性,第3节 生态系统的物质循环和信息传递（续表）+ 知识归纳,选择性必修2 生物与环境,第3章 生态系统及其稳定性 第4节 生态系统的信息传递,第二十章 生态系统及其稳定性 / 第3节 生态系统的物质循环和信息传递（续表）+ 知识归纳
BIOLOGY,0163,158,第二十章 生态系统及其稳定性,第4节 生态系统的稳定性 / 知识清单,选择性必修2 生物与环境,第3章 生态系统及其稳定性 第5节 生态系统的稳定性,第二十章 生态系统及其稳定性 / 第4节 生态系统的稳定性 / 知识清单
BIOLOGY,0164,159,第二十一章 人与环境,知识清单,选择性必修2 生物与环境,第4章 人与环境,第二十一章 人与环境 / 知识清单
BIOLOGY,0165,160,第二十一章 人与环境,生态工程,选择性必修2 生物与环境,第4章 人与环境 第3节 生态工程,第二十一章 人与环境 / 生态工程
BIOLOGY,0166,161,第五部分 生物技术与工程,第二十二章 发酵工程 / 第1节 传统发酵技术,选择性必修3 生物技术与工程,第1章 发酵工程 第1节 传统发酵技术的应用,第五部分 生物技术与工程 / 第二十二章 发酵工程 / 第1节 传统发酵技术 / 知识清单
BIOLOGY,0167,162,第五部分 生物技术与工程,第二十二章 发酵工程 / 第1节 传统发酵技术,选择性必修3 生物技术与工程,第1章 发酵工程,第五部分 生物技术与工程 / 第二十二章 发酵工程 / 第1节 传统发酵技术 / 考法清单
BIOLOGY,0168,163,第五部分 生物技术与工程,第二十二章 发酵工程 / 第2节 微生物的培养技术与应用,选择性必修3 生物技术与工程,第1章 发酵工程 第2节 微生物的培养与应用,第五部分 生物技术与工程 / 第二十二章 发酵工程 / 第2节 微生物的培养技术与应用 / 知识清单
BIOLOGY,0169,164,第五部分 生物技术与工程,第二十二章 发酵工程 / 第2节 微生物的培养技术与应用,选择性必修3 生物技术与工程,第1章 发酵工程 第2节 微生物的培养与应用,第五部分 生物技术与工程 / 第二十二章 发酵工程 / 第2节 微生物的培养技术与应用 / 知识清单
BIOLOGY,0170,165,第五部分 生物技术与工程,第二十二章 发酵工程 / 第2节 微生物的培养技术与应用,选择性必修3 生物技术与工程,第1章 发酵工程 第2节 微生物的培养与应用,第五部分 生物技术与工程 / 第二十二章 发酵工程 / 第2节 微生物的培养技术与应用 / 知识清单
BIOLOGY,0171,166,第五部分 生物技术与工程,第二十二章 发酵工程 / 第2节 微生物的培养技术与应用,选择性必修3 生物技术与工程,第1章 发酵工程,第五部分 生物技术与工程 / 第二十二章 发酵工程 / 第2节 微生物的培养技术与应用 / 考法清单
BIOLOGY,0172,167,第五部分 生物技术与工程,第二十二章 发酵工程 / 第3节 发酵工程及其应用,选择性必修3 生物技术与工程,第1章 发酵工程 第3节 发酵工程及其应用,第五部分 生物技术与工程 / 第二十二章 发酵工程 / 第3节 发酵工程及其应用 / 知识清单 + 考教衔接
BIOLOGY,0173,168,第二十三章 细胞工程,第1节 植物细胞工程 / 知识清单,选择性必修3 生物技术与工程,第二章 细胞工程,第二十三章 细胞工程 / 第1节 植物细胞工程 / 知识清单
BIOLOGY,0174,169,第二十三章 细胞工程,第1节 植物细胞工程 / 知识清单（续）+ 即练即清 + 考法清单 考法1,选择性必修3 生物技术与工程,第二章 细胞工程,第二十三章 细胞工程 / 第1节 植物细胞工程 / 知识清单（续）+ 即练即清 + 考法清单 考法1
BIOLOGY,0175,170,第二十三章 细胞工程,第1节 植物细胞工程 / 考法清单 考法1（典例与变式）+ 考法2,选择性必修3 生物技术与工程,第二章 细胞工程,第二十三章 细胞工程 / 第1节 植物细胞工程 / 考法清单 考法1（典例与变式）+ 考法2
BIOLOGY,0176,171,第二十三章 细胞工程,第1节（变式2）+ 第2节 动物细胞工程 / 知识清单 一 动物细胞培养,选择性必修3 生物技术与工程,第二章 细胞工程,第二十三章 细胞工程 / 第1节（变式2）+ 第2节 动物细胞工程 / 知识清单 一 动物细胞培养
BIOLOGY,0177,172,第二十三章 细胞工程,第2节 动物细胞工程 / 知识清单 一（续表）+ 二 动物细胞融合技术与单克隆抗体,选择性必修3 生物技术与工程,第二章 细胞工程,第二十三章 细胞工程 / 第2节 动物细胞工程 / 知识清单 一（续表）+ 二 动物细胞融合技术与单克隆抗体
BIOLOGY,0178,173,第二十三章 细胞工程,第2节 动物细胞工程 / 知识清单 三 动物体细胞核移植技术和克隆动物 + 考教衔接 + 即练即清,选择性必修3 生物技术与工程,第二章 细胞工程,第二十三章 细胞工程 / 第2节 动物细胞工程 / 知识清单 三 动物体细胞核移植技术和克隆动物 + 考教衔接 + 即练即清
BIOLOGY,0179,174,第二十三章 细胞工程,第2节 动物细胞工程 / 考法清单（单克隆抗体制备过程的相关分析）,选择性必修3 生物技术与工程,第二章 细胞工程,第二十三章 细胞工程 / 第2节 动物细胞工程 / 考法清单（单克隆抗体制备过程的相关分析）
BIOLOGY,0180,175,第二十三章 细胞工程,第3节 胚胎工程 / 知识清单 一 胚胎工程的理论基础、二 胚胎工程的技术及其应用,选择性必修3 生物技术与工程,第二章 细胞工程,第二十三章 细胞工程 / 第3节 胚胎工程 / 知识清单 一 胚胎工程的理论基础、二 胚胎工程的技术及其应用
BIOLOGY,0181,176,第二十三章 细胞工程,第3节 胚胎工程 / 知识清单 二（续表：胚胎移植、胚胎分割）+ 即练即清,选择性必修3 生物技术与工程,第二章 细胞工程,第二十三章 细胞工程 / 第3节 胚胎工程 / 知识清单 二（续表：胚胎移植、胚胎分割）+ 即练即清
BIOLOGY,0182,177,第二十四章 基因工程,第1节 重组DNA技术的基本工具及DNA的粗提取与鉴定 / 知识清单 一 重组DNA技术的基本工具,选择性必修3 生物技术与工程,第三章 基因工程,第二十四章 基因工程 / 第1节 重组DNA技术的基本工具及DNA的粗提取与鉴定 / 知识清单 一 重组DNA技术的基本工具
BIOLOGY,0183,178,第二十四章 基因工程,第1节 / 知识清单 一（续）+ 二 DNA 的粗提取与鉴定,选择性必修3 生物技术与工程,第三章 基因工程,第二十四章 基因工程 / 第1节 / 知识清单 一（续）+ 二 DNA 的粗提取与鉴定
BIOLOGY,0184,179,第二十四章 基因工程,第1节（即练即清）+ 第2节 PCR 和电泳 / 知识清单 一 PCR,选择性必修3 生物技术与工程,第三章 基因工程,第二十四章 基因工程 / 第1节（即练即清）+ 第2节 PCR 和电泳 / 知识清单 一 PCR
BIOLOGY,0185,180,第二十四章 基因工程,第2节 PCR 和电泳 / 知识清单 二 琼脂糖凝胶电泳 + 即练即清,选择性必修3 生物技术与工程,第三章 基因工程,第二十四章 基因工程 / 第2节 PCR 和电泳 / 知识清单 二 琼脂糖凝胶电泳 + 即练即清
BIOLOGY,0186,181,第二十四章 基因工程,微专题 PCR 引物设计、选择及应用 / 一 PCR 引物设计及选择,选择性必修3 生物技术与工程,第三章 基因工程,第二十四章 基因工程 / 微专题 PCR 引物设计、选择及应用 / 一 PCR 引物设计及选择
BIOLOGY,0187,182,第二十四章 基因工程,微专题 PCR 引物设计、选择及应用 / 一 PCR 引物设计及选择（突破指南）,选择性必修3 生物技术与工程,第三章 基因工程,第二十四章 基因工程 / 微专题 PCR 引物设计、选择及应用 / 一 PCR 引物设计及选择（突破指南）
BIOLOGY,0188,183,第二十四章 基因工程,微专题 PCR 引物设计、选择及应用 / 二 PCR 的应用,选择性必修3 生物技术与工程,第三章 基因工程,第二十四章 基因工程 / 微专题 PCR 引物设计、选择及应用 / 二 PCR 的应用
BIOLOGY,0189,184,第二十四章 基因工程,微专题 PCR 引物设计、选择及应用 / 二 PCR 的应用（突破指南）,选择性必修3 生物技术与工程,第三章 基因工程,第二十四章 基因工程 / 微专题 PCR 引物设计、选择及应用 / 二 PCR 的应用（突破指南）
BIOLOGY,0190,185,第二十四章 基因工程,第3节 基因工程的基本操作程序 / 知识清单 一、二、三,选择性必修3 生物技术与工程,第三章 基因工程,第二十四章 基因工程 / 第3节 基因工程的基本操作程序 / 知识清单 一、二、三
BIOLOGY,0191,186,第二十四章 基因工程,第3节 基因工程的基本操作程序 / 知识清单 四 目的基因的检测与鉴定 + 考教衔接 + 即练即清,选择性必修3 生物技术与工程,第三章 基因工程,第二十四章 基因工程 / 第3节 基因工程的基本操作程序 / 知识清单 四 目的基因的检测与鉴定 + 考教衔接 + 即练即清
BIOLOGY,0192,187,第二十四章 基因工程,"微专题 限制酶的选择和转基因""受体细胞""的筛选 / 一 限制酶的选择",选择性必修3 生物技术与工程,第三章 基因工程,"第二十四章 基因工程 / 微专题 限制酶的选择和转基因""受体细胞""的筛选 / 一 限制酶的选择"
BIOLOGY,0193,188,第二十四章 基因工程,"微专题 限制酶的选择和转基因""受体细胞""的筛选 / 一 限制酶的选择（类型 2、类型 3）",选择性必修3 生物技术与工程,第三章 基因工程,"第二十四章 基因工程 / 微专题 限制酶的选择和转基因""受体细胞""的筛选 / 一 限制酶的选择（类型 2、类型 3）"
BIOLOGY,0194,189,第二十四章 基因工程,"微专题 限制酶的选择和转基因""受体细胞""的筛选 / 一（类型 4）+ 二 转基因""受体细胞""的筛选",选择性必修3 生物技术与工程,第三章 基因工程,"第二十四章 基因工程 / 微专题 限制酶的选择和转基因""受体细胞""的筛选 / 一（类型 4）+ 二 转基因""受体细胞""的筛选"
BIOLOGY,0195,190,第二十四章 基因工程,"微专题 限制酶的选择和转基因""受体细胞""的筛选 / 二 转基因""受体细胞""的筛选（突破指南）",选择性必修3 生物技术与工程,第三章 基因工程,"第二十四章 基因工程 / 微专题 限制酶的选择和转基因""受体细胞""的筛选 / 二 转基因""受体细胞""的筛选（突破指南）"
BIOLOGY,0196,191,第二十四章 基因工程,第4节 基因工程的应用和蛋白质工程 / 知识清单 一、二 + 即练即清,选择性必修3 生物技术与工程,第三章 基因工程,第二十四章 基因工程 / 第4节 基因工程的应用和蛋白质工程 / 知识清单 一、二 + 即练即清
BIOLOGY,0197,192,第二十四章 基因工程,微专题 基因编辑技术 / 一 CRISPR,选择性必修3 生物技术与工程,第三章 基因工程,第二十四章 基因工程 / 微专题 基因编辑技术 / 一 CRISPR/Cas9
BIOLOGY,0198,193,第二十四章 基因工程,微专题 基因编辑技术 / 二 Cre-LoxP,选择性必修3 生物技术与工程,第三章 基因工程,第二十四章 基因工程 / 微专题 基因编辑技术 / 二 Cre-LoxP
BIOLOGY,0199,194,第二十四章 基因工程,微专题 基因编辑技术 / 三 同源重组,选择性必修3 生物技术与工程,第三章 基因工程,第二十四章 基因工程 / 微专题 基因编辑技术 / 三 同源重组
