subject,pdf_page,content_page,book,chapter,also,note,raw
MATH,0006,2,数学必修第一册,第一章 集合与常用逻辑用语,,,必修第一册 第一章 集合与常用逻辑用语
MATH,0007,3,数学必修第一册,第一章 集合与常用逻辑用语,,,必修第一册 第一章
MATH,0008,4,数学必修第一册,第一章 集合与常用逻辑用语,,,必修第一册 第一章 集合与常用逻辑用语
MATH,0009,5,数学必修第一册,第一章 集合与常用逻辑用语,,,必修第一册 第一章 集合与常用逻辑用语
MATH,0010,6,数学必修第一册,第一章 集合与常用逻辑用语,,,必修第一册 第一章
MATH,0011,7,数学必修第一册,第二章 一元二次函数、方程和不等式,,,必修第一册 第二章 一元二次函数、方程和不等式
MATH,0012,8,数学必修第一册,第二章 一元二次函数、方程和不等式,,,必修第一册 第二章
MATH,0013,9,数学必修第一册,第二章 一元二次函数、方程和不等式,,,必修第一册 第二章
MATH,0014,10,数学必修第一册,第二章 一元二次函数、方程和不等式,,,必修第一册 第二章 一元二次函数、方程和不等式
MATH,0015,11,数学必修第一册,第二章 一元二次函数、方程和不等式,,,必修第一册 第二章
MATH,0016,12,数学必修第一册,第二章 一元二次函数、方程和不等式,,,必修第一册 第二章
MATH,0018,14,数学必修第一册,第三章 函数的概念与性质,,,必修第一册 第三章 函数的概念与性质
MATH,0019,15,数学必修第一册,第三章 函数的概念与性质,,,必修第一册 第三章
MATH,0020,16,数学必修第一册,第三章 函数的概念与性质,,,必修第一册 第三章 函数的概念与性质
MATH,0021,17,数学必修第一册,第三章 函数的概念与性质,,,必修第一册 第三章
MATH,0022,18,数学必修第一册,第三章 函数的概念与性质,,,必修第一册 第三章
MATH,0023,19,数学必修第一册,第三章 函数的概念与性质,,,必修第一册 第三章
MATH,0024,20,数学必修第一册,第三章 函数的概念与性质,,,必修第一册 第三章
MATH,0025,21,数学必修第一册,第三章 函数的概念与性质,,,必修第一册 第三章
MATH,0026,22,数学必修第一册,第三章 函数的概念与性质,,,必修第一册 第三章
MATH,0027,23,数学必修第一册,第三章 函数的概念与性质,,,必修第一册 第三章（幂函数）；二次函数为初中延伸内容
MATH,0028,24,数学必修第一册,第三章 函数的概念与性质,,,必修第一册 第三章（初中延伸）
MATH,0029,25,数学必修第一册,第三章 函数的概念与性质,,,必修第一册 第三章
MATH,0030,26,数学必修第一册,第四章 指数函数与对数函数,,,必修第一册 第四章 指数函数与对数函数
MATH,0031,27,数学必修第一册,第四章 指数函数与对数函数,,,必修第一册 第四章
MATH,0032,28,数学必修第一册,第四章 指数函数与对数函数,,,必修第一册 第四章
MATH,0033,29,数学必修第一册,第四章 指数函数与对数函数,,,必修第一册 第四章
MATH,0034,30,数学必修第一册,第三章 函数的概念与性质,,,必修第一册 第三章（函数图象变换）
MATH,0035,31,数学必修第一册,第三章 函数的概念与性质,,,必修第一册 第三章
MATH,0036,32,数学必修第一册,第四章 指数函数与对数函数,,,必修第一册 第四章 指数函数与对数函数
MATH,0037,33,数学必修第一册,第四章 指数函数与对数函数,,,必修第一册 第四章
MATH,0038,34,数学必修第一册,第四章 指数函数与对数函数,,,必修第一册 第四章（函数模型及其应用）
MATH,0039,35,数学必修第一册,第四章 指数函数与对数函数,,,必修第一册 第四章
MATH,0041,37,数学选择性必修第二册,第五章 一元函数的导数及其应用,,,选择性必修第二册 第五章 一元函数的导数及其应用
MATH,0042,38,数学选择性必修第二册,第五章 一元函数的导数及其应用,,,选择性必修第二册 第五章
MATH,0043,39,数学选择性必修第二册,第五章 一元函数的导数及其应用,,,选择性必修第二册 第五章
MATH,0044,40,数学选择性必修第二册,第五章 一元函数的导数及其应用,,,选择性必修第二册 第五章
MATH,0045,41,数学选择性必修第二册,第五章 一元函数的导数及其应用,,,选择性必修第二册 第五章
MATH,0046,42,数学选择性必修第二册,第五章 一元函数的导数及其应用,,,选择性必修第二册 第五章
MATH,0047,43,数学选择性必修第二册,第五章 一元函数的导数及其应用,,,选择性必修第二册 第五章
MATH,0048,44,数学选择性必修第二册,第五章 一元函数的导数及其应用,,,选择性必修第二册 第五章
MATH,0049,45,数学选择性必修第二册,第五章 一元函数的导数及其应用,,,选择性必修第二册 第五章
MATH,0050,46,数学选择性必修第二册,第五章 一元函数的导数及其应用,,,选择性必修第二册 第五章
MATH,0051,47,数学选择性必修第二册,第五章 一元函数的导数及其应用,,,选择性必修第二册 第五章（专题拓展）
MATH,0052,48,数学选择性必修第二册,第五章 一元函数的导数及其应用,,,选择性必修第二册 第五章（专题拓展）
MATH,0053,49,数学选择性必修第二册,第五章 一元函数的导数及其应用,,,选择性必修第二册 第五章（专题拓展）
MATH,0054,50,数学选择性必修第二册,第五章 一元函数的导数及其应用,,,选择性必修第二册 第五章（专题拓展）
MATH,0055,51,数学选择性必修第二册,第五章 一元函数的导数及其应用,,,选择性必修第二册 第五章（专题拓展）
MATH,0056,52,数学选择性必修第二册,第五章 一元函数的导数及其应用,,,选择性必修第二册 第五章（专题拓展）
MATH,0057,53,数学选择性必修第二册,第五章 一元函数的导数及其应用,,,选择性必修第二册 第五章（专题拓展）
MATH,0059,55,数学必修第一册,第五章 三角函数,,,必修第一册 第五章 三角函数
MATH,0060,56,数学必修第一册,第五章 三角函数,,,必修第一册 第五章
MATH,0061,57,数学必修第一册,第五章 三角函数,,,必修第一册 第五章 三角函数
MATH,0062,58,数学必修第一册,第五章 三角函数,,,必修第一册 第五章
MATH,0063,59,数学必修第一册,第五章 三角函数,,,必修第一册 第五章 三角函数
MATH,0064,60,数学必修第一册,第五章 三角函数,,,必修第一册 第五章
MATH,0065,61,数学必修第一册,第五章 三角函数,,,必修第一册 第五章
MATH,0066,62,数学必修第一册,第五章 三角函数,,,必修第一册 第五章
MATH,0067,63,数学必修第一册,第五章 三角函数,,,必修第一册 第五章（专题拓展）
MATH,0068,64,数学必修第一册,第五章 三角函数,,,必修第一册 第五章（专题拓展）
MATH,0069,65,数学必修第二册,第六章 平面向量,,,必修第二册 第六章 平面向量及其应用（正弦定理、余弦定理）
MATH,0070,66,数学必修第二册,第六章 平面向量,,,必修第二册 第六章
MATH,0071,67,数学必修第二册,第六章 平面向量,,,必修第二册 第六章
MATH,0072,68,数学必修第二册,第六章 平面向量,,,必修第二册 第六章
MATH,0073,69,数学必修第二册,第六章 平面向量,,,必修第二册 第六章（专题拓展）
MATH,0074,70,数学必修第二册,第六章 平面向量,,,必修第二册 第六章（专题拓展）
MATH,0076,72,数学必修第二册,第六章 平面向量,,,必修第二册 第六章 平面向量及其应用
MATH,0077,73,数学必修第二册,第六章 平面向量,,,必修第二册 第六章
MATH,0078,74,数学必修第二册,第六章 平面向量,,,必修第二册 第六章
MATH,0079,75,数学必修第二册,第六章 平面向量,,,必修第二册 第六章 平面向量及其应用
MATH,0080,76,数学必修第二册,第六章 平面向量,,,必修第二册 第六章
MATH,0081,77,数学必修第二册,第七章 复数,,,必修第二册 第七章 复数
MATH,0082,78,数学必修第二册,第七章 复数,,,必修第二册 第七章
MATH,0084,80,数学选择性必修第二册,第四章 数列,,,选择性必修第二册 第四章 数列
MATH,0085,81,数学选择性必修第二册,第四章 数列,,,选择性必修第二册 第四章
MATH,0086,82,数学选择性必修第二册,第四章 数列,,,选择性必修第二册 第四章
MATH,0087,83,数学选择性必修第二册,第四章 数列,,,选择性必修第二册 第四章 数列
MATH,0088,84,数学选择性必修第二册,第四章 数列,,,选择性必修第二册 第四章
MATH,0089,85,数学选择性必修第二册,第四章 数列,,,选择性必修第二册 第四章
MATH,0090,86,数学选择性必修第二册,第四章 数列,,,选择性必修第二册 第四章 数列
MATH,0091,87,数学选择性必修第二册,第四章 数列,,,选择性必修第二册 第四章
MATH,0092,88,数学选择性必修第二册,第四章 数列,,,选择性必修第二册 第四章
MATH,0093,89,数学选择性必修第二册,第四章 数列,,,选择性必修第二册 第四章
MATH,0094,90,数学选择性必修第二册,第四章 数列,,,选择性必修第二册 第四章
MATH,0095,91,数学选择性必修第二册,第四章 数列,,,选择性必修第二册 第四章
MATH,0096,92,数学选择性必修第二册,第四章 数列,,,选择性必修第二册 第四章（专题拓展）
MATH,0097,93,数学选择性必修第二册,第四章 数列,,,选择性必修第二册 第四章（专题拓展）
MATH,0099,95,数学必修第二册,第八章 立体几何初步,,,必修第二册 第八章 立体几何初步
MATH,0100,96,数学必修第二册,第八章 立体几何初步,,,必修第二册 第八章
MATH,0101,97,数学必修第二册,第八章 立体几何初步,,,必修第二册 第八章
MATH,0102,98,数学必修第二册,第八章 立体几何初步,,,必修第二册 第八章（专题拓展）
MATH,0103,99,数学必修第二册,第八章 立体几何初步,,,必修第二册 第八章（专题拓展）
MATH,0104,100,数学必修第二册,第八章 立体几何初步,,,必修第二册 第八章 立体几何初步
MATH,0105,101,数学必修第二册,第八章 立体几何初步,,,必修第二册 第八章
MATH,0106,102,数学必修第二册,第八章 立体几何初步,,,必修第二册 第八章 立体几何初步
MATH,0107,103,数学必修第二册,第八章 立体几何初步,,,必修第二册 第八章
MATH,0108,104,数学必修第二册,第八章 立体几何初步,,,必修第二册 第八章 立体几何初步
MATH,0109,105,数学必修第二册,第八章 立体几何初步,,,必修第二册 第八章 立体几何初步
MATH,0110,106,数学必修第二册,第八章 立体几何初步,,,必修第二册 第八章 立体几何初步
MATH,0111,107,数学必修第二册,第八章 立体几何初步,,,必修第二册 第八章 立体几何初步
MATH,0112,108,数学必修第二册,第八章 立体几何初步,,,必修第二册 第八章 立体几何初步
MATH,0113,109,数学选择性必修第一册,第一章 空间向量与立体几何,,,选择性必修第一册 第一章 空间向量与立体几何
MATH,0114,110,数学选择性必修第一册,第一章 空间向量与立体几何,,,选择性必修第一册 第一章 空间向量与立体几何
MATH,0115,111,数学选择性必修第一册,第一章 空间向量与立体几何,,,选择性必修第一册 第一章 空间向量与立体几何
MATH,0116,112,数学选择性必修第一册,第一章 空间向量与立体几何,,,选择性必修第一册 第一章 空间向量与立体几何
MATH,0117,113,数学选择性必修第一册,第一章 空间向量与立体几何,,,选择性必修第一册 第一章 空间向量与立体几何
MATH,0118,114,数学必修第二册,第八章 立体几何初步,数学选择性必修第一册 第一章 空间向量与立体几何,,必修第二册 第八章 立体几何初步 / 选择性必修第一册 第一章
MATH,0119,115,数学必修第二册,第八章 立体几何初步,数学选择性必修第一册 第一章 空间向量与立体几何,,必修第二册 第八章 立体几何初步 / 选择性必修第一册 第一章
MATH,0120,116,数学必修第二册,第八章 立体几何初步,数学选择性必修第一册 第一章 空间向量与立体几何,,必修第二册 第八章 立体几何初步 / 选择性必修第一册 第一章
MATH,0122,118,数学选择性必修第一册,第二章 直线和圆的方程,,,选择性必修第一册 第二章 直线和圆的方程
MATH,0123,119,数学选择性必修第一册,第二章 直线和圆的方程,,,选择性必修第一册 第二章 直线和圆的方程
MATH,0124,120,数学选择性必修第一册,第二章 直线和圆的方程,,,选择性必修第一册 第二章 直线和圆的方程
MATH,0125,121,数学选择性必修第一册,第二章 直线和圆的方程,,,选择性必修第一册 第二章 直线和圆的方程
MATH,0126,122,数学选择性必修第一册,第二章 直线和圆的方程,,,选择性必修第一册 第二章 直线和圆的方程
MATH,0127,123,数学选择性必修第一册,第三章 圆锥曲线的方程,,,选择性必修第一册 第三章 圆锥曲线的方程
MATH,0128,124,数学选择性必修第一册,第三章 圆锥曲线的方程,,,选择性必修第一册 第三章 圆锥曲线的方程
MATH,0129,125,数学选择性必修第一册,第三章 圆锥曲线的方程,,,选择性必修第一册 第三章 圆锥曲线的方程
MATH,0130,126,数学选择性必修第一册,第三章 圆锥曲线的方程,,,选择性必修第一册 第三章 圆锥曲线的方程
MATH,0131,127,数学选择性必修第一册,第三章 圆锥曲线的方程,,,选择性必修第一册 第三章 圆锥曲线的方程
MATH,0132,128,数学选择性必修第一册,第三章 圆锥曲线的方程,,,选择性必修第一册 第三章 圆锥曲线的方程
MATH,0133,129,数学选择性必修第一册,第三章 圆锥曲线的方程,,,选择性必修第一册 第三章 圆锥曲线的方程
MATH,0134,130,数学选择性必修第一册,第三章 圆锥曲线的方程,,,选择性必修第一册 第三章 圆锥曲线的方程
MATH,0135,131,数学选择性必修第一册,第三章 圆锥曲线的方程,,,选择性必修第一册 第三章 圆锥曲线的方程
MATH,0136,132,数学选择性必修第一册,第三章 圆锥曲线的方程,,,选择性必修第一册 第三章 圆锥曲线的方程
MATH,0137,133,数学选择性必修第一册,第三章 圆锥曲线的方程,,,选择性必修第一册 第三章 圆锥曲线的方程
MATH,0138,134,数学选择性必修第一册,第三章 圆锥曲线的方程,,,选择性必修第一册 第三章 圆锥曲线的方程
MATH,0139,135,数学选择性必修第一册,第三章 圆锥曲线的方程,,,选择性必修第一册 第三章 圆锥曲线的方程
MATH,0140,136,数学选择性必修第一册,第三章 圆锥曲线的方程,,,选择性必修第一册 第三章 圆锥曲线的方程
MATH,0141,137,数学选择性必修第一册,第三章 圆锥曲线的方程,,,选择性必修第一册 第三章 圆锥曲线的方程
MATH,0142,138,数学选择性必修第一册,第三章 圆锥曲线的方程,,,选择性必修第一册 第三章 圆锥曲线的方程
MATH,0143,139,数学选择性必修第一册,第三章 圆锥曲线的方程,,,选择性必修第一册 第三章 圆锥曲线的方程
MATH,0144,140,数学选择性必修第三册,第六章 计数原理,,,选择性必修第三册 第六章 计数原理
MATH,0146,141,数学选择性必修第三册,第六章 计数原理,,,选择性必修第三册 第六章 计数原理
MATH,0147,142,数学选择性必修第三册,第六章 计数原理,,,选择性必修第三册 第六章 计数原理
MATH,0148,143,数学选择性必修第三册,第六章 计数原理,,,选择性必修第三册 第六章 计数原理
MATH,0149,144,数学选择性必修第三册,第六章 计数原理,,,选择性必修第三册 第六章 计数原理
MATH,0150,145,数学必修第二册,第七章 复数,,,必修第二册 第十章 概率；选择性必修第三册 第七章 随机变量及其分布
MATH,0165,160,数学必修第二册,第八章 立体几何初步,,,必修第二册 第九章 统计；选择性必修第三册 第八章 成对数据的统计分析
PHYSICS,0007,1,物理必修第一册,第一章 运动的描述,,,必修第一册 第一章 运动的描述
PHYSICS,0008,2,物理必修第一册,第一章 运动的描述,,,必修第一册 第一章 运动的描述
PHYSICS,0009,3,物理必修第一册,第二章 匀变速直线运动的研究,,,必修第一册 第二章 匀变速直线运动的研究
PHYSICS,0010,4,物理必修第一册,第二章 匀变速直线运动的研究,,,必修第一册 第二章 匀变速直线运动的研究
PHYSICS,0011,5,物理必修第一册,第二章 匀变速直线运动的研究,,,必修第一册 第二章 匀变速直线运动的研究
PHYSICS,0012,6,物理必修第一册,第二章 匀变速直线运动的研究,,,必修第一册 第二章 匀变速直线运动的研究
PHYSICS,0013,7,物理必修第一册,第二章 匀变速直线运动的研究,,,必修第一册 第二章 匀变速直线运动的研究
PHYSICS,0014,8,物理必修第一册,第二章 匀变速直线运动的研究,,,必修第一册 第二章 匀变速直线运动的研究
PHYSICS,0015,9,物理必修第一册,第二章 匀变速直线运动的研究,,,必修第一册 第二章 匀变速直线运动的研究
PHYSICS,0016,10,物理必修第一册,第二章 匀变速直线运动的研究,,,必修第一册 第二章 匀变速直线运动的研究
PHYSICS,0017,11,物理必修第一册,第二章 匀变速直线运动的研究,,,必修第一册 第二章 匀变速直线运动的研究（实验：探究小车速度随时间变化的规律）
PHYSICS,0018,12,物理必修第一册,第三章 相互作用——力,,,必修第一册 第三章 相互作用——力
PHYSICS,0019,13,物理必修第一册,第三章 相互作用——力,,,必修第一册 第三章 相互作用——力
PHYSICS,0020,14,物理必修第一册,第三章 相互作用——力,,,必修第一册 第三章 相互作用——力
PHYSICS,0021,15,物理必修第一册,第三章 相互作用——力,,,必修第一册 第三章 相互作用——力
PHYSICS,0022,16,物理必修第一册,第三章 相互作用——力,,,必修第一册 第三章 相互作用——力
PHYSICS,0023,17,物理必修第一册,第三章 相互作用——力,,,必修第一册 第三章 相互作用——力
PHYSICS,0024,18,物理必修第一册,第三章 相互作用——力,,,必修第一册 第三章 相互作用——力
PHYSICS,0025,19,物理必修第一册,第三章 相互作用——力,,,必修第一册 第三章 相互作用——力
PHYSICS,0026,20,物理必修第一册,第三章 相互作用——力,,,必修第一册 第三章 相互作用——力
PHYSICS,0027,21,物理必修第一册,第三章 相互作用——力,,,必修第一册 第三章 相互作用——力（实验：探究弹簧弹力与形变量的关系）
PHYSICS,0029,22,物理必修第一册,第三章 相互作用——力,,,必修第一册 第三章 相互作用——力（实验：探究两个互成角度的力的合成规律）
PHYSICS,0030,23,物理必修第一册,第四章 运动和力的关系,,,必修第一册 第四章 运动和力的关系
PHYSICS,0031,24,物理必修第一册,第四章 运动和力的关系,,,必修第一册 第四章 运动和力的关系
PHYSICS,0032,25,物理必修第一册,第四章 运动和力的关系,,,必修第一册 第四章 运动和力的关系
PHYSICS,0033,26,物理必修第一册,第四章 运动和力的关系,,,必修第一册 第四章 运动和力的关系
PHYSICS,0034,27,物理必修第一册,第四章 运动和力的关系,,,必修第一册 第四章 运动和力的关系
PHYSICS,0035,28,物理必修第一册,第四章 运动和力的关系,,,必修第一册 第四章 运动和力的关系
PHYSICS,0036,29,物理必修第一册,第四章 运动和力的关系,,,必修第一册 第四章 运动和力的关系
PHYSICS,0037,30,物理必修第一册,第四章 运动和力的关系,,,必修第一册 第四章 运动和力的关系
PHYSICS,0038,31,物理必修第一册,第四章 运动和力的关系,,,必修第一册 第四章 运动和力的关系
PHYSICS,0039,32,物理必修第一册,第四章 运动和力的关系,,,必修第一册 第四章 运动和力的关系
PHYSICS,0040,33,物理必修第一册,第四章 运动和力的关系,,,必修第一册 第四章 运动和力的关系
PHYSICS,0041,34,物理必修第一册,第四章 运动和力的关系,,,必修第一册 第四章 运动和力的关系
PHYSICS,0042,35,物理必修第一册,第四章 运动和力的关系,,,必修第一册 第四章 运动和力的关系（实验：探究加速度与力、质量的关系）
PHYSICS,0043,36,物理必修第二册,第五章 抛体运动,,,必修第二册 第五章 抛体运动
PHYSICS,0044,37,物理必修第二册,第五章 抛体运动,,,必修第二册 第五章 抛体运动
PHYSICS,0045,38,物理必修第二册,第五章 抛体运动,,,必修第二册 第五章 抛体运动
PHYSICS,0046,39,物理必修第二册,第五章 抛体运动,,,必修第二册 第五章 抛体运动
PHYSICS,0047,40,物理必修第二册,第五章 抛体运动,,,必修第二册 第五章 抛体运动
PHYSICS,0048,41,物理必修第二册,第五章 抛体运动,,,必修第二册 第五章 抛体运动
PHYSICS,0049,42,物理必修第二册,第五章 抛体运动,,,必修第二册 第五章 抛体运动
PHYSICS,0050,43,物理必修第二册,第五章 抛体运动,,,必修第二册 第五章 抛体运动
PHYSICS,0051,44,物理必修第二册,第六章 圆周运动,,,必修第二册 第六章 圆周运动
PHYSICS,0052,45,物理必修第二册,第六章 圆周运动,,,必修第二册 第六章 圆周运动
PHYSICS,0053,46,物理必修第二册,第六章 圆周运动,,,必修第二册 第六章 圆周运动
PHYSICS,0054,47,物理必修第二册,第六章 圆周运动,,,必修第二册 第六章 圆周运动
PHYSICS,0055,48,物理必修第二册,第六章 圆周运动,,,必修第二册 第六章 圆周运动
PHYSICS,0056,49,物理必修第二册,第五章 抛体运动,,,必修第二册 第五章 抛体运动（实验：探究平抛运动的特点）
PHYSICS,0057,50,物理必修第二册,第六章 圆周运动,,,必修第二册 第六章 圆周运动（实验：探究向心力大小的表达式）
PHYSICS,0058,51,物理必修第二册,第七章 万有引力与宇宙航行,,,必修第二册 第七章 万有引力与宇宙航行
PHYSICS,0059,52,物理必修第二册,第七章 万有引力与宇宙航行,,,必修第二册 第七章 万有引力与宇宙航行
PHYSICS,0060,53,物理必修第二册,第七章 万有引力与宇宙航行,,,必修第二册 第七章 万有引力与宇宙航行
PHYSICS,0061,54,物理必修第二册,第七章 万有引力与宇宙航行,,,必修第二册 第七章 万有引力与宇宙航行
PHYSICS,0062,55,物理必修第二册,第七章 万有引力与宇宙航行,物理必修第二册 第八章 机械能守恒定律,,必修第二册 第七章 万有引力与宇宙航行 / 必修第二册 第八章（相对论时空观）
PHYSICS,0063,56,物理必修第二册,第七章 万有引力与宇宙航行,,,必修第二册 第七章 万有引力与宇宙航行
PHYSICS,0064,57,物理必修第二册,第七章 万有引力与宇宙航行,,,必修第二册 第七章 万有引力与宇宙航行
PHYSICS,0065,58,物理必修第二册,第八章 机械能守恒定律,,,必修第二册 第八章 机械能守恒定律
PHYSICS,0066,59,物理必修第二册,第八章 机械能守恒定律,,,必修第二册 第八章 机械能守恒定律
PHYSICS,0067,60,物理必修第二册,第八章 机械能守恒定律,,,必修第二册 第八章 机械能守恒定律
PHYSICS,0068,61,物理必修第二册,第八章 机械能守恒定律,,,必修第二册 第八章 机械能守恒定律
PHYSICS,0069,62,物理必修第二册,第八章 机械能守恒定律,,,必修第二册 第八章 机械能守恒定律
PHYSICS,0070,63,物理必修第二册,第八章 机械能守恒定律,,,必修第二册 第八章 机械能守恒定律
PHYSICS,0071,64,物理必修第二册,第八章 机械能守恒定律,,,必修第二册 第八章 机械能守恒定律
PHYSICS,0072,65,物理必修第二册,第八章 机械能守恒定律,,,必修第二册 第八章 机械能守恒定律
PHYSICS,0073,66,物理必修第二册,第八章 机械能守恒定律,,,必修第二册 第八章 机械能守恒定律
PHYSICS,0074,67,物理必修第二册,第八章 机械能守恒定律,,,必修第二册 第八章 机械能守恒定律
PHYSICS,0075,68,物理必修第二册,第八章 机械能守恒定律,,,必修第二册 第八章 机械能守恒定律
PHYSICS,0076,69,物理必修第二册,第八章 机械能守恒定律,,,必修第二册 第八章 机械能守恒定律（实验：验证机械能守恒定律）
PHYSICS,0077,70,物理选择性必修第一册,第一章 动量守恒定律,,,选择性必修第一册 第一章 动量守恒定律
PHYSICS,0078,71,物理选择性必修第一册,第一章 动量守恒定律,,,选择性必修第一册 第一章 动量守恒定律
PHYSICS,0079,72,物理选择性必修第一册,第一章 动量守恒定律,,,选择性必修第一册 第一章 动量守恒定律
PHYSICS,0080,73,物理选择性必修第一册,第一章 动量守恒定律,,,选择性必修第一册 第一章 动量守恒定律
PHYSICS,0081,74,物理选择性必修第一册,第一章 动量守恒定律,,,选择性必修第一册 第一章 动量守恒定律
PHYSICS,0082,75,物理选择性必修第一册,第一章 动量守恒定律,,,选择性必修第一册 第一章 动量守恒定律
PHYSICS,0083,76,物理选择性必修第一册,第一章 动量守恒定律,,,选择性必修第一册 第一章 动量守恒定律
PHYSICS,0084,77,物理选择性必修第一册,第一章 动量守恒定律,,,选择性必修第一册 第一章 动量守恒定律
PHYSICS,0085,78,物理选择性必修第一册,第一章 动量守恒定律,,,选择性必修第一册 第一章 动量守恒定律
PHYSICS,0086,79,物理选择性必修第一册,第一章 动量守恒定律,,,选择性必修第一册 第一章 动量守恒定律
PHYSICS,0087,80,物理选择性必修第一册,第一章 动量守恒定律,,,选择性必修第一册 第一章 动量守恒定律
PHYSICS,0088,81,物理选择性必修第一册,第一章 动量守恒定律,,,选择性必修第一册 第一章 动量守恒定律（实验：验证动量守恒定律）
PHYSICS,0089,82,物理选择性必修第一册,第二章 机械振动,,,选择性必修第一册 第二章 机械振动
PHYSICS,0090,83,物理选择性必修第一册,第二章 机械振动,,,选择性必修第一册 第二章 机械振动
PHYSICS,0091,84,物理选择性必修第一册,第二章 机械振动,,,选择性必修第一册 第二章 机械振动
PHYSICS,0096,89,物理选择性必修第一册,第二章 机械振动,,,选择性必修第一册 第二章 机械振动
PHYSICS,0097,90,物理选择性必修第一册,第二章 机械振动,,,选择性必修第一册 第二章 机械振动
PHYSICS,0098,91,物理选择性必修第一册,第二章 机械振动,,,选择性必修第一册 第二章 机械振动（实验：用单摆测量重力加速度）
PHYSICS,0099,92,物理必修第三册,第九章 静电场及其应用,,,必修第三册 第九章 静电场及其应用
PHYSICS,0100,93,物理必修第三册,第九章 静电场及其应用,,,必修第三册 第九章 静电场及其应用
PHYSICS,0101,94,物理必修第三册,第九章 静电场及其应用,,,必修第三册 第九章 静电场及其应用
PHYSICS,0102,95,物理必修第三册,第九章 静电场及其应用,,,必修第三册 第九章 静电场及其应用
PHYSICS,0103,96,物理必修第三册,第九章 静电场及其应用,,,必修第三册 第九章 静电场及其应用
PHYSICS,0117,110,物理必修第三册,第十一章 电路及其应用,,,必修第三册 第十一章 电路及其应用
PHYSICS,0118,111,物理必修第三册,第十一章 电路及其应用,,,必修第三册 第十一章 电路及其应用
PHYSICS,0119,112,物理必修第三册,第十一章 电路及其应用,,,必修第三册 第十一章 电路及其应用
PHYSICS,0120,113,物理必修第三册,第十二章 电能 能量守恒定律,,,必修第三册 第十二章 电能 能量守恒定律
PHYSICS,0121,114,物理必修第三册,第十二章 电能 能量守恒定律,,,必修第三册 第十二章 电能 能量守恒定律
PHYSICS,0122,115,物理必修第三册,第十二章 电能 能量守恒定律,,,必修第三册 第十二章 电能 能量守恒定律
PHYSICS,0123,116,物理必修第三册,第十二章 电能 能量守恒定律,,,必修第三册 第十二章 电能 能量守恒定律
PHYSICS,0124,117,物理必修第三册,第十一章 电路及其应用,,,必修第三册 第十一章 电路及其应用（实验基础）
PHYSICS,0125,118,物理必修第三册,第十一章 电路及其应用,,,必修第三册 第十一章 电路及其应用
PHYSICS,0126,119,物理必修第三册,第十一章 电路及其应用,,,必修第三册 第十一章 电路及其应用
PHYSICS,0127,120,物理必修第三册,第十一章 电路及其应用,,,必修第三册 第十一章 电路及其应用
PHYSICS,0128,121,物理必修第三册,第十二章 电能 能量守恒定律,,,必修第三册 第十二章 电能 能量守恒定律
PHYSICS,0129,122,物理必修第三册,第十二章 电能 能量守恒定律,,,必修第三册 第十二章 电能 能量守恒定律
PHYSICS,0130,123,物理必修第三册,第十一章 电路及其应用,,,必修第三册 第十一章 电路及其应用（实验：练习使用多用电表）
PHYSICS,0131,124,物理必修第三册,第十三章 电磁感应与电磁波初步,,,必修第三册 第十三章 电磁感应与电磁波初步
PHYSICS,0150,143,物理选择性必修第二册,第二章 电磁感应,,,选择性必修第二册 第二章 电磁感应
PHYSICS,0151,144,物理选择性必修第二册,第二章 电磁感应,,,选择性必修第二册 第二章 电磁感应
PHYSICS,0152,145,物理选择性必修第二册,第二章 电磁感应,,,选择性必修第二册 第二章 电磁感应
PHYSICS,0153,146,物理选择性必修第二册,第二章 电磁感应,,,选择性必修第二册 第二章 电磁感应
PHYSICS,0154,147,物理选择性必修第二册,第二章 电磁感应,,,选择性必修第二册 第二章 电磁感应
PHYSICS,0155,148,物理选择性必修第二册,第二章 电磁感应,,,选择性必修第二册 第二章 电磁感应
PHYSICS,0156,149,物理选择性必修第二册,第二章 电磁感应,,,选择性必修第二册 第二章 电磁感应
PHYSICS,0157,150,物理选择性必修第二册,第二章 电磁感应,,,选择性必修第二册 第二章 电磁感应
PHYSICS,0158,151,物理选择性必修第二册,第二章 电磁感应,,,选择性必修第二册 第二章 电磁感应
PHYSICS,0159,152,物理选择性必修第二册,第二章 电磁感应,,,选择性必修第二册 第二章 电磁感应
PHYSICS,0160,153,物理选择性必修第二册,第二章 电磁感应,,,选择性必修第二册 第二章 电磁感应
PHYSICS,0161,154,物理选择性必修第二册,第二章 电磁感应,,,选择性必修第二册 第二章 电磁感应
PHYSICS,0162,155,物理选择性必修第二册,第二章 电磁感应,,,选择性必修第二册 第二章 电磁感应
PHYSICS,0163,156,物理选择性必修第二册,第二章 电磁感应,,,选择性必修第二册 第二章 电磁感应
PHYSICS,0164,157,物理选择性必修第二册,第二章 电磁感应,,,选择性必修第二册 第二章 电磁感应
PHYSICS,0165,158,物理选择性必修第二册,第二章 电磁感应,,,选择性必修第二册 第二章 电磁感应
PHYSICS,0166,159,物理选择性必修第二册,第三章 交变电流,,,选择性必修第二册 第三章 交变电流
PHYSICS,0167,160,物理选择性必修第二册,第三章 交变电流,,,选择性必修第二册 第三章 交变电流
PHYSICS,0168,161,物理选择性必修第二册,第三章 交变电流,,,选择性必修第二册 第三章 交变电流
PHYSICS,0169,162,物理选择性必修第二册,第三章 交变电流,,,选择性必修第二册 第三章 交变电流
PHYSICS,0170,163,物理选择性必修第二册,第三章 交变电流,,,选择性必修第二册 第三章 交变电流
PHYSICS,0171,164,物理选择性必修第二册,第三章 交变电流,,,选择性必修第二册 第三章 交变电流
PHYSICS,0173,166,物理选择性必修第一册,第四章 光,,,选择性必修第一册 第四章 光
PHYSICS,0174,167,物理选择性必修第一册,第四章 光,,,选择性必修第一册 第四章 光
PHYSICS,0175,168,物理选择性必修第一册,第四章 光,,,选择性必修第一册 第四章 光
PHYSICS,0176,169,物理选择性必修第一册,第四章 光,,,选择性必修第一册 第四章 光
PHYSICS,0177,170,物理选择性必修第一册,第四章 光,,,选择性必修第一册 第四章 光（实验：测量玻璃的折射率）
PHYSICS,0178,171,物理选择性必修第一册,第四章 光,,,选择性必修第一册 第四章 光（实验：用双缝干涉测量光的波长）
PHYSICS,0179,172,物理选择性必修第三册,第一章 分子动理论,,,选择性必修第三册 第一章 分子动理论
PHYSICS,0180,173,物理选择性必修第三册,第一章 分子动理论,,,选择性必修第三册 第一章 分子动理论
PHYSICS,0181,174,物理选择性必修第三册,第二章 气体、固体和液体,,,选择性必修第三册 第二章 气体、固体和液体
PHYSICS,0182,175,物理选择性必修第三册,第二章 气体、固体和液体,,,选择性必修第三册 第二章 气体、固体和液体
PHYSICS,0183,176,物理选择性必修第三册,第二章 气体、固体和液体,,,选择性必修第三册 第二章 气体、固体和液体
PHYSICS,0184,177,物理选择性必修第三册,第二章 气体、固体和液体,,,选择性必修第三册 第二章 气体、固体和液体
PHYSICS,0185,178,物理选择性必修第三册,第二章 气体、固体和液体,,,选择性必修第三册 第二章 气体、固体和液体
PHYSICS,0186,179,物理选择性必修第三册,第二章 气体、固体和液体,,,选择性必修第三册 第二章 气体、固体和液体
PHYSICS,0187,180,物理选择性必修第三册,第二章 气体、固体和液体,,,选择性必修第三册 第二章 气体、固体和液体
PHYSICS,0188,181,物理选择性必修第三册,第二章 气体、固体和液体,,,选择性必修第三册 第二章 气体、固体和液体
PHYSICS,0189,182,物理选择性必修第三册,第二章 气体、固体和液体,,,选择性必修第三册 第二章 气体、固体和液体（气体实验定律在变质量问题中的应用）
PHYSICS,0190,183,物理选择性必修第三册,第三章 热力学定律,,,选择性必修第三册 第三章 热力学定律
PHYSICS,0191,184,物理选择性必修第三册,第三章 热力学定律,,,选择性必修第三册 第三章 热力学定律
PHYSICS,0192,185,物理选择性必修第三册,第一章 分子动理论,物理选择性必修第三册 第二章 气体、固体和液体,,选择性必修第三册 第一章、 第二章（实验）
PHYSICS,0193,186,物理选择性必修第三册,第四章 原子结构和波粒二象性,,,选择性必修第三册 第四章 原子结构和波粒二象性
PHYSICS,0194,187,物理选择性必修第三册,第四章 原子结构和波粒二象性,,,选择性必修第三册 第四章 原子结构和波粒二象性
PHYSICS,0195,188,物理选择性必修第三册,第四章 原子结构和波粒二象性,,,选择性必修第三册 第四章 原子结构和波粒二象性
PHYSICS,0196,189,物理选择性必修第三册,第四章 原子结构和波粒二象性,,,选择性必修第三册 第四章 原子结构和波粒二象性
PHYSICS,0197,190,物理选择性必修第三册,第四章 原子结构和波粒二象性,,,选择性必修第三册 第四章 原子结构和波粒二象性
PHYSICS,0198,191,物理选择性必修第三册,第五章 原子核和核反应,,,选择性必修第三册 第五章 原子核
PHYSICS,0199,192,物理选择性必修第三册,第五章 原子核和核反应,,,选择性必修第三册 第五章 原子核
CHEMISTRY,0003,1,化学必修第一册,第一章 物质及其变化,,,必修第一册 第一章 物质及其变化
CHEMISTRY,0004,2,化学必修第一册,第一章 物质及其变化,,,必修第一册 第一章 物质及其变化
CHEMISTRY,0005,3,化学必修第一册,第一章 物质及其变化,,,必修第一册 第一章 物质及其变化（跨章节综览性质）
CHEMISTRY,0006,4,化学必修第一册,第一章 物质及其变化,化学必修第二册 第八章 化学与可持续发展,,必修第一册 第一章 物质及其变化；必修第二册 第八章 化学与可持续发展
CHEMISTRY,0007,5,化学必修第二册,第八章 化学与可持续发展,化学选择性必修3 第四章 生物大分子,,必修第二册 第八章 化学与可持续发展；选择性必修3 第四章 生物大分子
CHEMISTRY,0008,6,化学必修第二册,第八章 化学与可持续发展,化学必修第一册 第四章 物质结构 元素周期律,,必修第二册 第八章 化学与可持续发展；必修第一册 第四章 物质结构 元素周期律
CHEMISTRY,0009,7,化学必修第一册,第二章 海水中的重要元素——钠和氯,,,必修第一册 第二章 海水中的重要元素——钠和氯
CHEMISTRY,0010,8,化学必修第一册,第二章 海水中的重要元素——钠和氯,,,必修第一册 第二章 海水中的重要元素——钠和氯
CHEMISTRY,0011,9,化学必修第一册,第二章 海水中的重要元素——钠和氯,,,必修第一册 第二章 海水中的重要元素——钠和氯
CHEMISTRY,0012,10,化学必修第一册,第二章 海水中的重要元素——钠和氯,,,必修第一册 第二章 海水中的重要元素——钠和氯（计算方法跨章通用）
CHEMISTRY,0013,11,化学必修第一册,第二章 海水中的重要元素——钠和氯,,,必修第一册 第二章 海水中的重要元素——钠和氯（计算方法跨章通用）
CHEMISTRY,0014,12,化学必修第一册,第一章 物质及其变化,,,必修第一册 第一章 物质及其变化（离子反应）
CHEMISTRY,0015,13,化学必修第一册,第一章 物质及其变化,,,必修第一册 第一章 物质及其变化（离子反应）
CHEMISTRY,0016,14,化学必修第一册,第一章 物质及其变化,,,必修第一册 第一章 物质及其变化（离子反应）
CHEMISTRY,0017,15,化学必修第一册,第一章 物质及其变化,,,必修第一册 第一章 物质及其变化（氧化还原反应）
CHEMISTRY,0018,16,化学必修第一册,第一章 物质及其变化,,,必修第一册 第一章 物质及其变化（氧化还原反应）
CHEMISTRY,0019,17,化学必修第一册,第一章 物质及其变化,,,必修第一册 第一章 物质及其变化（氧化还原反应）
CHEMISTRY,0020,18,化学必修第一册,第一章 物质及其变化,,,必修第一册 第一章 物质及其变化（氧化还原反应）
CHEMISTRY,0021,19,化学必修第一册,第一章 物质及其变化,,,必修第一册 第一章 物质及其变化（氧化还原反应）
CHEMISTRY,0022,20,化学必修第一册,第一章 物质及其变化,,,必修第一册 第一章 物质及其变化（氧化还原反应、离子反应）
CHEMISTRY,0023,22,化学必修第一册,第二章 海水中的重要元素——钠和氯,,,必修第一册 第二章 海水中的重要元素——钠和氯
CHEMISTRY,0024,21,化学必修第一册,第一章 物质及其变化,,,必修第一册 第一章 物质及其变化
CHEMISTRY,0025,23,化学必修第一册,第二章 海水中的重要元素——钠和氯,化学必修第一册 第四章 物质结构 元素周期律,,必修第一册 第二章 海水中的重要元素——钠和氯；必修第一册 第四章 物质结构 元素周期律
CHEMISTRY,0026,24,化学必修第一册,第三章 铁 金属材料,,,必修第一册 第三章 铁 金属材料
CHEMISTRY,0027,25,化学必修第一册,第三章 铁 金属材料,,,必修第一册 第三章 铁 金属材料
CHEMISTRY,0028,26,化学必修第一册,第三章 铁 金属材料,,,必修第一册 第三章 铁 金属材料
CHEMISTRY,0029,27,化学必修第一册,第三章 铁 金属材料,,,必修第一册 第三章 铁 金属材料
CHEMISTRY,0030,28,化学必修第二册,第八章 化学与可持续发展,,,必修第二册 第八章 化学与可持续发展（资源综合利用与化工生产）
CHEMISTRY,0031,29,化学必修第二册,第八章 化学与可持续发展,,,必修第二册 第八章 化学与可持续发展（资源综合利用与化工生产）
CHEMISTRY,0032,30,化学必修第二册,第八章 化学与可持续发展,,,必修第二册 第八章 化学与可持续发展（资源综合利用与化工生产）
CHEMISTRY,0033,31,化学必修第二册,第八章 化学与可持续发展,,,必修第二册 第八章 化学与可持续发展
CHEMISTRY,0034,32,化学必修第二册,第五章 化工生产中的重要非金属元素,,,必修第二册 第五章 化工生产中的重要非金属元素（第三节 无机非金属材料）
CHEMISTRY,0035,33,化学必修第一册,第二章 海水中的重要元素——钠和氯,化学必修第二册 第八章 化学与可持续发展,,必修第一册 第二章 海水中的重要元素——钠和氯（第二节 氯及其化合物）；必修第二册 第八章 化学与可持续发展（海水资源的开发利用）
CHEMISTRY,0036,34,化学必修第一册,第二章 海水中的重要元素——钠和氯,化学必修第一册 第四章 物质结构 元素周期律,,必修第一册 第二章 海水中的重要元素——钠和氯（第二节 氯及其化合物）；必修第一册 第四章 物质结构 元素周期律（卤族元素性质的递变）
CHEMISTRY,0037,35,化学必修第二册,第八章 化学与可持续发展,,,必修第二册 第八章 化学与可持续发展（第一节 自然资源的开发利用）
CHEMISTRY,0038,36,化学必修第二册,第五章 化工生产中的重要非金属元素,,,必修第二册 第五章 化工生产中的重要非金属元素（第一节 硫及其化合物）
CHEMISTRY,0039,37,化学必修第二册,第五章 化工生产中的重要非金属元素,,,必修第二册 第五章 化工生产中的重要非金属元素（第一节 硫及其化合物）
CHEMISTRY,0040,38,化学必修第二册,第五章 化工生产中的重要非金属元素,,,必修第二册 第五章 化工生产中的重要非金属元素（第二节 氮及其化合物）
CHEMISTRY,0041,39,化学必修第二册,第五章 化工生产中的重要非金属元素,,,必修第二册 第五章 化工生产中的重要非金属元素（第二节 氮及其化合物）
CHEMISTRY,0042,40,化学必修第一册,第一章 物质及其变化,,,选择性必修 2 物质结构与性质 第一章 原子结构与性质（第一节 原子结构）
CHEMISTRY,0043,41,化学必修第一册,第一章 物质及其变化,,,选择性必修 2 物质结构与性质 第一章 原子结构与性质（第一节 原子结构、第二节 原子结构与元素的性质）
CHEMISTRY,0044,42,化学必修第一册,第一章 物质及其变化,化学必修第一册 第四章 物质结构 元素周期律,,选择性必修 2 物质结构与性质 第一章 原子结构与性质（第二节 原子结构与元素的性质）；必修第一册 第四章 物质结构 元素周期律
CHEMISTRY,0045,43,化学必修第一册,第四章 物质结构 元素周期律,化学必修第一册 第一章 物质及其变化,,必修第一册 第四章 物质结构 元素周期律；选择性必修 2 物质结构与性质 第一章（第二节 原子结构与元素的性质）
CHEMISTRY,0046,44,化学必修第一册,第四章 物质结构 元素周期律,化学必修第一册 第一章 物质及其变化,,必修第一册 第四章 物质结构 元素周期律；选择性必修 2 物质结构与性质 第一章
CHEMISTRY,0047,45,化学必修第一册,第四章 物质结构 元素周期律,化学必修第一册 第一章 物质及其变化,,必修第一册 第四章 物质结构 元素周期律；选择性必修 2 物质结构与性质 第一章
CHEMISTRY,0048,46,化学必修第一册,第四章 物质结构 元素周期律,化学必修第一册 第一章 物质及其变化,,必修第一册 第四章 物质结构 元素周期律；选择性必修 2 物质结构与性质 第一章
CHEMISTRY,0049,47,化学必修第一册,第四章 物质结构 元素周期律,化学必修第一册 第二章 海水中的重要元素——钠和氯 | 化学必修第一册 第三章 铁 金属材料,,必修第一册 第四章 物质结构 元素周期律（第三节 化学键）；选择性必修 2 物质结构与性质 第二章 分子结构与性质（第一节 共价键）、 第三章 晶体结构与性质
CHEMISTRY,0050,48,化学必修第一册,第四章 物质结构 元素周期律,化学必修第一册 第二章 海水中的重要元素——钠和氯,,必修第一册 第四章 物质结构 元素周期律（第三节 化学键）；选择性必修 2 物质结构与性质 第二章 分子结构与性质（第一节 共价键、第二节 分子的空间结构）
CHEMISTRY,0051,49,化学必修第一册,第二章 海水中的重要元素——钠和氯,,,选择性必修 2 物质结构与性质 第二章 分子结构与性质（第二节 分子的空间结构、第三节 分子结构与物质的性质）
CHEMISTRY,0052,50,化学必修第一册,第二章 海水中的重要元素——钠和氯,化学必修第一册 第三章 铁 金属材料,,选择性必修 2 物质结构与性质 第二章 分子结构与性质（第三节 分子结构与物质的性质）；选择性必修 2 第三章（超分子）
CHEMISTRY,0053,51,化学必修第一册,第二章 海水中的重要元素——钠和氯,,,选择性必修 2 物质结构与性质 第二章 分子结构与性质
CHEMISTRY,0054,52,化学必修第一册,第二章 海水中的重要元素——钠和氯,,,选择性必修 2 物质结构与性质 第二章 分子结构与性质
CHEMISTRY,0055,53,化学必修第一册,第二章 海水中的重要元素——钠和氯,,,选择性必修 2 物质结构与性质 第二章 分子结构与性质
CHEMISTRY,0056,54,化学选择性必修2,第三章 晶体结构与性质,,,选择性必修2 物质结构与性质 第三章 晶体结构与性质
CHEMISTRY,0057,55,化学选择性必修2,第三章 晶体结构与性质,,,选择性必修2 物质结构与性质 第三章 晶体结构与性质
CHEMISTRY,0058,56,化学选择性必修2,第三章 晶体结构与性质,,,选择性必修2 物质结构与性质 第三章 晶体结构与性质
CHEMISTRY,0059,57,化学选择性必修2,第三章 晶体结构与性质,,,选择性必修2 物质结构与性质 第三章 晶体结构与性质
CHEMISTRY,0060,58,化学选择性必修2,第三章 晶体结构与性质,,,选择性必修2 物质结构与性质 第三章 晶体结构与性质
CHEMISTRY,0061,59,化学选择性必修2,第三章 晶体结构与性质,,,选择性必修2 物质结构与性质 第三章 晶体结构与性质
CHEMISTRY,0062,60,化学选择性必修1,第一章 化学反应的热效应,,,选择性必修1 化学反应原理 第一章 化学反应的热效应
CHEMISTRY,0063,61,化学选择性必修1,第一章 化学反应的热效应,,,选择性必修1 化学反应原理 第一章 化学反应的热效应
CHEMISTRY,0064,62,化学选择性必修1,第一章 化学反应的热效应,,,选择性必修1 化学反应原理 第一章 化学反应的热效应
CHEMISTRY,0065,63,化学选择性必修1,第一章 化学反应的热效应,,,选择性必修1 化学反应原理 第一章 化学反应的热效应
CHEMISTRY,0066,64,化学选择性必修1,第一章 化学反应的热效应,,,选择性必修1 化学反应原理 第一章 化学反应的热效应
CHEMISTRY,0067,65,化学选择性必修1,第一章 化学反应的热效应,,,选择性必修1 化学反应原理 第一章 化学反应的热效应
CHEMISTRY,0068,66,化学选择性必修1,第四章 化学反应与电能,,,选择性必修1 化学反应原理 第四章 化学反应与电能
CHEMISTRY,0069,67,化学选择性必修1,第四章 化学反应与电能,,,选择性必修1 化学反应原理 第四章 化学反应与电能
CHEMISTRY,0070,68,化学选择性必修1,第四章 化学反应与电能,,,选择性必修1 化学反应原理 第四章 化学反应与电能
CHEMISTRY,0071,69,化学选择性必修1,第四章 化学反应与电能,,,选择性必修1 化学反应原理 第四章 化学反应与电能
CHEMISTRY,0072,70,化学选择性必修1,第四章 化学反应与电能,,,选择性必修1 化学反应原理 第四章 化学反应与电能
CHEMISTRY,0073,71,化学选择性必修1,第四章 化学反应与电能,,,选择性必修1 化学反应原理 第四章 化学反应与电能
CHEMISTRY,0074,72,化学选择性必修1,第四章 化学反应与电能,,,选择性必修1 化学反应原理 第四章 化学反应与电能
CHEMISTRY,0075,73,化学选择性必修1,第四章 化学反应与电能,,,选择性必修1 化学反应原理 第四章 化学反应与电能
CHEMISTRY,0076,74,化学选择性必修1,第四章 化学反应与电能,,,选择性必修1 化学反应原理 第四章 化学反应与电能
CHEMISTRY,0078,75,化学选择性必修1,第四章 化学反应与电能,,,选择性必修1 化学反应原理 第四章 化学反应与电能
CHEMISTRY,0079,76,化学选择性必修1,第四章 化学反应与电能,,,选择性必修1 化学反应原理 第四章 化学反应与电能
CHEMISTRY,0080,77,化学选择性必修1,第四章 化学反应与电能,,,选择性必修1 化学反应原理 第四章 化学反应与电能
CHEMISTRY,0081,78,化学选择性必修1,第四章 化学反应与电能,,,选择性必修1 化学反应原理 第四章 化学反应与电能
CHEMISTRY,0082,79,化学选择性必修1,第二章 化学反应速率与化学平衡,,,选择性必修1 化学反应原理 第二章 化学反应速率与化学平衡
CHEMISTRY,0083,80,化学选择性必修1,第二章 化学反应速率与化学平衡,,,选择性必修1 化学反应原理 第二章 化学反应速率与化学平衡
CHEMISTRY,0084,81,化学选择性必修1,第二章 化学反应速率与化学平衡,,,选择性必修1 化学反应原理 第二章 化学反应速率与化学平衡
CHEMISTRY,0085,82,化学选择性必修1,第二章 化学反应速率与化学平衡,,,选择性必修1 化学反应原理 第二章 化学反应速率与化学平衡
CHEMISTRY,0086,83,化学选择性必修1,第二章 化学反应速率与化学平衡,,,选择性必修1 化学反应原理 第二章 化学反应速率与化学平衡
CHEMISTRY,0087,84,化学选择性必修1,第二章 化学反应速率与化学平衡,,,选择性必修1 化学反应原理 第二章 化学反应速率与化学平衡
CHEMISTRY,0088,85,化学选择性必修1,第二章 化学反应速率与化学平衡,,,选择性必修1 化学反应原理 第二章 化学反应速率与化学平衡
CHEMISTRY,0089,86,化学选择性必修1,第二章 化学反应速率与化学平衡,,,选择性必修1 化学反应原理 第二章 化学反应速率与化学平衡
CHEMISTRY,0090,87,化学选择性必修1,第二章 化学反应速率与化学平衡,,,选择性必修1 化学反应原理 第二章 化学反应速率与化学平衡
CHEMISTRY,0091,88,化学选择性必修1,第二章 化学反应速率与化学平衡,,,选择性必修1 化学反应原理 第二章 化学反应速率与化学平衡
CHEMISTRY,0092,89,化学选择性必修1,第二章 化学反应速率与化学平衡,,,选择性必修1 化学反应原理 第二章 化学反应速率与化学平衡
CHEMISTRY,0093,90,化学选择性必修1,第二章 化学反应速率与化学平衡,,,选择性必修1 化学反应原理 第二章 化学反应速率与化学平衡
CHEMISTRY,0094,91,化学选择性必修1,第二章 化学反应速率与化学平衡,,,选择性必修1 化学反应原理 第二章 化学反应速率与化学平衡
CHEMISTRY,0095,92,化学选择性必修1,第二章 化学反应速率与化学平衡,,,选择性必修1 化学反应原理 第二章 化学反应速率与化学平衡
CHEMISTRY,0096,93,化学选择性必修1,第二章 化学反应速率与化学平衡,,,选择性必修1 化学反应原理 第二章 化学反应速率与化学平衡
CHEMISTRY,0097,94,化学选择性必修1,第二章 化学反应速率与化学平衡,,,选择性必修1 化学反应原理 第二章 化学反应速率与化学平衡
CHEMISTRY,0098,95,化学选择性必修1,第三章 水溶液中的离子反应与平衡,,,选择性必修1 化学反应原理 第三章 水溶液中的离子反应与平衡
CHEMISTRY,0099,96,化学选择性必修1,第三章 水溶液中的离子反应与平衡,,,选择性必修1 化学反应原理 第三章 水溶液中的离子反应与平衡
CHEMISTRY,0100,97,化学选择性必修1,第三章 水溶液中的离子反应与平衡,,,选择性必修1 化学反应原理 第三章 水溶液中的离子反应与平衡
CHEMISTRY,0101,98,化学选择性必修1,第三章 水溶液中的离子反应与平衡,,,选择性必修1 化学反应原理 第三章 水溶液中的离子反应与平衡
CHEMISTRY,0102,99,化学选择性必修1,第三章 水溶液中的离子反应与平衡,,,选择性必修1 化学反应原理 第三章 水溶液中的离子反应与平衡
CHEMISTRY,0103,100,化学选择性必修1,第三章 水溶液中的离子反应与平衡,,,选择性必修1 化学反应原理 第三章 水溶液中的离子反应与平衡
CHEMISTRY,0104,101,化学选择性必修1,第三章 水溶液中的离子反应与平衡,,,选择性必修1 化学反应原理 第三章 水溶液中的离子反应与平衡
CHEMISTRY,0105,102,化学选择性必修1,第三章 水溶液中的离子反应与平衡,,,选择性必修1 化学反应原理 第三章 水溶液中的离子反应与平衡
CHEMISTRY,0106,103,化学选择性必修1,第三章 水溶液中的离子反应与平衡,,,选择性必修1 化学反应原理 第三章 水溶液中的离子反应与平衡
CHEMISTRY,0107,104,化学选择性必修1,第三章 水溶液中的离子反应与平衡,,,选择性必修1 化学反应原理 第三章 水溶液中的离子反应与平衡
CHEMISTRY,0108,105,化学选择性必修1,第三章 水溶液中的离子反应与平衡,,,选择性必修1 化学反应原理 第三章 水溶液中的离子反应与平衡
CHEMISTRY,0109,106,化学选择性必修1,第三章 水溶液中的离子反应与平衡,,,选择性必修1 化学反应原理 第三章 水溶液中的离子反应与平衡
CHEMISTRY,0110,107,化学选择性必修1,第三章 水溶液中的离子反应与平衡,,,选择性必修1 化学反应原理 第三章 水溶液中的离子反应与平衡
CHEMISTRY,0111,108,化学选择性必修1,第三章 水溶液中的离子反应与平衡,,,选择性必修1 化学反应原理 第三章 水溶液中的离子反应与平衡
CHEMISTRY,0112,109,化学选择性必修1,第三章 水溶液中的离子反应与平衡,,,选择性必修1 化学反应原理 第三章 水溶液中的离子反应与平衡
CHEMISTRY,0113,110,化学选择性必修3,第二章 烃,,,选择性必修3 有机化学基础 第二章 烃
CHEMISTRY,0114,111,化学选择性必修3,第二章 烃,,,选择性必修3 有机化学基础 第二章 烃
CHEMISTRY,0115,112,化学选择性必修3,第二章 烃,,,选择性必修3 有机化学基础 第二章 烃
CHEMISTRY,0116,113,化学选择性必修3,第二章 烃,,,选择性必修3 有机化学基础 第二章 烃
CHEMISTRY,0117,114,化学选择性必修3,第二章 烃,,,选择性必修3 有机化学基础 第二章 烃
CHEMISTRY,0118,115,化学选择性必修3,第三章 烃的衍生物,,,选择性必修3 有机化学基础 第三章 烃的衍生物
CHEMISTRY,0119,116,化学选择性必修3,第三章 烃的衍生物,,,选择性必修3 有机化学基础 第三章 烃的衍生物
CHEMISTRY,0120,117,化学选择性必修3,第三章 烃的衍生物,,,选择性必修3 有机化学基础 第三章 烃的衍生物
CHEMISTRY,0121,118,化学选择性必修3,第三章 烃的衍生物,,,选择性必修3 有机化学基础 第三章 烃的衍生物
CHEMISTRY,0122,119,化学选择性必修3,第三章 烃的衍生物,,,选择性必修3 有机化学基础 第三章 烃的衍生物
CHEMISTRY,0123,120,化学选择性必修3,第二章 烃,,,选择性必修3 有机化学基础 第二章 烃
CHEMISTRY,0124,121,化学选择性必修3,第一章 有机化合物的结构特点与研究方法,,,选择性必修3 有机化学基础 第一章 认识有机化合物
CHEMISTRY,0125,122,化学选择性必修3,第一章 有机化合物的结构特点与研究方法,,,选择性必修3 有机化学基础 第一章 认识有机化合物
CHEMISTRY,0126,123,化学选择性必修3,第四章 生物大分子,,,选择性必修3 有机化学基础 第四章 生物大分子
CHEMISTRY,0127,124,化学选择性必修3,第四章 生物大分子,,,选择性必修3 有机化学基础 第四章 生物大分子
CHEMISTRY,0128,125,化学选择性必修3,第四章 生物大分子,化学选择性必修3 第五章 合成高分子,,选择性必修3 有机化学基础 第四章 生物大分子、 第五章 合成高分子
CHEMISTRY,0129,126,化学选择性必修3,第五章 合成高分子,,,选择性必修3 有机化学基础 第五章 合成高分子
CHEMISTRY,0130,127,化学选择性必修3,第五章 合成高分子,,,选择性必修3 有机化学基础 第五章 合成高分子
CHEMISTRY,0131,128,化学选择性必修3,第三章 烃的衍生物,化学选择性必修3 第五章 合成高分子,,选择性必修3 有机化学基础 第三章 烃的衍生物、 第五章 合成高分子
CHEMISTRY,0132,129,化学选择性必修3,第三章 烃的衍生物,,,选择性必修3 有机化学基础 第三章 烃的衍生物
CHEMISTRY,0133,130,化学选择性必修3,第三章 烃的衍生物,,,选择性必修3 有机化学基础 第三章 烃的衍生物（有机合成）
CHEMISTRY,0134,131,化学选择性必修3,第三章 烃的衍生物,,,选择性必修3 有机化学基础 第三章 烃的衍生物（有机合成）
CHEMISTRY,0135,132,化学选择性必修3,第三章 烃的衍生物,,,选择性必修3 有机化学基础 第三章 烃的衍生物（有机合成）
CHEMISTRY,0136,133,化学选择性必修3,第三章 烃的衍生物,,,选择性必修3 有机化学基础 第三章 烃的衍生物（有机合成）
CHEMISTRY,0137,134,化学选择性必修3,第三章 烃的衍生物,,,选择性必修3 有机化学基础 第三章 烃的衍生物（有机合成）
CHEMISTRY,0141,138,化学必修第一册,第一章 物质及其变化,,,"必修第一册 第一章 物质及其变化 及全册""实验活动""栏目（化学实验基本方法与实验安全）"
CHEMISTRY,0142,139,化学必修第一册,第二章 海水中的重要元素——钠和氯,化学必修第二册 第五章 化工生产中的重要非金属元素,,必修第一册 第二章 海水中的重要元素——钠和氯；必修第二册 第五章 化工生产中的重要非金属元素；选择性必修3 有机化学基础（乙烯的检验）
CHEMISTRY,0143,140,化学必修第一册,第二章 海水中的重要元素——钠和氯,化学必修第一册 第三章 铁 金属材料 | 化学必修第二册 第五章 化工生产中的重要非金属元素,,必修第一册 第二章 海水中的重要元素——钠和氯；必修第一册 第三章 铁 金属材料；必修第二册 第五章 化工生产中的重要非金属元素
CHEMISTRY,0144,141,化学必修第一册,第一章 物质及其变化,化学必修第二册 第五章 化工生产中的重要非金属元素,,必修第一册 第一章 物质及其变化（过滤、蒸发等分离提纯基本操作）；必修第二册 第五章 化工生产中的重要非金属元素；选择性必修3 有机化学基础（萃取、分液）
CHEMISTRY,0145,142,化学必修第一册,第一章 物质及其变化,化学必修第二册 第五章 化工生产中的重要非金属元素,,必修第一册 第一章 物质及其变化；必修第二册 第五章 化工生产中的重要非金属元素；选择性必修3 有机化学基础（蒸馏、萃取、重结晶）
CHEMISTRY,0146,143,化学必修第一册,第一章 物质及其变化,,,必修第一册 第一章 物质及其变化；选择性必修3 有机化学基础（萃取、蒸馏、重结晶）
CHEMISTRY,0147,144,化学必修第一册,第二章 海水中的重要元素——钠和氯,化学必修第二册 第五章 化工生产中的重要非金属元素,,必修第一册 第二章 海水中的重要元素——钠和氯（氯气的实验室制法）；必修第二册 第五章 化工生产中的重要非金属元素（氨、硝酸、硫酸的工业制备）；选择性必修3 有机化学基础（乙烯的制备）
CHEMISTRY,0148,145,化学必修第一册,第二章 海水中的重要元素——钠和氯,化学必修第二册 第五章 化工生产中的重要非金属元素,,必修第一册 第二章 海水中的重要元素——钠和氯（氯气的实验室制法与净化）；必修第二册 第五章 化工生产中的重要非金属元素（硫、氮及其化合物）；选择性必修3 有机化学基础（乙烯、乙炔的制备）
CHEMISTRY,0149,146,化学必修第一册,第二章 海水中的重要元素——钠和氯,化学必修第二册 第五章 化工生产中的重要非金属元素,,必修第一册 第二章 海水中的重要元素——钠和氯；必修第二册 第五章 化工生产中的重要非金属元素
CHEMISTRY,0150,147,化学必修第一册,第二章 海水中的重要元素——钠和氯,化学必修第一册 第三章 铁 金属材料 | 化学必修第二册 第五章 化工生产中的重要非金属元素,,必修第一册 第二章 海水中的重要元素——钠和氯；必修第一册 第三章 铁 金属材料；必修第二册 第五章 化工生产中的重要非金属元素
CHEMISTRY,0151,148,化学必修第一册,第二章 海水中的重要元素——钠和氯,化学必修第二册 第五章 化工生产中的重要非金属元素,,必修第一册 第二章 海水中的重要元素——钠和氯；必修第二册 第五章 化工生产中的重要非金属元素；选择性必修3 有机化学基础
CHEMISTRY,0152,149,化学必修第一册,第一章 物质及其变化,,,必修第一册 第一章 物质及其变化（沉淀的洗涤与检验）；选择性必修3 有机化学基础（萃取、分液）
CHEMISTRY,0153,150,化学必修第一册,第二章 海水中的重要元素——钠和氯,,,必修第一册 第二章 海水中的重要元素——钠和氯；选择性必修1 化学反应原理（温度、压强、浓度对反应速率与平衡的影响）
CHEMISTRY,0155,152,化学必修第一册,第二章 海水中的重要元素——钠和氯,,,必修第一册 第二章 海水中的重要元素——钠和氯（气体的量取与定量测定）；选择性必修2 物质结构与性质（配合物）；选择性必修3 有机化学基础（乙腈、结晶与重结晶）
CHEMISTRY,0156,153,化学选择性必修1,第二章 化学反应速率与化学平衡,,,选择性必修1 化学反应原理（酸碱中和滴定、沉淀滴定、氧化还原滴定）；必修第一册 第二章 海水中的重要元素——钠和氯
CHEMISTRY,0158,155,化学选择性必修1,第二章 化学反应速率与化学平衡,,,选择性必修1 化学反应原理（滴定分析、盐类水解）；选择性必修2 物质结构与性质（配合物）；必修第一册 第二章 海水中的重要元素——钠和氯
CHEMISTRY,0159,156,化学选择性必修1,第二章 化学反应速率与化学平衡,,,选择性必修1 化学反应原理（盐类水解、滴定曲线与滴定终点判断）；必修第一册 第二章 海水中的重要元素——钠和氯（碳酸钠与碳酸氢钠）
BIOLOGY,0005,1,生物学必修1,第一章 走近细胞,,,必修1《分子与细胞》 第1章 走近细胞
BIOLOGY,0006,2,生物学必修1,第二章 组成细胞的分子,,,必修1《分子与细胞》 第2章 组成细胞的分子 第1节
BIOLOGY,0007,3,生物学必修1,第二章 组成细胞的分子,,,必修1《分子与细胞》 第2章 组成细胞的分子 第2~3节
BIOLOGY,0008,4,生物学必修1,第二章 组成细胞的分子,,,必修1《分子与细胞》 第2章 组成细胞的分子 第3节
BIOLOGY,0009,5,生物学必修1,第二章 组成细胞的分子,,,必修1《分子与细胞》 第2章 第4节 蛋白质是生命活动的主要承担者
BIOLOGY,0010,6,生物学必修1,第二章 组成细胞的分子,,,必修1《分子与细胞》 第2章 第5节 核酸是遗传信息的携带者
BIOLOGY,0011,7,生物学必修1,第二章 组成细胞的分子,,,必修1《分子与细胞》 第2章 组成细胞的分子
BIOLOGY,0012,8,生物学必修1,第三章 细胞的基本结构,,,必修1《分子与细胞》 第3章 细胞的基本结构
BIOLOGY,0013,9,生物学必修1,第三章 细胞的基本结构,,,必修1《分子与细胞》 第3章 细胞的基本结构
BIOLOGY,0014,10,生物学必修1,第三章 细胞的基本结构,,,必修1《分子与细胞》 第3章 细胞的基本结构
BIOLOGY,0015,11,生物学必修1,第三章 细胞的基本结构,,,必修1 分子与细胞 第三章 细胞的基本结构
BIOLOGY,0016,12,生物学必修1,第三章 细胞的基本结构,,,必修1 分子与细胞 第三章 细胞的基本结构
BIOLOGY,0017,13,生物学必修1,第三章 细胞的基本结构,,,必修1 分子与细胞 第三章 细胞的基本结构
BIOLOGY,0018,14,生物学必修1,第四章 细胞的物质输入和输出,,,必修1 分子与细胞 第四章 细胞的物质输入和输出
BIOLOGY,0019,15,生物学必修1,第四章 细胞的物质输入和输出,,,必修1 分子与细胞 第四章 细胞的物质输入和输出
BIOLOGY,0020,16,生物学必修1,第四章 细胞的物质输入和输出,,,必修1 分子与细胞 第四章 细胞的物质输入和输出
BIOLOGY,0021,17,生物学必修1,第四章 细胞的物质输入和输出,,,必修1 分子与细胞 第4章 细胞的物质输入和输出
BIOLOGY,0022,18,生物学必修1,第四章 细胞的物质输入和输出,,,必修1 分子与细胞 第4章 细胞的物质输入和输出
BIOLOGY,0023,19,生物学必修1,第四章 细胞的物质输入和输出,,,必修1 分子与细胞 第4章 细胞的物质输入和输出
BIOLOGY,0024,20,生物学必修1,第四章 细胞的物质输入和输出,,,必修1 分子与细胞 第4章 细胞的物质输入和输出
BIOLOGY,0025,21,生物学必修1,第五章 细胞的能量供应和利用,,,必修1 分子与细胞 第5章 细胞的能量供应和利用
BIOLOGY,0026,22,生物学必修1,第五章 细胞的能量供应和利用,,,必修1 分子与细胞 第五章 细胞的能量供应和利用
BIOLOGY,0027,23,生物学必修1,第五章 细胞的能量供应和利用,,,必修1 分子与细胞 第五章 细胞的能量供应和利用
BIOLOGY,0028,24,生物学必修1,第五章 细胞的能量供应和利用,,,必修1 分子与细胞 第五章 细胞的能量供应和利用
BIOLOGY,0029,25,生物学必修1,第五章 细胞的能量供应和利用,,,必修1 分子与细胞 第五章 细胞的能量供应和利用
BIOLOGY,0030,26,生物学必修1,第五章 细胞的能量供应和利用,,,必修1 分子与细胞 第5章 细胞的能量供应和利用
BIOLOGY,0031,27,生物学必修1,第五章 细胞的能量供应和利用,,,必修1 分子与细胞 第5章 细胞的能量供应和利用
BIOLOGY,0032,28,生物学必修1,第五章 细胞的能量供应和利用,,,必修1 分子与细胞 第5章 细胞的能量供应和利用
BIOLOGY,0033,29,生物学必修1,第五章 细胞的能量供应和利用,,,必修1 分子与细胞 第5章 细胞的能量供应和利用
BIOLOGY,0034,30,生物学必修1,第五章 细胞的能量供应和利用,,,必修1 分子与细胞 第5章 细胞的能量供应和利用
BIOLOGY,0035,31,生物学必修1,第五章 细胞的能量供应和利用,,,必修1 分子与细胞 第5章 细胞的能量供应和利用
BIOLOGY,0036,32,生物学必修1,第五章 细胞的能量供应和利用,,,必修1 分子与细胞 第5章 细胞的能量供应和利用
BIOLOGY,0037,33,生物学必修1,第五章 细胞的能量供应和利用,,,必修1 分子与细胞 第5章 细胞的能量供应和利用
BIOLOGY,0038,34,生物学必修1,第五章 细胞的能量供应和利用,,,必修1 分子与细胞 第5章 细胞的能量供应和利用
BIOLOGY,0039,35,生物学必修1,第五章 细胞的能量供应和利用,,,必修1 分子与细胞 第5章 细胞的能量供应和利用
BIOLOGY,0040,36,生物学必修1,第五章 细胞的能量供应和利用,,,必修1 分子与细胞 第5章 细胞的能量供应和利用
BIOLOGY,0041,37,生物学必修1,第五章 细胞的能量供应和利用,,,必修1 分子与细胞 第5章 细胞的能量供应和利用
BIOLOGY,0042,38,生物学必修1,第五章 细胞的能量供应和利用,,,必修1 分子与细胞 第5章 细胞的能量供应和利用
BIOLOGY,0043,39,生物学必修1,第五章 细胞的能量供应和利用,,,必修1 分子与细胞 第5章 细胞的能量供应和利用
BIOLOGY,0044,40,生物学必修1,第五章 细胞的能量供应和利用,,,必修1 分子与细胞 第5章 细胞的能量供应和利用
BIOLOGY,0045,41,生物学必修1,第五章 细胞的能量供应和利用,,,必修1 分子与细胞 第5章 细胞的能量供应和利用
BIOLOGY,0046,42,生物学必修1,第五章 细胞的能量供应和利用,,,必修1 分子与细胞 第5章 细胞的能量供应和利用
BIOLOGY,0047,43,生物学必修1,第五章 细胞的能量供应和利用,,,必修1 分子与细胞 第5章 细胞的能量供应和利用
BIOLOGY,0048,44,生物学必修1,第五章 细胞的能量供应和利用,,,必修1 分子与细胞 第5章 细胞的能量供应和利用
BIOLOGY,0049,45,生物学必修1,第五章 细胞的能量供应和利用,,,必修1 分子与细胞 第5章 细胞的能量供应和利用
BIOLOGY,0050,46,生物学必修1,第五章 细胞的能量供应和利用,,,必修1 分子与细胞 第5章 细胞的能量供应和利用
BIOLOGY,0051,47,生物学必修1,第五章 细胞的能量供应和利用,,,必修1 分子与细胞 第5章 细胞的能量供应和利用
BIOLOGY,0052,48,生物学必修1,第五章 细胞的能量供应和利用,,,必修1 分子与细胞 第5章 细胞的能量供应和利用
BIOLOGY,0053,49,生物学必修1,第六章 细胞的生命历程,,,必修1 分子与细胞 第6章 细胞的生命历程 第1节 细胞的增殖
BIOLOGY,0054,50,生物学必修1,第六章 细胞的生命历程,,,必修1 分子与细胞 第6章 细胞的生命历程 第1节 细胞的增殖
BIOLOGY,0055,51,生物学必修1,第六章 细胞的生命历程,,,必修1 分子与细胞 第6章 细胞的生命历程 第1节 细胞的增殖
BIOLOGY,0056,52,生物学必修1,第六章 细胞的生命历程,,,必修1 分子与细胞 第6章 细胞的生命历程 第2节 细胞的多样性和统一性（减数分裂和受精作用）
BIOLOGY,0057,53,生物学必修1,第六章 细胞的生命历程,,,必修1 分子与细胞 第6章 细胞的生命历程 第2节 细胞的多样性和统一性（减数分裂和受精作用）
BIOLOGY,0058,54,生物学必修1,第六章 细胞的生命历程,生物学必修1 第二章 组成细胞的分子,,必修1 分子与细胞 第六章 细胞的生命历程 / 必修2 遗传与进化 第二章 基因和染色体的关系
BIOLOGY,0059,55,生物学必修1,第六章 细胞的生命历程,,,必修1 分子与细胞 第六章 细胞的生命历程
BIOLOGY,0060,56,生物学必修1,第六章 细胞的生命历程,生物学必修1 第二章 组成细胞的分子,,必修1 分子与细胞 第六章 细胞的生命历程（减数分裂部分）/ 必修2 遗传与进化 第二章 基因和染色体的关系
BIOLOGY,0061,57,生物学必修1,第六章 细胞的生命历程,生物学必修1 第二章 组成细胞的分子,,必修1 分子与细胞 第六章 细胞的生命历程（减数分裂部分）/ 必修2 遗传与进化 第二章 基因和染色体的关系
BIOLOGY,0062,58,生物学必修1,第六章 细胞的生命历程,,,必修1 分子与细胞 第六章 细胞的生命历程 第 3 节 细胞的衰老和死亡（含细胞分化）
BIOLOGY,0063,59,生物学必修1,第六章 细胞的生命历程,,,必修1 分子与细胞 第六章 细胞的生命历程 第 3 节 细胞的衰老和死亡
BIOLOGY,0064,60,生物学必修2,第一章 遗传因子的发现,,,必修2 遗传与进化 第一章 遗传因子的发现 第 1 节 孟德尔的豌豆杂交实验（一）
BIOLOGY,0065,61,生物学必修2,第一章 遗传因子的发现,,,必修2 遗传与进化 第一章 遗传因子的发现 第 1 节 孟德尔的豌豆杂交实验（一）
BIOLOGY,0067,62,生物学必修2,第一章 遗传因子的发现,,,必修2 遗传与进化 第一章 遗传因子的发现 第 1 节 孟德尔的豌豆杂交实验（一）
BIOLOGY,0068,63,生物学必修2,第一章 遗传因子的发现,,,必修2 遗传与进化 第一章 遗传因子的发现 第 1 节 孟德尔的豌豆杂交实验（一）
BIOLOGY,0069,64,生物学必修2,第一章 遗传因子的发现,,,必修2 遗传与进化 第一章 遗传因子的发现
BIOLOGY,0070,65,生物学必修2,第一章 遗传因子的发现,,,必修2 遗传与进化 第一章 遗传因子的发现
BIOLOGY,0071,66,生物学必修2,第一章 遗传因子的发现,,,必修2 遗传与进化 第一章 遗传因子的发现（并涉及细胞质遗传）
BIOLOGY,0072,67,生物学必修2,第一章 遗传因子的发现,,,必修2 遗传与进化 第一章 遗传因子的发现 第 2 节 孟德尔的豌豆杂交实验（二）
BIOLOGY,0073,68,生物学必修2,第一章 遗传因子的发现,,,必修2 遗传与进化 第一章 遗传因子的发现 第 2 节 孟德尔的豌豆杂交实验（二）
BIOLOGY,0074,69,生物学必修2,第一章 遗传因子的发现,,,必修2 遗传与进化 第一章 遗传因子的发现 第 2 节 孟德尔的豌豆杂交实验（二）
BIOLOGY,0075,70,生物学必修2,第一章 遗传因子的发现,,,必修2 遗传与进化 第一章 遗传因子的发现 第 2 节 孟德尔的豌豆杂交实验（二）
BIOLOGY,0076,71,生物学必修2,第一章 遗传因子的发现,生物学必修2 第二章 基因和染色体的关系,,必修2 遗传与进化 第一章 遗传因子的发现（并涉及 第二章 基因和染色体的关系）
BIOLOGY,0077,72,生物学必修2,第二章 基因和染色体的关系,,,必修2 遗传与进化 第二章 基因和染色体的关系（基因在染色体上）
BIOLOGY,0078,73,生物学必修2,第二章 基因和染色体的关系,,,必修2 遗传与进化 第二章 基因和染色体的关系（基因在染色体上）
BIOLOGY,0079,74,生物学必修2,第二章 基因和染色体的关系,,,必修2 遗传与进化 第二章 基因和染色体的关系
BIOLOGY,0080,75,生物学必修2,第二章 基因和染色体的关系,,,必修2 遗传与进化 第二章 基因和染色体的关系（并涉及基因工程）
BIOLOGY,0081,76,生物学必修2,第二章 基因和染色体的关系,,,必修2 遗传与进化 第二章 基因和染色体的关系 第 2 节 基因在染色体上
BIOLOGY,0082,77,生物学必修2,第二章 基因和染色体的关系,,,必修2 遗传与进化 第二章 基因和染色体的关系 第 3 节 伴性遗传
BIOLOGY,0083,78,生物学必修2,第二章 基因和染色体的关系,,,必修2 遗传与进化 第二章 基因和染色体的关系 第 3 节 伴性遗传
BIOLOGY,0084,79,生物学必修2,第二章 基因和染色体的关系,,,必修2 遗传与进化 第二章 基因和染色体的关系 第 3 节 伴性遗传
BIOLOGY,0085,80,生物学必修2,第五章 基因突变及其他变异,,,必修2 遗传与进化 第五章 基因突变及其他变异 第 3 节 人类遗传病
BIOLOGY,0086,81,生物学必修2,第五章 基因突变及其他变异,,,必修2 遗传与进化 第五章 基因突变及其他变异 第 3 节 人类遗传病
BIOLOGY,0087,82,生物学必修2,第五章 基因突变及其他变异,,,必修2 遗传与进化 第五章 基因突变及其他变异 第 3 节 人类遗传病
BIOLOGY,0088,83,生物学必修2,第五章 基因突变及其他变异,,,必修2 遗传与进化 第五章 基因突变及其他变异 第 3 节 人类遗传病
BIOLOGY,0089,84,生物学必修2,第五章 基因突变及其他变异,,,必修2 遗传与进化 第五章 基因突变及其他变异
BIOLOGY,0090,85,生物学必修2,第五章 基因突变及其他变异,,,必修2 遗传与进化 第五章 基因突变及其他变异
BIOLOGY,0091,86,生物学必修2,第五章 基因突变及其他变异,,,必修2 遗传与进化 第五章 基因突变及其他变异
BIOLOGY,0092,87,生物学必修2,第三章 基因的本质,,,必修2 遗传与进化 第三章 基因的本质 第 1 节 DNA 是主要的遗传物质
BIOLOGY,0093,88,生物学必修2,第三章 基因的本质,,,必修2 遗传与进化 第三章 基因的本质 第 1 节 DNA 是主要的遗传物质
BIOLOGY,0094,89,生物学必修2,第三章 基因的本质,,,必修2 遗传与进化 第三章 基因的本质 第 2 节 DNA 的结构、第 3 节 DNA 的复制
BIOLOGY,0095,90,生物学必修2,第三章 基因的本质,,,必修2 遗传与进化 第三章 基因的本质 第 3 节 DNA 的复制
BIOLOGY,0096,91,生物学必修2,第三章 基因的本质,,,必修2 遗传与进化 第三章 基因的本质 第 4 节 基因通常是有遗传效应的 DNA 片段
BIOLOGY,0097,92,生物学必修2,第四章 基因的表达,,,必修2 遗传与进化 第四章 基因的表达 第 1 节 基因指导蛋白质的合成
BIOLOGY,0098,93,生物学必修2,第四章 基因的表达,,,必修2 遗传与进化 第四章 基因的表达 第 1 节 基因指导蛋白质的合成
BIOLOGY,0099,94,生物学必修2,第四章 基因的表达,,,必修2 遗传与进化 第四章 基因的表达 第 1 节 基因指导蛋白质的合成
BIOLOGY,0100,95,生物学必修2,第四章 基因的表达,,,必修2 遗传与进化 第四章 基因的表达 第 2 节 基因表达与性状的关系
BIOLOGY,0101,96,生物学必修2,第四章 基因的表达,,,必修2 遗传与进化 第四章 基因的表达 第 2 节 基因表达与性状的关系
BIOLOGY,0102,97,生物学必修2,第五章 基因突变及其他变异,,,必修2 遗传与进化 第五章 基因突变及其他变异 第 1 节 基因突变和基因重组
BIOLOGY,0103,98,生物学必修2,第五章 基因突变及其他变异,,,必修2 遗传与进化 第五章 基因突变及其他变异 第 1 节 基因突变和基因重组
BIOLOGY,0104,99,生物学必修2,第五章 基因突变及其他变异,,,必修2 遗传与进化 第五章 基因突变及其他变异 第 1 节 基因突变和基因重组
BIOLOGY,0105,100,生物学必修2,第五章 基因突变及其他变异,,,必修2 遗传与进化 第五章 基因突变及其他变异 第 1 节 基因突变和基因重组
BIOLOGY,0106,101,生物学必修2,第五章 基因突变及其他变异,,,必修2 遗传与进化 第五章 基因突变及其他变异 第 2 节 染色体变异
BIOLOGY,0107,102,生物学必修2,第五章 基因突变及其他变异,,,必修2 遗传与进化 第五章 基因突变及其他变异 第 2 节 染色体变异
BIOLOGY,0108,103,生物学必修2,第五章 基因突变及其他变异,,,必修2 遗传与进化 第五章 基因突变及其他变异 第 2 节 染色体变异
BIOLOGY,0109,104,生物学必修2,第六章 生物的进化,,,必修2 遗传与进化 第六章 生物的进化 第 1 节 生物有共同祖先的证据、第 2 节 自然选择与适应的形成、第 3 节 种群基因组成的变化与物种的形成
BIOLOGY,0110,105,生物学必修2,第六章 生物的进化,,,必修2 遗传与进化 第六章 生物的进化 第 3 节 种群基因组成的变化与物种的形成、第 4 节 协同进化与生物多样性的形成
BIOLOGY,0111,106,生物学必修2,第六章 生物的进化,,,必修2 遗传与进化 第六章 生物的进化 第 3 节 种群基因组成的变化与物种的形成
BIOLOGY,0112,107,生物学选择性必修1,第一章 内环境与稳态,,,选择性必修1 稳态与调节 第一章 人体的内环境与稳态 第 1 节 细胞生活的环境
BIOLOGY,0113,108,生物学选择性必修1,第一章 内环境与稳态,,,选择性必修1 稳态与调节 第一章 人体的内环境与稳态 第 2 节 内环境的稳态
BIOLOGY,0114,109,生物学选择性必修1,第二章 神经调节,,,选择性必修1 稳态与调节 第二章 神经调节 第 1 节 神经调节的结构基础
BIOLOGY,0115,110,生物学选择性必修1,第二章 神经调节,,,选择性必修1 稳态与调节 第二章 神经调节 第 1 节 神经调节的结构基础、第 2 节 神经调节的基本方式
BIOLOGY,0116,111,生物学选择性必修1,第二章 神经调节,,,选择性必修1 稳态与调节 第二章 神经调节 第 2 节 神经调节的基本方式、第 3 节 神经冲动的产生和传导
BIOLOGY,0117,112,生物学选择性必修1,第二章 神经调节,,,选择性必修1 稳态与调节 第2章 神经调节
BIOLOGY,0118,113,生物学选择性必修1,第二章 神经调节,,,选择性必修1 稳态与调节 第2章 神经调节
BIOLOGY,0119,114,生物学选择性必修1,第二章 神经调节,,,选择性必修1 稳态与调节 第2章 神经调节
BIOLOGY,0120,115,生物学选择性必修1,第二章 神经调节,,,选择性必修1 稳态与调节 第2章 神经调节
BIOLOGY,0121,116,生物学选择性必修1,第二章 神经调节,,,选择性必修1 稳态与调节 第2章 神经调节
BIOLOGY,0122,117,生物学选择性必修1,第二章 神经调节,,,选择性必修1 稳态与调节 第2章 神经调节
BIOLOGY,0123,118,生物学选择性必修1,第二章 神经调节,,,选择性必修1 稳态与调节 第2章 神经调节
BIOLOGY,0124,119,生物学选择性必修1,第三章 体液调节,,,选择性必修1 稳态与调节 第3章 体液调节
BIOLOGY,0125,120,生物学选择性必修1,第三章 体液调节,,,选择性必修1 稳态与调节 第3章 体液调节
BIOLOGY,0126,121,生物学选择性必修1,第三章 体液调节,,,选择性必修1 稳态与调节 第3章 体液调节
BIOLOGY,0127,122,生物学选择性必修1,第三章 体液调节,,,选择性必修1 稳态与调节 第3章 体液调节
BIOLOGY,0128,123,生物学选择性必修1,第三章 体液调节,,,选择性必修1 稳态与调节 第3章 体液调节
BIOLOGY,0129,124,生物学选择性必修1,第三章 体液调节,,,选择性必修1 稳态与调节 第3章 体液调节
BIOLOGY,0130,125,生物学选择性必修1,第三章 体液调节,,,选择性必修1 稳态与调节 第3章 体液调节
BIOLOGY,0131,126,生物学选择性必修1,第三章 体液调节,,,选择性必修1 稳态与调节 第3章 体液调节
BIOLOGY,0132,127,生物学选择性必修1,第三章 体液调节,,,选择性必修1 稳态与调节 第3章 体液调节
BIOLOGY,0133,128,生物学选择性必修1,第三章 体液调节,,,选择性必修1 稳态与调节 第3章 体液调节
BIOLOGY,0134,129,生物学选择性必修1,第四章 免疫调节,,,选择性必修1 稳态与调节 第4章 免疫调节
BIOLOGY,0135,130,生物学选择性必修1,第四章 免疫调节,,,选择性必修1 稳态与调节 第4章 免疫调节
BIOLOGY,0136,131,生物学选择性必修1,第四章 免疫调节,,,选择性必修1 稳态与调节 第4章 免疫调节
BIOLOGY,0137,132,生物学选择性必修1,第四章 免疫调节,,,选择性必修1 稳态与调节 第4章 免疫调节
BIOLOGY,0138,133,生物学选择性必修1,第四章 免疫调节,,,选择性必修1 稳态与调节 第4章 免疫调节
BIOLOGY,0139,134,生物学选择性必修1,第四章 免疫调节,,,选择性必修1 稳态与调节 第4章 免疫调节
BIOLOGY,0140,135,生物学选择性必修1,第五章 植物生命活动的调节,,,选择性必修1 稳态与调节 第5章 植物生命活动的调节
BIOLOGY,0141,136,生物学选择性必修1,第五章 植物生命活动的调节,,,选择性必修1 稳态与调节 第5章 植物生命活动的调节
BIOLOGY,0142,137,生物学选择性必修1,第五章 植物生命活动的调节,,,选择性必修1 稳态与调节 第5章 植物生命活动的调节
BIOLOGY,0143,138,生物学选择性必修1,第五章 植物生命活动的调节,,,选择性必修1 稳态与调节 第5章 植物生命活动的调节
BIOLOGY,0144,139,生物学选择性必修1,第五章 植物生命活动的调节,,,选择性必修1 稳态与调节 第5章 植物生命活动的调节
BIOLOGY,0145,140,生物学选择性必修2,第一章 种群及其动态,,,选择性必修2 生物与环境 第1章 种群及其动态
BIOLOGY,0146,141,生物学选择性必修2,第一章 种群及其动态,,,选择性必修2 生物与环境 第1章 种群及其动态
BIOLOGY,0147,142,生物学选择性必修2,第一章 种群及其动态,,,选择性必修2 生物与环境 第1章 种群及其动态 第2节 种群数量的变化
BIOLOGY,0148,143,生物学选择性必修2,第一章 种群及其动态,,,选择性必修2 生物与环境 第1章 种群及其动态
BIOLOGY,0149,144,生物学选择性必修2,第一章 种群及其动态,,,选择性必修2 生物与环境 第1章 种群及其动态
BIOLOGY,0150,145,生物学选择性必修2,第一章 种群及其动态,,,选择性必修2 生物与环境 第1章 种群及其动态
BIOLOGY,0151,146,生物学选择性必修2,第二章 群落及其演替,,,选择性必修2 生物与环境 第2章 群落及其演替 第1节 群落的结构
BIOLOGY,0152,147,生物学选择性必修2,第二章 群落及其演替,,,选择性必修2 生物与环境 第2章 群落及其演替 第1节 群落的结构
BIOLOGY,0153,148,生物学选择性必修2,第二章 群落及其演替,,,选择性必修2 生物与环境 第2章 群落及其演替
BIOLOGY,0154,149,生物学选择性必修2,第二章 群落及其演替,,,选择性必修2 生物与环境 第2章 群落及其演替
BIOLOGY,0155,150,生物学选择性必修2,第二章 群落及其演替,,,选择性必修2 生物与环境 第2章 群落及其演替 第2节 群落的主要类型、第3节 群落的演替
BIOLOGY,0156,151,生物学选择性必修2,第二章 群落及其演替,,,选择性必修2 生物与环境 第2章 群落及其演替
BIOLOGY,0157,152,生物学选择性必修2,第三章 生态系统及其稳定性,,,选择性必修2 生物与环境 第3章 生态系统及其稳定性 第1节 生态系统的结构
BIOLOGY,0158,153,生物学选择性必修2,第三章 生态系统及其稳定性,,,选择性必修2 生物与环境 第3章 生态系统及其稳定性 第2节 生态系统的能量流动
BIOLOGY,0159,154,生物学选择性必修2,第三章 生态系统及其稳定性,,,选择性必修2 生物与环境 第3章 生态系统及其稳定性 第2节 生态系统的能量流动
BIOLOGY,0160,155,生物学选择性必修2,第三章 生态系统及其稳定性,,,选择性必修2 生物与环境 第3章 生态系统及其稳定性 第2节 生态系统的能量流动
BIOLOGY,0161,156,生物学选择性必修2,第三章 生态系统及其稳定性,,,选择性必修2 生物与环境 第3章 生态系统及其稳定性 第3节 生态系统的物质循环、第4节 生态系统的信息传递
BIOLOGY,0162,157,生物学选择性必修2,第三章 生态系统及其稳定性,,,选择性必修2 生物与环境 第3章 生态系统及其稳定性 第4节 生态系统的信息传递
BIOLOGY,0163,158,生物学选择性必修2,第三章 生态系统及其稳定性,,,选择性必修2 生物与环境 第3章 生态系统及其稳定性 第5节 生态系统的稳定性
BIOLOGY,0164,159,生物学选择性必修2,第四章 人与环境,,,选择性必修2 生物与环境 第4章 人与环境
BIOLOGY,0165,160,生物学选择性必修2,第四章 人与环境,,,选择性必修2 生物与环境 第4章 人与环境 第3节 生态工程
BIOLOGY,0166,161,生物学选择性必修3,第一章 发酵工程,,,选择性必修3 生物技术与工程 第1章 发酵工程 第1节 传统发酵技术的应用
BIOLOGY,0167,162,生物学选择性必修3,第一章 发酵工程,,,选择性必修3 生物技术与工程 第1章 发酵工程
BIOLOGY,0168,163,生物学选择性必修3,第一章 发酵工程,,,选择性必修3 生物技术与工程 第1章 发酵工程 第2节 微生物的培养与应用
BIOLOGY,0169,164,生物学选择性必修3,第一章 发酵工程,,,选择性必修3 生物技术与工程 第1章 发酵工程 第2节 微生物的培养与应用
BIOLOGY,0170,165,生物学选择性必修3,第一章 发酵工程,,,选择性必修3 生物技术与工程 第1章 发酵工程 第2节 微生物的培养与应用
BIOLOGY,0171,166,生物学选择性必修3,第一章 发酵工程,,,选择性必修3 生物技术与工程 第1章 发酵工程
BIOLOGY,0172,167,生物学选择性必修3,第一章 发酵工程,,,选择性必修3 生物技术与工程 第1章 发酵工程 第3节 发酵工程及其应用
BIOLOGY,0173,168,生物学选择性必修3,第二章 细胞工程,,,选择性必修3 生物技术与工程 第二章 细胞工程
BIOLOGY,0174,169,生物学选择性必修3,第二章 细胞工程,,,选择性必修3 生物技术与工程 第二章 细胞工程
BIOLOGY,0175,170,生物学选择性必修3,第二章 细胞工程,,,选择性必修3 生物技术与工程 第二章 细胞工程
BIOLOGY,0176,171,生物学选择性必修3,第二章 细胞工程,,,选择性必修3 生物技术与工程 第二章 细胞工程
BIOLOGY,0177,172,生物学选择性必修3,第二章 细胞工程,,,选择性必修3 生物技术与工程 第二章 细胞工程
BIOLOGY,0178,173,生物学选择性必修3,第二章 细胞工程,,,选择性必修3 生物技术与工程 第二章 细胞工程
BIOLOGY,0179,174,生物学选择性必修3,第二章 细胞工程,,,选择性必修3 生物技术与工程 第二章 细胞工程
BIOLOGY,0180,175,生物学选择性必修3,第二章 细胞工程,,,选择性必修3 生物技术与工程 第二章 细胞工程
BIOLOGY,0181,176,生物学选择性必修3,第二章 细胞工程,,,选择性必修3 生物技术与工程 第二章 细胞工程
BIOLOGY,0182,177,生物学选择性必修3,第三章 基因工程,,,选择性必修3 生物技术与工程 第三章 基因工程
BIOLOGY,0183,178,生物学选择性必修3,第三章 基因工程,,,选择性必修3 生物技术与工程 第三章 基因工程
BIOLOGY,0184,179,生物学选择性必修3,第三章 基因工程,,,选择性必修3 生物技术与工程 第三章 基因工程
BIOLOGY,0185,180,生物学选择性必修3,第三章 基因工程,,,选择性必修3 生物技术与工程 第三章 基因工程
BIOLOGY,0186,181,生物学选择性必修3,第三章 基因工程,,,选择性必修3 生物技术与工程 第三章 基因工程
BIOLOGY,0187,182,生物学选择性必修3,第三章 基因工程,,,选择性必修3 生物技术与工程 第三章 基因工程
BIOLOGY,0188,183,生物学选择性必修3,第三章 基因工程,,,选择性必修3 生物技术与工程 第三章 基因工程
BIOLOGY,0189,184,生物学选择性必修3,第三章 基因工程,,,选择性必修3 生物技术与工程 第三章 基因工程
BIOLOGY,0190,185,生物学选择性必修3,第三章 基因工程,,,选择性必修3 生物技术与工程 第三章 基因工程
BIOLOGY,0191,186,生物学选择性必修3,第三章 基因工程,,,选择性必修3 生物技术与工程 第三章 基因工程
BIOLOGY,0192,187,生物学选择性必修3,第三章 基因工程,,,选择性必修3 生物技术与工程 第三章 基因工程
BIOLOGY,0193,188,生物学选择性必修3,第三章 基因工程,,,选择性必修3 生物技术与工程 第三章 基因工程
BIOLOGY,0194,189,生物学选择性必修3,第三章 基因工程,,,选择性必修3 生物技术与工程 第三章 基因工程
BIOLOGY,0195,190,生物学选择性必修3,第三章 基因工程,,,选择性必修3 生物技术与工程 第三章 基因工程
BIOLOGY,0196,191,生物学选择性必修3,第三章 基因工程,,,选择性必修3 生物技术与工程 第三章 基因工程
BIOLOGY,0197,192,生物学选择性必修3,第三章 基因工程,,,选择性必修3 生物技术与工程 第三章 基因工程
BIOLOGY,0198,193,生物学选择性必修3,第三章 基因工程,,,选择性必修3 生物技术与工程 第三章 基因工程
BIOLOGY,0199,194,生物学选择性必修3,第三章 基因工程,,,选择性必修3 生物技术与工程 第三章 基因工程
MATH,0005,1,数学必修第一册,第一章 集合与常用逻辑用语,,由同一五三章已归位页反推,
MATH,0017,13,数学必修第一册,第三章 函数的概念与性质,,由同一五三章已归位页反推,
MATH,0001-0004,1,,,,页头无「对应人教版」,
MATH,0040,36,,,,页头无「对应人教版」,
MATH,0058,54,,,,页头无「对应人教版」,
MATH,0075,71,,,,页头无「对应人教版」,
MATH,0083,79,,,,页头无「对应人教版」,
MATH,0098,94,,,,页头无「对应人教版」,
MATH,0121,117,,,,五三章内归属分歧（2 种）：页头无「对应人教版」,
MATH,0145,,,,,只有册无章：不适用,不适用
MATH,0151,146,,,,页头写了章号但库里没有这一章：必修第二册 第十章 概率,必修第二册 第十章 概率
MATH,0152,147,,,,页头写了章号但库里没有这一章：必修第二册 第十章 概率,必修第二册 第十章 概率
MATH,0153,148,,,,页头写了章号但库里没有这一章：必修第二册 第十章 概率,必修第二册 第十章 概率
MATH,0154,149,,,,页头写了章号但库里没有这一章：必修第二册 第十章 概率,必修第二册 第十章 概率
MATH,0155,150,,,,页头写了章号但库里没有这一章：选择性必修第三册 第七章 随机变量及其分布,选择性必修第三册 第七章 随机变量及其分布
MATH,0156,151,,,,页头写了章号但库里没有这一章：选择性必修第三册 第七章 随机变量及其分布,选择性必修第三册 第七章 随机变量及其分布
MATH,0157,152,,,,页头写了章号但库里没有这一章：选择性必修第三册 第七章 随机变量及其分布,选择性必修第三册 第七章 随机变量及其分布
MATH,0158,153,,,,页头写了章号但库里没有这一章：选择性必修第三册 第七章 随机变量及其分布,选择性必修第三册 第七章 随机变量及其分布
MATH,0159,154,,,,页头写了章号但库里没有这一章：选择性必修第三册 第七章 随机变量及其分布,选择性必修第三册 第七章 随机变量及其分布
MATH,0160,155,,,,页头写了章号但库里没有这一章：选择性必修第三册 第七章 随机变量及其分布,选择性必修第三册 第七章 随机变量及其分布
MATH,0161,156,,,,页头写了章号但库里没有这一章：选择性必修第三册 第七章 随机变量及其分布,选择性必修第三册 第七章 随机变量及其分布
MATH,0162,157,,,,页头写了章号但库里没有这一章：选择性必修第三册 第七章 随机变量及其分布,选择性必修第三册 第七章 随机变量及其分布
MATH,0163,158,,,,页头写了章号但库里没有这一章：选择性必修第三册 第七章 随机变量及其分布,选择性必修第三册 第七章 随机变量及其分布
MATH,0164,159,,,,页头写了章号但库里没有这一章：选择性必修第三册 第七章 随机变量及其分布,选择性必修第三册 第七章 随机变量及其分布
MATH,0166,161,,,,页头写了章号但库里没有这一章：必修第二册 第九章 统计,必修第二册 第九章 统计
MATH,0167,162,,,,页头写了章号但库里没有这一章：必修第二册 第九章 统计,必修第二册 第九章 统计
MATH,0168,163,,,,页头写了章号但库里没有这一章：必修第二册 第九章 统计,必修第二册 第九章 统计
MATH,0169,164,,,,页头写了章号但库里没有这一章：必修第二册 第九章 统计,必修第二册 第九章 统计
MATH,0170,165,,,,页头写了章号但库里没有这一章：必修第二册 第九章 统计,必修第二册 第九章 统计
MATH,0171,166,,,,页头写了章号但库里没有这一章：选择性必修第三册 第八章 成对数据的统计分析,选择性必修第三册 第八章 成对数据的统计分析
MATH,0172,167,,,,页头写了章号但库里没有这一章：选择性必修第三册 第八章 成对数据的统计分析,选择性必修第三册 第八章 成对数据的统计分析
MATH,0173,168,,,,页头写了章号但库里没有这一章：选择性必修第三册 第八章 成对数据的统计分析,选择性必修第三册 第八章 成对数据的统计分析
MATH,0174,169,,,,页头写了章号但库里没有这一章：选择性必修第三册 第八章 成对数据的统计分析,选择性必修第三册 第八章 成对数据的统计分析
MATH,0175,170,,,,页头写了章号但库里没有这一章：选择性必修第三册 第八章 成对数据的统计分析,选择性必修第三册 第八章 成对数据的统计分析
PHYSICS,0001-0006,1,,,,页头无「对应人教版」,
PHYSICS,0092,85,,,,页头写了章号但库里没有这一章：选择性必修第一册 第三章 机械波,选择性必修第一册 第三章 机械波
PHYSICS,0093,86,,,,页头写了章号但库里没有这一章：选择性必修第一册 第三章 机械波,选择性必修第一册 第三章 机械波
PHYSICS,0094,87,,,,页头写了章号但库里没有这一章：选择性必修第一册 第三章 机械波,选择性必修第一册 第三章 机械波
PHYSICS,0095,88,,,,页头写了章号但库里没有这一章：选择性必修第一册 第三章 机械波,选择性必修第一册 第三章 机械波
PHYSICS,0104,97,,,,页头写了章号但库里没有这一章：必修第三册 第十章 静电场中的能量,必修第三册 第十章 静电场中的能量
PHYSICS,0105,98,,,,页头写了章号但库里没有这一章：必修第三册 第十章 静电场中的能量,必修第三册 第十章 静电场中的能量
PHYSICS,0106,99,,,,页头写了章号但库里没有这一章：必修第三册 第十章 静电场中的能量,必修第三册 第十章 静电场中的能量
PHYSICS,0107,100,,,,页头写了章号但库里没有这一章：必修第三册 第十章 静电场中的能量,必修第三册 第十章 静电场中的能量
PHYSICS,0108,101,,,,页头写了章号但库里没有这一章：必修第三册 第十章 静电场中的能量,必修第三册 第十章 静电场中的能量
PHYSICS,0109,102,,,,页头写了章号但库里没有这一章：必修第三册 第十章 静电场中的能量,必修第三册 第十章 静电场中的能量
PHYSICS,0110,103,,,,页头写了章号但库里没有这一章：必修第三册 第十章 静电场中的能量,必修第三册 第十章 静电场中的能量
PHYSICS,0111,104,,,,页头写了章号但库里没有这一章：必修第三册 第十章 静电场中的能量,必修第三册 第十章 静电场中的能量
PHYSICS,0112,105,,,,页头写了章号但库里没有这一章：必修第三册 第十章 静电场中的能量,必修第三册 第十章 静电场中的能量
PHYSICS,0113,106,,,,页头写了章号但库里没有这一章：必修第三册 第十章 静电场中的能量,必修第三册 第十章 静电场中的能量
PHYSICS,0114,107,,,,页头写了章号但库里没有这一章：必修第三册 第十章 静电场中的能量,必修第三册 第十章 静电场中的能量
PHYSICS,0115,108,,,,页头写了章号但库里没有这一章：必修第三册 第十章 静电场中的能量,必修第三册 第十章 静电场中的能量
PHYSICS,0116,109,,,,页头写了章号但库里没有这一章：必修第三册 第十章 静电场中的能量（实验：观察电容器的充、放电现象）,必修第三册 第十章 静电场中的能量（实验：观察电容器的充、放电现象）
PHYSICS,0132,125,,,,页头写了章号但库里没有这一章：选择性必修第二册 第一章 安培力与洛伦兹力,选择性必修第二册 第一章 安培力与洛伦兹力
PHYSICS,0133,126,,,,页头写了章号但库里没有这一章：选择性必修第二册 第一章 安培力与洛伦兹力,选择性必修第二册 第一章 安培力与洛伦兹力
PHYSICS,0134,127,,,,页头写了章号但库里没有这一章：选择性必修第二册 第一章 安培力与洛伦兹力,选择性必修第二册 第一章 安培力与洛伦兹力
PHYSICS,0135,128,,,,页头写了章号但库里没有这一章：选择性必修第二册 第一章 安培力与洛伦兹力,选择性必修第二册 第一章 安培力与洛伦兹力
PHYSICS,0136,129,,,,页头写了章号但库里没有这一章：选择性必修第二册 第一章 安培力与洛伦兹力,选择性必修第二册 第一章 安培力与洛伦兹力
PHYSICS,0137,130,,,,页头写了章号但库里没有这一章：选择性必修第二册 第一章 安培力与洛伦兹力,选择性必修第二册 第一章 安培力与洛伦兹力
PHYSICS,0138,131,,,,页头写了章号但库里没有这一章：选择性必修第二册 第一章 安培力与洛伦兹力,选择性必修第二册 第一章 安培力与洛伦兹力
PHYSICS,0139,132,,,,页头写了章号但库里没有这一章：选择性必修第二册 第一章 安培力与洛伦兹力,选择性必修第二册 第一章 安培力与洛伦兹力
PHYSICS,0140,133,,,,页头写了章号但库里没有这一章：选择性必修第二册 第一章 安培力与洛伦兹力,选择性必修第二册 第一章 安培力与洛伦兹力
PHYSICS,0141,134,,,,页头写了章号但库里没有这一章：选择性必修第二册 第一章 安培力与洛伦兹力,选择性必修第二册 第一章 安培力与洛伦兹力
PHYSICS,0142,135,,,,页头写了章号但库里没有这一章：选择性必修第二册 第一章 安培力与洛伦兹力,选择性必修第二册 第一章 安培力与洛伦兹力
PHYSICS,0143,136,,,,页头写了章号但库里没有这一章：选择性必修第二册 第一章 安培力与洛伦兹力,选择性必修第二册 第一章 安培力与洛伦兹力
PHYSICS,0144,137,,,,页头写了章号但库里没有这一章：选择性必修第二册 第一章 安培力与洛伦兹力,选择性必修第二册 第一章 安培力与洛伦兹力
PHYSICS,0145,138,,,,页头写了章号但库里没有这一章：选择性必修第二册 第一章 安培力与洛伦兹力,选择性必修第二册 第一章 安培力与洛伦兹力
PHYSICS,0146,139,,,,页头写了章号但库里没有这一章：选择性必修第二册 第一章 安培力与洛伦兹力,选择性必修第二册 第一章 安培力与洛伦兹力
PHYSICS,0147,140,,,,页头写了章号但库里没有这一章：选择性必修第二册 第一章 安培力与洛伦兹力,选择性必修第二册 第一章 安培力与洛伦兹力
PHYSICS,0148,141,,,,页头写了章号但库里没有这一章：选择性必修第二册 第一章 安培力与洛伦兹力,选择性必修第二册 第一章 安培力与洛伦兹力
PHYSICS,0149,142,,,,页头写了章号但库里没有这一章：选择性必修第二册 第一章 安培力与洛伦兹力,选择性必修第二册 第一章 安培力与洛伦兹力
PHYSICS,0172,165,,,,页头写了章号但库里没有这一章：选择性必修第二册 第四章 电磁振荡与电磁波,选择性必修第二册 第四章 电磁振荡与电磁波
CHEMISTRY,p0001-p0002-front-matter,,,,,页头无「对应人教版」,
CHEMISTRY,0077,,,,,只有册无章：不适用,不适用
CHEMISTRY,0138,135,,,,五三章内归属分歧（2 种）：只有册无章：必修 化学实验基础（常见仪器与基本操作）,必修 化学实验基础（常见仪器与基本操作）
CHEMISTRY,0139,136,,,,五三章内归属分歧（2 种）：只有册无章：必修 化学实验基础（常见仪器与基本操作）,必修 化学实验基础（常见仪器与基本操作）
CHEMISTRY,0140,137,,,,五三章内归属分歧（2 种）：只有册无章：必修 化学实验基础（基本操作与实验安全）,必修 化学实验基础（基本操作与实验安全）
CHEMISTRY,0154,151,,,,五三章内归属分歧（3 种）：只有册无章：选择性必修3 有机化学基础（醚的制备、蒸馏提纯）；选择性必修1 化学反应原理（滴,选择性必修3 有机化学基础（醚的制备、蒸馏提纯）；选择性必修1 化学反应原理（滴定分析与计算）
CHEMISTRY,0157,154,,,,五三章内归属分歧（3 种）：只有册无章：选择性必修1 化学反应原理（滴定分析、氧化还原反应中的电子守恒）,选择性必修1 化学反应原理（滴定分析、氧化还原反应中的电子守恒）
BIOLOGY,0001-0004,,,,,只有册无章：全书目录（五部分 24 章）,全书目录（五部分 24 章）
BIOLOGY,0066,,,,,只有册无章：（无）,（无）
